tweet_id,account_handle,created_at_utc,created_at_local,deleted_at_utc,deleted_at_local,is_deleted,year,full_text,favorite_count,retweet_count,reply_count,quote_count,view_count,is_reply,is_self_thread_reply,reply_to_tweet_id,reply_to_screen_name,quoted_tweet_id,thread_key,thread_root_id,thread_size,char_count,word_count,media_count,archive_source,hashtags,mentions,urls
1543051451374735360,TXTrickWhooper,2022-07-02T01:58:29Z,2022-07-01T20:58:29-05:00,,,False,2022,@MLBTheShow How tf y’all be juicing bronzes to 125 everything but can’t even let diamond Nolan break 100 on any stat but Power Left?,2,0,,,,True,False,1543045381591691264,MLBTheShow,,1543051451374735360,1543051451374735360,1,132,24,0,data/tweets.js,,MLBTheShow,
1544940549056217090,TXTrickWhooper,2022-07-07T07:05:05Z,2022-07-07T02:05:05-05:00,,,False,2022,@MLBTheShow Finally y’all give the man his due respect,0,0,,,,True,False,1544388138461630464,MLBTheShow,,1544940549056217090,1544940549056217090,1,54,9,0,data/tweets.js,,MLBTheShow,
1545295082424762368,TXTrickWhooper,2022-07-08T06:33:52Z,2022-07-08T01:33:52-05:00,,,False,2022,Give us Bartolo or give us death @MLBTheShow #MLBTheShow22 https://t.co/fDTmenF4Uh,1,0,,,,False,False,,,,1545295082424762368,1545295082424762368,1,82,10,1,data/tweets.js,MLBTheShow22,MLBTheShow,
1545299029495631872,TXTrickWhooper,2022-07-08T06:49:33Z,2022-07-08T01:49:33-05:00,,,False,2022,"@MLBTheShow Don’t let ESPN fool you with their false narratives, Shohei is the Modern Day Bartolo not Babe https://t.co/wFYbMb2eO3",0,0,,,,True,False,1544471267650048000,MLBTheShow,,1545299029495631872,1545299029495631872,1,130,19,1,data/tweets.js,,MLBTheShow,
1549571797963743232,TXTrickWhooper,2022-07-20T01:48:00Z,2022-07-19T20:48:00-05:00,,,False,2022,@danielmazor2 @MLBGaming Pulled Soto then Julio back-to-back with my two derby packs. Still shook,1,0,,,,True,False,1549274261902147584,NexusAstonish,,1549571797963743232,1549571797963743232,1,97,14,0,data/tweets.js,,MLBGaming,
1555174189866303495,TXTrickWhooper,2022-08-04T12:49:55Z,2022-08-04T07:49:55-05:00,,,False,2022,@DaddyDimmuTv The “Hit a home run” moments never fail to take me exceedingly more attempts than they should,0,0,,,,True,False,1554939826172043264,DaddyDimmuTv,,1555174189866303495,1555174189866303495,1,107,18,0,data/tweets.js,,DaddyDimmuTv,
1555174494309949440,TXTrickWhooper,2022-08-04T12:51:07Z,2022-08-04T07:51:07-05:00,,,False,2022,@OhChev This might be worse than his Face of the Franchise card,0,0,,,,True,False,1554935605204848642,OhChev,,1555174494309949440,1555174494309949440,1,63,12,0,data/tweets.js,,OhChev,
1557638694756040705,TXTrickWhooper,2022-08-11T08:02:59Z,2022-08-11T03:02:59-05:00,,,False,2022,".@MLBTheShow Give us a Chandler Redmond card in some shape or form or we riot. 5 hits, 4 bombs (in as many innings), and 11 RBIs to hit for the home-run cycle is absurd on any level #MLBTheShow #Baseball #STLCards",1,0,,,,False,False,,,,1557638694756040705,1557638694756040705,1,213,40,0,data/tweets.js,"MLBTheShow,Baseball,STLCards",MLBTheShow,
1557639973649653761,TXTrickWhooper,2022-08-11T08:08:03Z,2022-08-11T03:08:03-05:00,,,False,2022,@MLBTheShow Give us a Chandler Redmond Future Stars card for his homer cycle or don’t even bother rebooting the servers,0,0,,,,True,False,1557542726660280320,MLBTheShow,,1557639973649653761,1557639973649653761,1,119,20,0,data/tweets.js,,MLBTheShow,
1563210572917002241,TXTrickWhooper,2022-08-26T17:03:38Z,2022-08-26T12:03:38-05:00,,,False,2022,@MLBTheShow Boooo we’re loaded out the ass with third base options,0,0,,,,True,False,1563209661901262848,MLBTheShow,,1563210572917002241,1563210572917002241,2,66,11,0,data/tweets.js,,MLBTheShow,
1563210829930983426,TXTrickWhooper,2022-08-26T17:04:39Z,2022-08-26T12:04:39-05:00,,,False,2022,@MLBTheShow Aroldis card is much needed tho,0,0,,,,True,True,1563210572917002241,TXTrickWhooper,,1563210572917002241,1563210572917002241,2,43,7,0,data/tweets.js,,MLBTheShow,
1563214008005509120,TXTrickWhooper,2022-08-26T17:17:17Z,2022-08-26T12:17:17-05:00,,,False,2022,@MuhammadSavvy @MLBTheShow Brah we all stub rich right now SDS been doling em out in dumb amounts,0,0,,,,True,False,1563209747649957888,MuhammadSavvy,,1563214008005509120,1563214008005509120,1,97,17,0,data/tweets.js,,"MuhammadSavvy,MLBTheShow",
1563214988075970561,TXTrickWhooper,2022-08-26T17:21:10Z,2022-08-26T12:21:10-05:00,,,False,2022,@OdubelStan37 @MLBTheShow On God Veteran is this game’s hardest difficulty,0,0,,,,True,False,1563149285109010432,,,1563214988075970561,1563214988075970561,1,74,10,0,data/tweets.js,,MLBTheShow,
1563218612625649664,TXTrickWhooper,2022-08-26T17:35:35Z,2022-08-26T12:35:35-05:00,,,False,2022,@barstoolsports @GottaBelievePod @SaveVidBot,0,0,,,,True,False,1556428021678182413,barstoolsports,,1563218612625649664,1563218612625649664,1,44,3,0,data/tweets.js,,"barstoolsports,GottaBelievePod,SaveVidBot",
1567930351871266819,TXTrickWhooper,2022-09-08T17:38:21Z,2022-09-08T12:38:21-05:00,,,False,2022,@MLBTheShow @ehaase3 @tigers @TigresdeDetroit Nearly thought y’all forgot about supercharging entirely,0,0,,,,True,False,1567924710079602689,MLBTheShow,,1567930351871266819,1567930351871266819,1,102,11,0,data/tweets.js,,"MLBTheShow,ehaase3,tigers,TigresdeDetroit",
1569303850661867522,TXTrickWhooper,2022-09-12T12:36:08Z,2022-09-12T07:36:08-05:00,,,False,2022,Pray for the Bama players today bc Saban is about to play 7 Minutes in Hell with every single damn one till he beats the mechanized excellence back into em #RollTide #HookEm #TexasVsAlabama #football,0,0,,,,False,False,,,,1569303850661867522,1569303850661867522,1,199,34,0,data/tweets.js,"RollTide,HookEm,TexasVsAlabama,football",,
1569545734525173760,TXTrickWhooper,2022-09-13T04:37:18Z,2022-09-12T23:37:18-05:00,,,False,2022,@txforever Similar style yes but Sam has much better intangibles,0,0,,,,True,False,1569369335533293569,TxForever,,1569545734525173760,1569545734525173760,1,64,10,0,data/tweets.js,,TxForever,
1570964938507821057,TXTrickWhooper,2022-09-17T02:36:43Z,2022-09-16T21:36:43-05:00,,,False,2022,698 TO TIE THE GAME UP! How can you not root for this guy?? https://t.co/h9ALkmjKwu,0,0,,,,False,False,,,,1570964938507821057,1570964938507821057,1,83,15,0,data/tweets.js,,,https://x.com/Cardinals/status/1570963097032216576
1573218691655016449,TXTrickWhooper,2022-09-23T07:52:19Z,2022-09-23T02:52:19-05:00,,,False,2022,@barstoolsports Imagine being the guy who walked Albert in his final AB while he was sitting at 699😂 you’d be the most hated player in baseball history,0,0,,,,True,False,1572700962577580032,barstoolsports,,1573218691655016449,1573218691655016449,1,151,27,0,data/tweets.js,,barstoolsports,
1578511949490712577,TXTrickWhooper,2022-10-07T22:25:50Z,2022-10-07T17:25:50-05:00,,,False,2022,"@barstoolsports As a “Best Fan in Baseball,” this shit pissed me off more than anything that happened on the field. Love my cards regardless but damn are these people pathetic",0,0,,,,True,False,1578495921846857729,barstoolsports,,1578511949490712577,1578511949490712577,2,175,30,0,data/tweets.js,,barstoolsports,
1578512787281653762,TXTrickWhooper,2022-10-07T22:29:10Z,2022-10-07T17:29:10-05:00,,,False,2022,@barstoolsports Just downright embarrassing and disrespectful to everything our org is supposed to stand for,0,0,,,,True,True,1578511949490712577,TXTrickWhooper,,1578511949490712577,1578511949490712577,2,108,15,0,data/tweets.js,,barstoolsports,
1595187493095477250,TXTrickWhooper,2022-11-22T22:48:30Z,2022-11-22T16:48:30-06:00,,,False,2022,@DaddyDimmuTv A “sellable” filter that allows you to see which cards are currently available to sell in your inventory for DD. Takes way too much time to sift through it.,0,0,,,,True,False,1594861389356621830,DaddyDimmuTv,,1595187493095477250,1595187493095477250,1,170,30,0,data/tweets.js,,DaddyDimmuTv,
1635932259906625538,TXTrickWhooper,2023-03-15T09:13:39Z,2023-03-15T04:13:39-05:00,,,False,2023,Surprise surprise… tech startups and (specifically) crypto at the center of another financial institution collapse https://t.co/zPkOLNQA0v,0,0,,,,False,False,,,,1635932259906625538,1635932259906625538,1,138,16,1,data/tweets.js,,,
1635934920961933314,TXTrickWhooper,2023-03-15T09:24:14Z,2023-03-15T04:24:14-05:00,,,False,2023,"Nearly like stocks that aren’t backed by a tangible good/service (or a risky one), they become tied to public sentiment and therefore volatile??? Who would’ve guessed",0,0,,,,False,False,,,,1635934920961933314,1635934920961933314,1,166,26,0,data/tweets.js,,,
1667538607270141953,TXTrickWhooper,2023-06-10T14:25:59Z,2023-06-10T09:25:59-05:00,,,False,2023,@MLBTheShow Ivan Melendez prospect card or gtfo please,0,0,,,,True,False,1667222550756364288,MLBTheShow,,1667538607270141953,1667538607270141953,1,54,8,0,data/tweets.js,,MLBTheShow,
1667539023886262274,TXTrickWhooper,2023-06-10T14:27:39Z,2023-06-10T09:27:39-05:00,,,False,2023,@MLBTheShow Make an Ivan Melendez “Hispanic Titanic” incognito card asap please,0,0,,,,True,False,1667239863622705152,MLBTheShow,,1667539023886262274,1667539023886262274,1,79,11,0,data/tweets.js,,MLBTheShow,
1668780033627021313,TXTrickWhooper,2023-06-14T00:38:59Z,2023-06-13T19:38:59-05:00,,,False,2023,@NCAABaseball @StanfordBSB @SaveVidBot,1,0,,,,True,False,1668464664420679680,NCAABaseball,,1668780033627021313,1668780033627021313,1,38,3,0,data/tweets.js,,"NCAABaseball,StanfordBSB,SaveVidBot",
1684706093623029760,TXTrickWhooper,2023-07-27T23:23:27Z,2023-07-27T18:23:27-05:00,,,False,2023,@NoContextHumans Original Warcraft III Frozen Throne slapped,0,0,,,,True,False,1684683623050444800,NoContextHumans,,1684706093623029760,1684706093623029760,1,60,7,0,data/tweets.js,,NoContextHumans,
1707659244240097304,TXTrickWhooper,2023-09-29T07:31:05Z,2023-09-29T02:31:05-05:00,,,False,2023,Gets me every time #ZachBryan @KaceyMusgraves https://t.co/Q0cixqdppO,1,0,,,,False,False,,,,1707659244240097304,1707659244240097304,1,69,7,1,data/tweets.js,ZachBryan,KaceyMusgraves,
1710214205637284175,TXTrickWhooper,2023-10-06T08:43:35Z,2023-10-06T03:43:35-05:00,,,False,2023,@nyporchsport My big takeaway is the Dodgers have no heart. Correa is spot on there; it seems like a franchise cornerstone of those bums in my 28 years of life to have all the talent and no love for the game.,0,0,,,,True,False,1709934463243976882,nyporchsport,,1710214205637284175,1710214205637284175,1,208,41,0,data/tweets.js,,nyporchsport,
1710217049434124755,TXTrickWhooper,2023-10-06T08:54:53Z,2023-10-06T03:54:53-05:00,,,False,2023,"@nyporchsport Stealing signs and respecting the game are not mutually exclusive contrary to popular belief.

It’s commonplace in baseball’s history and part of the game’s uniquely romantic fabric. The rules, much like human nature, are both blurred and beautiful simultaneously.",3,0,,,,True,False,1709934463243976882,nyporchsport,,1710217049434124755,1710217049434124755,1,278,40,0,data/tweets.js,,nyporchsport,
1710257966375371156,TXTrickWhooper,2023-10-06T11:37:28Z,2023-10-06T06:37:28-05:00,,,False,2023,"@fillerodivots @nyporchsport I recommend you read the story of the 1900 Phillies.

It poses what constitutes “crossing the line” in a sport rooted in “Unwritten Rules” that mention no line.

Baseball undeterred allows for creativity and innovation. The “Unwritten Rules” safeguard the game’s intangible soul. https://t.co/kDURfKGD4f",0,0,,,,True,False,1710220726811160709,fillerodivots,,1710257966375371156,1710257966375371156,1,332,46,2,data/tweets.js,,"fillerodivots,nyporchsport",
1710269633909989558,TXTrickWhooper,2023-10-06T12:23:50Z,2023-10-06T07:23:50-05:00,,,False,2023,@uhSpillz @nyporchsport Elaborate?,0,0,,,,True,False,1710262779167285436,,,1710269633909989558,1710269633909989558,1,34,3,0,data/tweets.js,,nyporchsport,
1710666660351213903,TXTrickWhooper,2023-10-07T14:41:29Z,2023-10-07T09:41:29-05:00,,,False,2023,Fuck OU,0,0,,,,False,False,,,,1710666660351213903,1710666660351213903,1,7,2,0,data/tweets.js,,,
1714486944061673851,TXTrickWhooper,2023-10-18T03:41:55Z,2023-10-17T22:41:55-05:00,,,False,2023,@inkedfairyy @nut_history You’re a narc,1,0,,,,True,False,1714449256952598938,,,1714486944061673851,1714486944061673851,1,39,5,0,data/tweets.js,,nut_history,
1714494627405848662,TXTrickWhooper,2023-10-18T04:12:27Z,2023-10-17T23:12:27-05:00,,,False,2023,"@inkedfairyy @nut_history They saved baseball. Albeit the year prior, anyone who has played knows roids alone will not make you good at hitting (also the HGH McGwire took was technically legal in the MLB at the time)",0,0,,,,True,False,1714493028763644408,,,1714494627405848662,1714494627405848662,1,216,37,0,data/tweets.js,,nut_history,
1714537216871911516,TXTrickWhooper,2023-10-18T07:01:41Z,2023-10-18T02:01:41-05:00,,,False,2023,"@inkedfairyy @finsup1725z @nut_history Everything you said is true, but it all relies on the assumption that a person makes contact with the ball. Plus, who cares if it takes away from pure talent? It gives us a better product on the field and athletes will always try to find an edge regardless.",0,0,,,,True,False,1714534357958807717,,,1714537216871911516,1714537216871911516,1,296,52,0,data/tweets.js,,"finsup1725z,nut_history",
1717570237267120193,TXTrickWhooper,2023-10-26T15:53:50Z,2023-10-26T10:53:50-05:00,,,False,2023,"Who are the 5 most talented RBs you’ve seen in your lifetime?

Off the top of my head:
1.) Prime AP @AdrianPeterson
2.) El Tractorcito @KingHenry_2 🚜
3.) Bijan @Bijan5Robinson
4.) @jamaalcharles (especially pre-knee injury freshman year vs. OU)
5.) CJ2K @ChrisJohnson28",0,0,,,,False,False,,,,1717570237267120193,1717570237267120193,2,270,42,0,data/tweets.js,,"AdrianPeterson,KingHenry_2,Bijan5Robinson,jamaalcharles,ChrisJohnson28",
1717570240538644681,TXTrickWhooper,2023-10-26T15:53:50Z,2023-10-26T10:53:50-05:00,,,False,2023,"Others with a case:
- Saquon @saquon
- LT
- CMC (when healthy) @CMC_22

Anyone I missed?",0,0,,,,True,True,1717570237267120193,TXTrickWhooper,,1717570237267120193,1717570237267120193,2,90,17,0,data/tweets.js,,"saquon,CMC_22",
1717573122746917329,TXTrickWhooper,2023-10-26T16:05:18Z,2023-10-26T11:05:18-05:00,,,False,2023,#NewProfilePic https://t.co/pHacfKp8Vy,0,0,,,,False,False,,,,1717573122746917329,1717573122746917329,1,38,2,1,data/tweets.js,NewProfilePic,,
1718130538236588109,TXTrickWhooper,2023-10-28T05:00:16Z,2023-10-28T00:00:16-05:00,,,False,2023,"@MacrodosingPod @TheLieGuy @ConnerHKnapp PFT, as a lifelong Longhorn I was very impressed with the knowledge and acumen of Texas football. Most Horns fans don’t even understand what it takes for a coach to be good at Texas",0,0,,,,True,False,1717392608840868135,MacrodosingPod,,1718130538236588109,1718130538236588109,3,222,37,0,data/tweets.js,,"MacrodosingPod,TheLieGuy,ConnerHKnapp",
1718130689642524822,TXTrickWhooper,2023-10-28T05:00:52Z,2023-10-28T00:00:52-05:00,,,False,2023,@MacrodosingPod @TheLieGuy @ConnerHKnapp Bonus points for the Game of Thrones comp too,0,0,,,,True,True,1718130538236588109,TXTrickWhooper,,1718130538236588109,1718130538236588109,3,86,12,0,data/tweets.js,,"MacrodosingPod,TheLieGuy,ConnerHKnapp",
1718131063510237549,TXTrickWhooper,2023-10-28T05:02:21Z,2023-10-28T00:02:21-05:00,,,False,2023,@MacrodosingPod @TheLieGuy @ConnerHKnapp @PFTCommenter,0,0,,,,True,True,1718130689642524822,TXTrickWhooper,,1718130538236588109,1718130538236588109,3,54,4,0,data/tweets.js,,"MacrodosingPod,TheLieGuy,ConnerHKnapp,PFTCommenter",
1718201795825078339,TXTrickWhooper,2023-10-28T09:43:25Z,2023-10-28T04:43:25-05:00,,,False,2023,"What if Twitter had “On this day” memories with all the dumb shit celebs said when they were 12 and get ousted for 10+ years later

I can imagine it now: “On this day 12 years ago you posted: ‘N*****’”😂",0,0,,,,False,False,,,,1718201795825078339,1718201795825078339,2,202,40,0,data/tweets.js,,,
1718201957528088696,TXTrickWhooper,2023-10-28T09:44:03Z,2023-10-28T04:44:03-05:00,,,False,2023,Would really make a man reflect,0,0,,,,True,True,1718201795825078339,TXTrickWhooper,,1718201795825078339,1718201795825078339,2,31,6,0,data/tweets.js,,,
1718203275059564914,TXTrickWhooper,2023-10-28T09:49:18Z,2023-10-28T04:49:18-05:00,,,False,2023,Can we get a Texas Football Manifesto please? @TexasFootball #MichiganManifesto,0,0,,,,False,False,,,,1718203275059564914,1718203275059564914,1,79,10,0,data/tweets.js,MichiganManifesto,TexasFootball,
1718207000620740916,TXTrickWhooper,2023-10-28T10:04:06Z,2023-10-28T05:04:06-05:00,,,False,2023,@OhChev @MLBTheShow This is tuff,0,0,,,,True,False,1717981420981772292,OhChev,,1718207000620740916,1718207000620740916,1,32,5,0,data/tweets.js,,"OhChev,MLBTheShow",
1718207733856346281,TXTrickWhooper,2023-10-28T10:07:01Z,2023-10-28T05:07:01-05:00,,,False,2023,@TexasFootball @SmvOperator Good luck!! Lived in my apartment and he’s been nothing but humble the times we’ve talked. Go get ‘em killa🤘,0,0,,,,True,False,1717588164695454003,TexasFootball,,1718207733856346281,1718207733856346281,1,136,22,0,data/tweets.js,,"TexasFootball,SmvOperator",
1718273733490565291,TXTrickWhooper,2023-10-28T14:29:16Z,2023-10-28T09:29:16-05:00,,,False,2023,"STOP FORCING SOCCER ON US @espn NOBODY, and I mean, NOBODY in the US who is an avid sports viewer is choosing it over #CollegeGameDay and I know the viewership #’s domestically say so.

So WHY on earth is it always the first recommendation? #sports",0,0,,,,False,False,,,,1718273733490565291,1718273733490565291,1,248,45,0,data/tweets.js,"CollegeGameDay,sports",espn,
1718296491968655725,TXTrickWhooper,2023-10-28T15:59:42Z,2023-10-28T10:59:42-05:00,,,False,2023,"@JMaloneyLiberty @Rangers @RonPaul He also threw out the best first pitch in history arguably following 9/11…

Not to mention is a former OWNER of the Rangers.

Not everything is political broski https://t.co/U1TLHDoimh",0,0,,,,True,False,1718102577248698561,JMaloneyLiberty,,1718296491968655725,1718296491968655725,1,219,32,0,data/tweets.js,,"JMaloneyLiberty,Rangers,RonPaul",https://x.com/MLBNetwork/status/1718035726070079716
1719002319960891451,TXTrickWhooper,2023-10-30T14:44:25Z,2023-10-30T09:44:25-05:00,,,False,2023,@MySportsUpdate Starting to think this man sliding out of the first put him on the Brady path,4,0,,,,True,False,1718962847470788649,MySportsUpdate,,1719002319960891451,1719002319960891451,1,93,17,0,data/tweets.js,,MySportsUpdate,
1721993010970313105,TXTrickWhooper,2023-11-07T20:48:21Z,2023-11-07T14:48:21-06:00,,,False,2023,The Paul Finebaum show can’t be real life #SEC #sports #CFB https://t.co/FRoujz4H9E,1,0,,,,False,False,,,,1721993010970313105,1721993010970313105,3,83,12,1,data/tweets.js,"SEC,sports,CFB",,
1721993014715785534,TXTrickWhooper,2023-11-07T20:48:22Z,2023-11-07T14:48:22-06:00,,,False,2023,Phonemes pheud segment making the Kardashians seem tame,0,0,,,,True,True,1721993010970313105,TXTrickWhooper,,1721993010970313105,1721993010970313105,3,55,8,0,data/tweets.js,,,
1721994274265248027,TXTrickWhooper,2023-11-07T20:53:22Z,2023-11-07T14:53:22-06:00,,,False,2023,Phoner Pheud*,0,0,,,,True,True,1721993014715785534,TXTrickWhooper,,1721993010970313105,1721993010970313105,3,13,2,0,data/tweets.js,,,
1722025016055746922,TXTrickWhooper,2023-11-07T22:55:32Z,2023-11-07T16:55:32-06:00,,,False,2023,Some guy just asked for a $250k loan. These Bama fans are comedy gold https://t.co/BCJLkeaRdd,0,0,,,,False,False,,,,1722025016055746922,1722025016055746922,1,93,15,0,data/tweets.js,,,https://x.com/TXTrickWhooper/status/1721993010970313105
1722026744721313828,TXTrickWhooper,2023-11-07T23:02:24Z,2023-11-07T17:02:24-06:00,,,False,2023,@finebaum @CFBMatrix You need to make a podcast or do a stand-up routine where you simply find the most Bama people possible and just let them go off being themselves,1,0,,,,True,False,1721999257979310472,finebaum,,1722026744721313828,1722026744721313828,1,166,30,0,data/tweets.js,,"finebaum,CFBMatrix",
1722050408049258731,TXTrickWhooper,2023-11-08T00:36:26Z,2023-11-07T18:36:26-06:00,,,False,2023,"@_PrettyBoyKelly No way unless the price is reasonable. Although, I do like the idea of having a veteran QB presence to mentor Levis.",0,0,,,,True,False,1722048461695029623,JobLaneUSA,,1722050408049258731,1722050408049258731,1,133,23,0,data/tweets.js,,,
1722192351060283537,TXTrickWhooper,2023-11-08T10:00:27Z,2023-11-08T04:00:27-06:00,,,False,2023,@CFBONFOX The fact Oregon is somehow the highest ranked one loss squad,1,0,,,,True,False,1721965751454843335,CFBONFOX,,1722192351060283537,1722192351060283537,1,70,12,0,data/tweets.js,,CFBONFOX,
1722195123629613360,TXTrickWhooper,2023-11-08T10:11:28Z,2023-11-08T04:11:28-06:00,,,False,2023,How does this affect Taylor Swift and Travis Kelce’s legacy?😱 https://t.co/2WnCMsS18B,0,0,,,,False,False,,,,1722195123629613360,1722195123629613360,1,85,11,0,data/tweets.js,,,https://www.sanfranchronicle.com/breaking-news-travis-kelce-out-entire-202324-season-with-knee-injury-kxeght
1722202152733659620,TXTrickWhooper,2023-11-08T10:39:24Z,2023-11-08T04:39:24-06:00,,,False,2023,@steflo5 @nut_history Typical Dodgers fan doesn’t even know his own roster,4,1,,,,True,False,1722011019407499751,steflo5,,1722202152733659620,1722202152733659620,1,74,11,0,data/tweets.js,,"steflo5,nut_history",
1722290945666765189,TXTrickWhooper,2023-11-08T16:32:14Z,2023-11-08T10:32:14-06:00,,,False,2023,@CFBONFOX Alabama-Ole Miss would objectively be an awesome first round matchup,0,0,,,,True,False,1722282840434585845,CFBONFOX,,1722290945666765189,1722290945666765189,1,78,11,0,data/tweets.js,,CFBONFOX,
1722312837106680200,TXTrickWhooper,2023-11-08T17:59:14Z,2023-11-08T11:59:14-06:00,,,False,2023,@deadlegends_ Yes. It’s not even close. Those boys were a stable of thoroughbreds.,0,0,,,,True,False,1722023125125116231,BigLeagueDigest,,1722312837106680200,1722312837106680200,1,82,13,0,data/tweets.js,,,
1722317213904904584,TXTrickWhooper,2023-11-08T18:16:37Z,2023-11-08T12:16:37-06:00,,,False,2023,"@CFBONFOX In complete curiosity, as a Longhorn who is 100% biased, why would anyone give Oregon the nod over Texas?

SOS/SOR leans Texas. 1st to beat Bama at home by 10+ under Saban.

A sole last-second loss on neutral turf to rival OU (who sucks, I know).

Am I high, or is everyone else?",0,0,,,,True,False,1721663758815068465,CFBONFOX,,1722317213904904584,1722317213904904584,2,290,54,0,data/tweets.js,,CFBONFOX,
1722317620181868734,TXTrickWhooper,2023-11-08T18:18:14Z,2023-11-08T12:18:14-06:00,,,False,2023,@CFBONFOX #HookEm #CFBPlayoff #sports #CFB #texas #Oregon,0,0,,,,True,True,1722317213904904584,TXTrickWhooper,,1722317213904904584,1722317213904904584,2,57,7,0,data/tweets.js,"HookEm,CFBPlayoff,sports,CFB,texas,Oregon",CFBONFOX,
1722319917909684654,TXTrickWhooper,2023-11-08T18:27:22Z,2023-11-08T12:27:22-06:00,,,False,2023,"I propose y’all the following, as a Longhorn who is 100% biased - why would anyone go Oregon over Texas?

SOS/SOR leans Texas. 1st to beat Bama at home by 10+ under Saban, &amp; eye test says Texas.

One loss on neutral turf to rival OU (who sucks, I know).

Make it all make sense https://t.co/sefO6Sl6sO",0,0,,,,False,False,,,,1722319917909684654,1722319917909684654,1,306,56,0,data/tweets.js,,,https://x.com/CFBONFOX/status/1721663758815068465
1722320586049785912,TXTrickWhooper,2023-11-08T18:30:01Z,2023-11-08T12:30:01-06:00,,,False,2023,"@deadlegends_ I’ll give you four: Bonds, Clemens, McGwire, and Sosa.",0,0,,,,True,False,1721689926792630280,BigLeagueDigest,,1722320586049785912,1722320586049785912,1,68,10,0,data/tweets.js,,,
1722449012354162869,TXTrickWhooper,2023-11-09T03:00:20Z,2023-11-08T21:00:20-06:00,,,False,2023,"@_PrettyBoyKelly And if none or one picks us, we lay the hammer down and show no mercy",0,0,,,,True,False,1722406368848593106,JobLaneUSA,,1722449012354162869,1722449012354162869,1,86,17,0,data/tweets.js,,,
1722449023183802479,TXTrickWhooper,2023-11-09T03:00:23Z,2023-11-08T21:00:23-06:00,,,False,2023,"RT @_PrettyBoyKelly: Typically it’s guaranteed that if the experts pick us we lose, if they pick against us we’ll win. This week it’s a spl…",0,0,,,,False,False,,,,1722449023183802479,1722449023183802479,1,140,25,0,data/tweets.js,,_PrettyBoyKelly,
1722449655856807971,TXTrickWhooper,2023-11-09T03:02:54Z,2023-11-08T21:02:54-06:00,,,False,2023,"@salmanfredi That they were wise enough to move up and take a chance on him early in Round 2. The plan was never to anoint him day one with Tannehill as a proven starter.

This logic makes no sense",2,0,,,,True,False,1722374042299109649,salmanfredi,,1722449655856807971,1722449655856807971,1,197,39,0,data/tweets.js,,salmanfredi,
1722450050108776889,TXTrickWhooper,2023-11-09T03:04:28Z,2023-11-08T21:04:28-06:00,,,False,2023,@DailyLoud Brb starting a fake Onlyfans with an AI generated catfish,0,0,,,,True,False,1722417500237828410,DailyLoud,,1722450050108776889,1722450050108776889,1,68,11,0,data/tweets.js,,DailyLoud,
1722535876046049501,TXTrickWhooper,2023-11-09T08:45:30Z,2023-11-09T02:45:30-06:00,,,False,2023,"@dsharma13sc If you’re counting, oilers, history as well, absolutely not. In Titans history, he 100% slots in at #2 unfortunately",0,0,,,,True,False,1721986410117304323,SharmSports,,1722535876046049501,1722535876046049501,1,129,20,0,data/tweets.js,,,
1722547621351285230,TXTrickWhooper,2023-11-09T09:32:10Z,2023-11-09T03:32:10-06:00,,,False,2023,"RT @WhiskeyRiff: ""Zach Bryan, I think you are one of the hottest things on Earth, not just country music. You deserve this as much as anybo…",0,0,,,,False,False,,,,1722547621351285230,1722547621351285230,1,140,26,0,data/tweets.js,,WhiskeyRiff,
1722549793493295357,TXTrickWhooper,2023-11-09T09:40:48Z,2023-11-09T03:40:48-06:00,,,False,2023,"@zachlanebryan Without pushing each other to all be our best, we all miss out on reaching the true summit of our potential.

Real recognizes real, and real has become a rare breed.

Kudos to both y’all for never sacrificing your soul to sell, and always hoping the best for others.",2,0,,,,True,False,1722468525976043544,zachlanebryan,,1722549793493295357,1722549793493295357,1,281,50,0,data/tweets.js,,zachlanebryan,
1722551687900954841,TXTrickWhooper,2023-11-09T09:48:20Z,2023-11-09T03:48:20-06:00,,,False,2023,I heard of you an hour ago bro and I’m already hooked @dylangossett https://t.co/bl6sFe03o0,0,0,,,,False,False,,,,1722551687900954841,1722551687900954841,1,91,14,1,data/tweets.js,,dylangossett,
1722826231245406534,TXTrickWhooper,2023-11-10T03:59:16Z,2023-11-09T21:59:16-06:00,,,False,2023,"@salmanfredi Austin, TX reporting for duty🫡 born in Memphis and my first NFL game was the Tennessee Oilers at the Liberty Bowl",1,0,,,,True,False,1722746443927052747,salmanfredi,,1722826231245406534,1722826231245406534,1,126,22,0,data/tweets.js,,salmanfredi,
1723202077621371353,TXTrickWhooper,2023-11-11T04:52:45Z,2023-11-10T22:52:45-06:00,,,False,2023,"Parents overheard me listening to @zachlanebryan upstairs. I walk down, and they immediately ask, “Who were you listening to?”

They’ve hated new music since Earth, Wind, &amp; Fire, but even they’re hooked😂",0,0,,,,False,False,,,,1723202077621371353,1723202077621371353,2,207,32,0,data/tweets.js,,zachlanebryan,
1723202422900691442,TXTrickWhooper,2023-11-11T04:54:07Z,2023-11-10T22:54:07-06:00,,,False,2023,#country #music #ZachBryan #funny,1,0,,,,True,True,1723202077621371353,TXTrickWhooper,,1723202077621371353,1723202077621371353,2,33,4,0,data/tweets.js,"country,music,ZachBryan,funny",,
1723317286319136837,TXTrickWhooper,2023-11-11T12:30:33Z,2023-11-11T06:30:33-06:00,,,False,2023,@zachlanebryan Especially season 1,1,0,,,,True,False,1723210774041026808,zachlanebryan,,1723317286319136837,1723317286319136837,1,34,4,0,data/tweets.js,,zachlanebryan,
1723317803074064871,TXTrickWhooper,2023-11-11T12:32:36Z,2023-11-11T06:32:36-06:00,,,False,2023,"@Hixify_ Steve McNair and Warren Moon are the only two up for debate in my opinion. Tannehill took us far and had a good run, but it was short and he was never the focal point of the offense",0,0,,,,True,False,1723082215200796728,KoltonHix,,1723317803074064871,1723317803074064871,1,190,39,0,data/tweets.js,,,
1724791533046784267,TXTrickWhooper,2023-11-15T14:08:41Z,2023-11-15T08:08:41-06:00,,,False,2023,@AtoZSports @eastonfreeze If we fire Vrabes I walk,0,0,,,,True,False,1724445369365311505,AtoZSports,,1724791533046784267,1724791533046784267,1,50,8,0,data/tweets.js,,"AtoZSports,eastonfreeze",
1724795392158736650,TXTrickWhooper,2023-11-15T14:24:01Z,2023-11-15T08:24:01-06:00,,,False,2023,RT @PFTCommenter: Unfinished business https://t.co/GueMBr8ELD,0,0,,,,False,False,,,,1724795392158736650,1724795392158736650,1,61,5,0,data/tweets.js,,PFTCommenter,
1724796204385751455,TXTrickWhooper,2023-11-15T14:27:14Z,2023-11-15T08:27:14-06:00,,,False,2023,@stephenasmith LeBron vs MJ,0,0,,,,True,False,1724771380472819923,stephenasmith,,1724796204385751455,1724796204385751455,1,27,4,0,data/tweets.js,,stephenasmith,
1724797406343266657,TXTrickWhooper,2023-11-15T14:32:01Z,2023-11-15T08:32:01-06:00,,,False,2023,@stephenasmith The LeBron vs MJ debates about to be off the chain,0,0,,,,True,False,1724793923091234843,stephenasmith,,1724797406343266657,1724797406343266657,1,65,12,0,data/tweets.js,,stephenasmith,
1724797724636393522,TXTrickWhooper,2023-11-15T14:33:17Z,2023-11-15T08:33:17-06:00,,,False,2023,RT @AB84: Draymond Green is Antonio Brown.,0,0,,,,False,False,,,,1724797724636393522,1724797724636393522,1,42,7,0,data/tweets.js,,AB84,
1724797772006822139,TXTrickWhooper,2023-11-15T14:33:28Z,2023-11-15T08:33:28-06:00,,,False,2023,@AB84 But more punchable,1,0,,,,True,False,1724797627387249092,AB84,,1724797772006822139,1724797772006822139,1,24,4,0,data/tweets.js,,AB84,
1724798123187617904,TXTrickWhooper,2023-11-15T14:34:52Z,2023-11-15T08:34:52-06:00,,,False,2023,@AB84 Can we all agree Draymond looks like Donkey from Shrek?,2,0,,,,True,False,1724797627387249092,AB84,,1724798123187617904,1724798123187617904,1,61,11,0,data/tweets.js,,AB84,
1724798946839830812,TXTrickWhooper,2023-11-15T14:38:08Z,2023-11-15T08:38:08-06:00,,,False,2023,@AB84 AB about to go off I sense it,0,0,,,,True,False,1724798067755594216,AB84,,1724798946839830812,1724798946839830812,1,35,9,0,data/tweets.js,,AB84,
1724882435844825565,TXTrickWhooper,2023-11-15T20:09:54Z,2023-11-15T14:09:54-06:00,,,False,2023,@stephenasmith I’d love to hear a deep dive into the upcoming college baseball season,0,0,,,,True,False,1724877844973584865,stephenasmith,,1724882435844825565,1724882435844825565,1,85,14,0,data/tweets.js,,stephenasmith,
1725143623283478781,TXTrickWhooper,2023-11-16T13:27:46Z,2023-11-16T07:27:46-06:00,,,False,2023,"@RussNormandin @DailyLoud Many of which are fentanyl-related for you. Also, just because they are young athletes doesn’t mean they’re healthy. In a lot of cases elite athletes are taking supplements, pre-workouts, or even HGH which put stress on the heart and other organs to gain an edge within the rules.",3,0,,,,True,False,1725131895048921453,HLYWOOD99,,1725143623283478781,1725143623283478781,1,306,50,0,data/tweets.js,,DailyLoud,
1725145482744172588,TXTrickWhooper,2023-11-16T13:35:09Z,2023-11-16T07:35:09-06:00,,,False,2023,"@RealWayneRoot Fentanyl didn’t exist most of your lifetime, brother. Before we overreact too much, for all we know it’s just as likely that until more info comes out.",0,0,,,,True,False,1724678993147056495,RealWayneRoot,,1725145482744172588,1725145482744172588,1,166,28,0,data/tweets.js,,RealWayneRoot,
1725405859629441272,TXTrickWhooper,2023-11-17T06:49:48Z,2023-11-17T00:49:48-06:00,,,False,2023,@JeffPassan You could see the dust through the tv screen in the old stadium. Not the most desirable look to attract tourists,0,0,,,,True,False,1725234980274467142,JeffPassan,,1725405859629441272,1725405859629441272,1,124,22,0,data/tweets.js,,JeffPassan,
1726054510219395091,TXTrickWhooper,2023-11-19T01:47:18Z,2023-11-18T19:47:18-06:00,,,False,2023,@PicturesFoIder Hell no,0,0,,,,True,False,1725945913762549880,PicturesFoIder,,1726054510219395091,1726054510219395091,1,23,3,0,data/tweets.js,,PicturesFoIder,
1727104136586338439,TXTrickWhooper,2023-11-21T23:18:08Z,2023-11-21T17:18:08-06:00,,,False,2023,"@nut_history No doubt Clemente:

https://t.co/GWyAYIJOwy",0,0,,,,True,False,1727059564875706503,nut_history,,1727104136586338439,1727104136586338439,1,56,5,1,data/tweets.js,,nut_history,
1727104396839035258,TXTrickWhooper,2023-11-21T23:19:10Z,2023-11-21T17:19:10-06:00,,,False,2023,No question Clemente: https://t.co/GWyAYIKmm6 https://t.co/DyKVznNiPg,0,0,,,,False,False,,,,1727104396839035258,1727104396839035258,1,69,5,1,data/tweets.js,,,https://x.com/nut_history/status/1727059564875706503
1727206348834938995,TXTrickWhooper,2023-11-22T06:04:18Z,2023-11-22T00:04:18-06:00,,,False,2023,"@zachlanebryan I can’t believe I’m saying this, but you might need to slow down on the hits. You pump em out faster than I can listen",1,0,,,,True,False,1727204173534347672,zachlanebryan,,1727206348834938995,1727206348834938995,1,133,26,0,data/tweets.js,,zachlanebryan,
1727206591483834466,TXTrickWhooper,2023-11-22T06:05:16Z,2023-11-22T00:05:16-06:00,,,False,2023,@LoganMull1 @zachlanebryan I second this,0,0,,,,True,False,1727204397556641952,LoganMull1,,1727206591483834466,1727206591483834466,1,40,5,0,data/tweets.js,,"LoganMull1,zachlanebryan",
1727314032175329577,TXTrickWhooper,2023-11-22T13:12:11Z,2023-11-22T07:12:11-06:00,,,False,2023,RT @kyleumlang: This is the last Thanksgiving we have to go without the Texas vs. Texas A&amp;M Rivalry game and that’s what I’m most thankful…,0,0,,,,False,False,,,,1727314032175329577,1727314032175329577,1,143,25,0,data/tweets.js,,kyleumlang,
1728455096688677124,TXTrickWhooper,2023-11-25T16:46:22Z,2023-11-25T10:46:22-06:00,,,False,2023,@AB84 You need to try psychedelic CTE treatment AB,0,0,,,,True,False,1728116188155199772,AB84,,1728455096688677124,1728455096688677124,1,50,9,0,data/tweets.js,,AB84,
1728513626032451882,TXTrickWhooper,2023-11-25T20:38:57Z,2023-11-25T14:38:57-06:00,,,False,2023,@D_cannasandoval Agreed. Unless someone is diagnosed with schizophrenia then it fucks you,0,0,,,,True,False,1728511554382160266,,,1728513626032451882,1728513626032451882,2,89,12,0,data/tweets.js,,,
1728513718403666272,TXTrickWhooper,2023-11-25T20:39:19Z,2023-11-25T14:39:19-06:00,,,False,2023,@D_cannasandoval Which could very well be the case with AB,0,0,,,,True,True,1728513626032451882,TXTrickWhooper,,1728513626032451882,1728513626032451882,2,58,10,0,data/tweets.js,,,
1731488701912433079,TXTrickWhooper,2023-12-04T01:40:50Z,2023-12-03T19:40:50-06:00,,,False,2023,@FSUmollz @BigGameBoomer The SEC is slowly relegating every other conference to D2,0,0,,,,True,False,1731486415907705315,FSUmollz,,1731488701912433079,1731488701912433079,1,82,12,0,data/tweets.js,,"FSUmollz,BigGameBoomer",
1731489992587808819,TXTrickWhooper,2023-12-04T01:45:58Z,2023-12-03T19:45:58-06:00,,,False,2023,My Longhorn for the Longhorns could slice through the Iron Curtain currently #sports #CFB,0,0,,,,False,False,,,,1731489992587808819,1731489992587808819,1,89,14,0,data/tweets.js,"sports,CFB",,
1731547421769892329,TXTrickWhooper,2023-12-04T05:34:10Z,2023-12-03T23:34:10-06:00,,,False,2023,@chris94johnson 📠,0,0,,,,True,False,1731529567746114045,chris94johnson,,1731547421769892329,1731547421769892329,1,17,2,0,data/tweets.js,,chris94johnson,
1731626517476585582,TXTrickWhooper,2023-12-04T10:48:28Z,2023-12-04T04:48:28-06:00,,,False,2023,Honestly iconic https://t.co/tgeGtZDNfh,0,0,,,,False,False,,,,1731626517476585582,1731626517476585582,1,39,3,1,data/tweets.js,,,
1731632611439628621,TXTrickWhooper,2023-12-04T11:12:41Z,2023-12-04T05:12:41-06:00,,,False,2023,Anyone else ever noticed how bar glass rinsers are just bidets for cups? #StonedAtTheBar https://t.co/5jrTqkHBE1,0,0,,,,False,False,,,,1731632611439628621,1731632611439628621,1,112,15,1,data/tweets.js,StonedAtTheBar,,
1731672619433218210,TXTrickWhooper,2023-12-04T13:51:40Z,2023-12-04T07:51:40-06:00,,,False,2023,"@kdb_peak @NolesAreByke @FSUmollz @BigGameBoomer I'm just happy my Horns got in. Big fan of Norvell and what he’s doing in Tally though, been on him since he was at Memphis. FSU will be back",0,0,,,,True,False,1731500499814240272,kdb_peak,,1731672619433218210,1731672619433218210,1,190,34,0,data/tweets.js,,"kdb_peak,NolesAreByke,FSUmollz,BigGameBoomer",
1731672906332012719,TXTrickWhooper,2023-12-04T13:52:48Z,2023-12-04T07:52:48-06:00,,,False,2023,@FSUmollz The emojis just hit harder,0,0,,,,True,False,1731515469058728175,FSUmollz,,1731672906332012719,1731672906332012719,1,36,6,0,data/tweets.js,,FSUmollz,
1731677046873493587,TXTrickWhooper,2023-12-04T14:09:15Z,2023-12-04T08:09:15-06:00,,,False,2023,@Jatavionsanders King Clown,1,0,,,,True,False,1731089273296679363,Jatavionsanders,,1731677046873493587,1731677046873493587,1,27,3,0,data/tweets.js,,Jatavionsanders,
1731773435888406593,TXTrickWhooper,2023-12-04T20:32:16Z,2023-12-04T14:32:16-06:00,,,False,2023,"@finebaum Elated, thanks for asking Paul",0,0,,,,True,False,1731759284118024656,finebaum,,1731773435888406593,1731773435888406593,1,40,6,0,data/tweets.js,,finebaum,
1731790615166239194,TXTrickWhooper,2023-12-04T21:40:32Z,2023-12-04T15:40:32-06:00,,,False,2023,@FSUmollz FSU fans going to war against the #CFBPlayoff committee like: https://t.co/OsnpDoRsBK,3,1,,,,True,False,1731732496251814329,FSUmollz,,1731790615166239194,1731790615166239194,1,95,12,1,data/tweets.js,CFBPlayoff,FSUmollz,
1731797404679119229,TXTrickWhooper,2023-12-04T22:07:31Z,2023-12-04T16:07:31-06:00,,,False,2023,@FSUmollz Noles Twitter turning into Normandy the way y’all storming these haters,1,0,,,,True,False,1731791063851905372,FSUmollz,,1731797404679119229,1731797404679119229,1,81,12,0,data/tweets.js,,FSUmollz,
1731801962151092299,TXTrickWhooper,2023-12-04T22:25:37Z,2023-12-04T16:25:37-06:00,,,False,2023,@snkrfreaks23 @kyleumlang @OldTakesExposed,0,0,,,,True,False,1729342159793340844,snkrfreaks23,,1731801962151092299,1731801962151092299,1,42,3,0,data/tweets.js,,"snkrfreaks23,kyleumlang,OldTakesExposed",
1731830181847842960,TXTrickWhooper,2023-12-05T00:17:45Z,2023-12-04T18:17:45-06:00,,,False,2023,@AB84 https://t.co/1946NJEH86,0,0,,,,True,False,1731825334826262960,AB84,,1731830181847842960,1731830181847842960,1,29,2,1,data/tweets.js,,AB84,
1731844115879321851,TXTrickWhooper,2023-12-05T01:13:07Z,2023-12-04T19:13:07-06:00,,,False,2023,@FSUmollz SMU got better treatment on the Death Penalty,1,0,,,,True,False,1731831042959634646,FSUmollz,,1731844115879321851,1731844115879321851,1,55,9,0,data/tweets.js,,FSUmollz,
1731903542955270287,TXTrickWhooper,2023-12-05T05:09:16Z,2023-12-04T23:09:16-06:00,,,False,2023,@DailyLoud Who. Cares.,0,0,,,,True,False,1731847098205712887,DailyLoud,,1731903542955270287,1731903542955270287,1,22,3,0,data/tweets.js,,DailyLoud,
1731955947486990794,TXTrickWhooper,2023-12-05T08:37:30Z,2023-12-05T02:37:30-06:00,,,False,2023,@BigGameBoomer I’m sure the Colorado School of Mines would be thrilled,0,0,,,,True,False,1731818041560768568,BigGameBoomer,,1731955947486990794,1731955947486990794,1,70,11,0,data/tweets.js,,BigGameBoomer,
1731959571311185947,TXTrickWhooper,2023-12-05T08:51:54Z,2023-12-05T02:51:54-06:00,,,False,2023,Instagram’s friend suggestion algorithm is quite honestly pitiful,0,0,,,,False,False,,,,1731959571311185947,1731959571311185947,1,65,8,0,data/tweets.js,,,
1731964628786102495,TXTrickWhooper,2023-12-05T09:12:00Z,2023-12-05T03:12:00-06:00,,,False,2023,I will never understand why people allow  exterior factors affect their emotions or self-worth (unless sports related ofc),0,0,,,,False,False,,,,1731964628786102495,1731964628786102495,1,122,18,0,data/tweets.js,,,
1731964803743101287,TXTrickWhooper,2023-12-05T09:12:42Z,2023-12-05T03:12:42-06:00,,,False,2023,@BrandonNbminc Brother we went 2-14 once upon a time,0,0,,,,True,False,1731412052869026282,BrandonNbminc,,1731964803743101287,1731964803743101287,1,52,9,0,data/tweets.js,,BrandonNbminc,
1731966436212453689,TXTrickWhooper,2023-12-05T09:19:11Z,2023-12-05T03:19:11-06:00,,,False,2023,@iamtylerparham @MFox1214 @BrandonNbminc Anyone who has watched a Wisenhunt or Mularkey team play understands you are spitting borderline troll-level takes right now,1,0,,,,True,False,1731433035118076305,hubba2k,,1731966436212453689,1731966436212453689,1,165,22,0,data/tweets.js,,"MFox1214,BrandonNbminc",
1731967723834339508,TXTrickWhooper,2023-12-05T09:24:18Z,2023-12-05T03:24:18-06:00,,,False,2023,@PFTCommenter Bummer that person is obstructing an impeccable view in the background,0,0,,,,True,False,1731879489024532816,PFTCommenter,,1731967723834339508,1731967723834339508,1,84,12,0,data/tweets.js,,PFTCommenter,
1731968751409529326,TXTrickWhooper,2023-12-05T09:28:23Z,2023-12-05T03:28:23-06:00,,,False,2023,@DailyLoud Every time this account appears on my timeline I lose another brain cell,0,0,,,,True,False,1731613575452541359,DailyLoud,,1731968751409529326,1731968751409529326,1,83,14,0,data/tweets.js,,DailyLoud,
1732070673890046318,TXTrickWhooper,2023-12-05T16:13:23Z,2023-12-05T10:13:23-06:00,,,False,2023,@DaddyDimmuTv I would opt for a D/ST to stash for playoffs if you’ve clinched or maybe a backup QB? Idk man that wire is barren is hell you couldn’t pay me to take a flier,0,0,,,,True,False,1732061120016286066,DaddyDimmuTv,,1732070673890046318,1732070673890046318,1,171,35,0,data/tweets.js,,DaddyDimmuTv,
1732071014761132246,TXTrickWhooper,2023-12-05T16:14:44Z,2023-12-05T10:14:44-06:00,,,False,2023,@BigOrangePunch These ugly as hell,0,0,,,,True,False,1731763769867428123,BigOrangePunch,,1732071014761132246,1732071014761132246,1,34,5,0,data/tweets.js,,BigOrangePunch,
1732084832908263905,TXTrickWhooper,2023-12-05T17:09:39Z,2023-12-05T11:09:39-06:00,,,False,2023,@MLBTheShow Oh boy another Hal Newhouser card which everyone absolutely hates,0,0,,,,True,False,1732082411679121884,MLBTheShow,,1732084832908263905,1732084832908263905,1,77,11,0,data/tweets.js,,MLBTheShow,
1732441165251691010,TXTrickWhooper,2023-12-06T16:45:35Z,2023-12-06T10:45:35-06:00,,,False,2023,@ayeejuju Check out Savant's bruh. Autism has basically made them Homelander in very specific skills and/or interests lmao,0,0,,,,True,False,1731849801778819388,ayeejuju,,1732441165251691010,1732441165251691010,1,122,18,0,data/tweets.js,,ayeejuju,
1732627505440305562,TXTrickWhooper,2023-12-07T05:06:02Z,2023-12-06T23:06:02-06:00,,,False,2023,The Texas Hill Country is God’s Land,0,0,,,,False,False,,,,1732627505440305562,1732627505440305562,1,36,7,0,data/tweets.js,,,
1733251042727412020,TXTrickWhooper,2023-12-08T22:23:45Z,2023-12-08T16:23:45-06:00,,,False,2023,Our outdoor cat thinks she’s Mufasa from The Lion King gazing down upon her kingdom #KittyTwitter #animals #cute #TheLionQueen https://t.co/FKGckSXOmk,0,0,,,,False,False,,,,1733251042727412020,1733251042727412020,1,150,20,1,data/tweets.js,"KittyTwitter,animals,cute,TheLionQueen",,
1735107294512255153,TXTrickWhooper,2023-12-14T01:19:50Z,2023-12-13T19:19:50-06:00,,,False,2023,@nut_history Absolutely positively 110% yes. He changed the game. Roids don’t make you a good hitter,0,0,,,,True,False,1734998399953285299,nut_history,,1735107294512255153,1735107294512255153,1,100,16,0,data/tweets.js,,nut_history,
1740041209685655678,TXTrickWhooper,2023-12-27T16:05:27Z,2023-12-27T10:05:27-06:00,,,False,2023,@OccupyLF Liuzza’s,1,0,,,,True,False,1740014165119451533,OccupyLF,,1740041209685655678,1740041209685655678,1,18,2,0,data/tweets.js,,OccupyLF,
1741278228650639643,TXTrickWhooper,2023-12-31T02:00:55Z,2023-12-30T20:00:55-06:00,,,False,2023,"I’m a #Titans (Tits) fan till I die don’t get me wrong, but I absolutely despise 90% of our fan bases’ takes on this app",0,0,,,,False,False,,,,1741278228650639643,1741278228650639643,2,120,25,0,data/tweets.js,Titans,,
1741278230743515466,TXTrickWhooper,2023-12-31T02:00:56Z,2023-12-30T20:00:56-06:00,,,False,2023,All them casuals be coming out,0,0,,,,True,True,1741278228650639643,TXTrickWhooper,,1741278228650639643,1741278228650639643,2,30,6,0,data/tweets.js,,,
1741331034820530280,TXTrickWhooper,2023-12-31T05:30:45Z,2023-12-30T23:30:45-06:00,,,False,2023,I can’t believe I just finished God of War Ragnarok after all this time but sweet mother of Jesus is it a classic,0,0,,,,False,False,,,,1741331034820530280,1741331034820530280,1,113,23,0,data/tweets.js,,,
1741703583370768821,TXTrickWhooper,2024-01-01T06:11:08Z,2024-01-01T00:11:08-06:00,,,False,2024,The first poop on the New Year just hits different #NYE,0,0,,,,False,False,,,,1741703583370768821,1741703583370768821,1,55,11,0,data/tweets.js,NYE,,
1743361477581430936,TXTrickWhooper,2024-01-05T19:59:01Z,2024-01-05T13:59:01-06:00,,,False,2024,@nut_history Pujols ending Lidge’s career https://t.co/XKg0US7q13,0,0,,,,True,False,1743346995027198037,nut_history,,1743361477581430936,1743361477581430936,1,65,6,1,data/tweets.js,,nut_history,
1744370620685557854,TXTrickWhooper,2024-01-08T14:48:59Z,2024-01-08T08:48:59-06:00,,,False,2024,"RT @NFL: ""@Titans fans... Thank you for the greatest 8 years of my life."" 👑💙 @KingHenry_2 https://t.co/3CpEHq4PiC",0,0,,,,False,False,,,,1744370620685557854,1744370620685557854,1,113,17,1,data/tweets.js,,"NFL,Titans,KingHenry_2",
1744438825143705985,TXTrickWhooper,2024-01-08T19:20:00Z,2024-01-08T13:20:00-06:00,,,False,2024,@BigGameBoomer Michael Penix,0,0,,,,True,False,1744437591577972869,BigGameBoomer,,1744438825143705985,1744438825143705985,1,28,3,0,data/tweets.js,,BigGameBoomer,
1744554661703774678,TXTrickWhooper,2024-01-09T03:00:18Z,2024-01-08T21:00:18-06:00,,,False,2024,@ShamsCharania Shoot me now,0,0,,,,True,False,1744553550234206614,ShamsCharania,,1744554661703774678,1744554661703774678,1,27,4,0,data/tweets.js,,ShamsCharania,
1751961515748429938,TXTrickWhooper,2024-01-29T13:32:29Z,2024-01-29T07:32:29-06:00,,,False,2024,@stephenasmith Hypothetically do you think dragons could’ve been real (and possibly a certain species of dino or the such)?,0,0,,,,True,False,1751958630616715650,stephenasmith,,1751961515748429938,1751961515748429938,1,123,19,0,data/tweets.js,,stephenasmith,
1751964475140280797,TXTrickWhooper,2024-01-29T13:44:15Z,2024-01-29T07:44:15-06:00,,,False,2024,@AB84 CTAB!,0,0,,,,True,False,1751714480382206320,AB84,,1751964475140280797,1751964475140280797,1,11,2,0,data/tweets.js,,AB84,
1763641361272602828,TXTrickWhooper,2024-03-01T19:04:02Z,2024-03-01T13:04:02-06:00,,,False,2024,This generation has no appreciation for artistic genius @YoungDolph #RIPKing https://t.co/mhxbj0FlwE,0,0,,,,False,False,,,,1763641361272602828,1763641361272602828,1,100,11,1,data/tweets.js,RIPKing,YoungDolph,
1765451134812991837,TXTrickWhooper,2024-03-06T18:55:25Z,2024-03-06T12:55:25-06:00,,,False,2024,"@CFBRep My brother is old school and I love it. I don’t mind players getting paid but that shouldn’t, and never has been, the reason most of us began playing sports",0,0,,,,True,False,1765439581560725817,CFBReport,,1765451134812991837,1765451134812991837,1,164,31,0,data/tweets.js,,,
1766303996594036813,TXTrickWhooper,2024-03-09T03:24:23Z,2024-03-08T21:24:23-06:00,,,False,2024,"RT @JNucci23: Guy behind me on the plane ordered a “straight tequila” (at 7:17am).

His wife immediately asked him what he’s doing

He jus…",0,0,,,,False,False,,,,1766303996594036813,1766303996594036813,1,140,24,0,data/tweets.js,,JNucci23,
1766408581287391318,TXTrickWhooper,2024-03-09T10:19:58Z,2024-03-09T04:19:58-06:00,,,False,2024,RT @tobinjstone: You can get the same view at a coffee shop in Memphis https://t.co/iwKjS0n93z,0,0,,,,False,False,,,,1766408581287391318,1766408581287391318,1,94,15,0,data/tweets.js,,tobinjstone,
1766408706156069080,TXTrickWhooper,2024-03-09T10:20:28Z,2024-03-09T04:20:28-06:00,,,False,2024,@tobinjstone This post is immaculate,1,0,,,,True,False,1766223756995735754,tobinjstone,,1766408706156069080,1766408706156069080,1,36,5,0,data/tweets.js,,tobinjstone,
1767317955153445053,TXTrickWhooper,2024-03-11T22:33:30Z,2024-03-11T17:33:30-05:00,,,False,2024,@allnick You ugly,0,0,,,,True,False,1766899864439337380,chooserich,,1767317955153445053,1767317955153445053,1,17,3,0,data/tweets.js,,allnick,
1767318818345435596,TXTrickWhooper,2024-03-11T22:36:56Z,2024-03-11T17:36:56-05:00,,,False,2024,RT @Leonard73714140: Lizzo’s dress was previously worn by Wrigley Field during a rain delay. https://t.co/lXHCesuPH4,0,0,,,,False,False,,,,1767318818345435596,1767318818345435596,1,116,15,1,data/tweets.js,,Leonard73714140,
1770768567874507187,TXTrickWhooper,2024-03-21T11:05:00Z,2024-03-21T06:05:00-05:00,,,False,2024,Ladies who expect a man to support their life + needs + wants from the second y’all begin talking are wildin’,0,0,,,,False,False,,,,1770768567874507187,1770768567874507187,2,109,21,0,data/tweets.js,,,
1770768630298374646,TXTrickWhooper,2024-03-21T11:05:15Z,2024-03-21T06:05:15-05:00,,,False,2024,#HellNahHoe,0,0,,,,True,True,1770768567874507187,TXTrickWhooper,,1770768567874507187,1770768567874507187,2,11,1,0,data/tweets.js,HellNahHoe,,
1771599793619349966,TXTrickWhooper,2024-03-23T18:08:00Z,2024-03-23T13:08:00-05:00,,,False,2024,@LeCap623 @BleacherReport The resemblance is uncanny https://t.co/oPahVBvRVr,0,0,,,,True,False,1771359379771539686,LeCap623,,1771599793619349966,1771599793619349966,1,76,7,1,data/tweets.js,,"LeCap623,BleacherReport",
1771600056782577849,TXTrickWhooper,2024-03-23T18:09:02Z,2024-03-23T13:09:02-05:00,,,False,2024,@TechPalsTalk @BleacherReport Female Kenny Lofton Jr. (aka former G-League MVP),1,0,,,,True,False,1771360083445694848,TechPalsTalk,,1771600056782577849,1771600056782577849,1,79,10,0,data/tweets.js,,"TechPalsTalk,BleacherReport",
1776201210883711193,TXTrickWhooper,2024-04-05T10:52:23Z,2024-04-05T05:52:23-05:00,,,False,2024,@barstoolsports @Billyhottakes @MacrodosingPod Shocked and impressed by big Billy Cooter’s eloquence here,0,0,,,,True,False,1775981007990137032,barstoolsports,,1776201210883711193,1776201210883711193,1,105,12,0,data/tweets.js,,"barstoolsports,Billyhottakes,MacrodosingPod",
1776235993726656620,TXTrickWhooper,2024-04-05T13:10:36Z,2024-04-05T08:10:36-05:00,,,False,2024,@LaurenWitzkeDE As someone who sits middle-right politically it seemed like a fairly reasonable response to me. Especially considering (I’d assume) a lot of his constituents lean left as nearly all urban centers do,1,0,,,,True,False,1776100082850656499,LaurenWitzkeDE,,1776235993726656620,1776235993726656620,1,214,33,0,data/tweets.js,,LaurenWitzkeDE,
1776519580548030557,TXTrickWhooper,2024-04-06T07:57:28Z,2024-04-06T02:57:28-05:00,,,False,2024,@BaseballQuotes1 Chris Carpenter,0,0,,,,True,False,1776363935899242768,BaseballQuotes1,,1776519580548030557,1776519580548030557,1,32,3,0,data/tweets.js,,BaseballQuotes1,
1776562390378717389,TXTrickWhooper,2024-04-06T10:47:35Z,2024-04-06T05:47:35-05:00,,,False,2024,@yuris Mine went from 20/40 pre-surgery to 20/12 afterwards. Wish I had it back when I played baseball😕,0,0,,,,True,False,1776252862861136247,yuris,,1776562390378717389,1776562390378717389,1,103,18,0,data/tweets.js,,yuris,
1776728114988503075,TXTrickWhooper,2024-04-06T21:46:07Z,2024-04-06T16:46:07-05:00,,,False,2024,@BigGameBoomer You’re obviously not a fan of the long ball. Chicks don’t dig that,0,0,,,,True,False,1776719322531950632,BigGameBoomer,,1776728114988503075,1776728114988503075,1,81,14,0,data/tweets.js,,BigGameBoomer,
1776879777099489480,TXTrickWhooper,2024-04-07T07:48:46Z,2024-04-07T02:48:46-05:00,,,False,2024,Cracker on cracker violence call it crackception inception @AB84 @CtespnN #CTESPN https://t.co/9b8T9aN4aJ,0,0,,,,False,False,,,,1776879777099489480,1776879777099489480,1,105,12,1,data/tweets.js,CTESPN,"AB84,CtespnN",
1777695047997071669,TXTrickWhooper,2024-04-09T13:48:22Z,2024-04-09T08:48:22-05:00,,,False,2024,RT @EEvisu: Put this next to the Mona Lisa https://t.co/dp0atjdorQ,0,0,,,,False,False,,,,1777695047997071669,1777695047997071669,1,66,10,1,data/tweets.js,,EEvisu,
1777699772972794336,TXTrickWhooper,2024-04-09T14:07:08Z,2024-04-09T09:07:08-05:00,,,False,2024,@BBGreatMoments People forget about the great Ozzie Smith https://t.co/0NlrH8Fp39,0,0,,,,True,False,1777154394296913931,BBGreatMoments,,1777699772972794336,1777699772972794336,1,81,9,1,data/tweets.js,,BBGreatMoments,
1777701723676577807,TXTrickWhooper,2024-04-09T14:14:53Z,2024-04-09T09:14:53-05:00,,,False,2024,@senor_andy @GoodReddit This made my day,0,0,,,,True,False,1777349701563494520,,,1777701723676577807,1777701723676577807,1,40,6,0,data/tweets.js,,"senor_andy,GoodReddit",
1778044017781178476,TXTrickWhooper,2024-04-10T12:55:02Z,2024-04-10T07:55:02-05:00,,,False,2024,"@Brooks_Gate The brown stockings and cardinals are two distinct, separate franchises",0,0,,,,True,False,1777830194092417517,Brooks_Gate,,1778044017781178476,1778044017781178476,1,84,11,0,data/tweets.js,,Brooks_Gate,
1778044395662537055,TXTrickWhooper,2024-04-10T12:56:33Z,2024-04-10T07:56:33-05:00,,,False,2024,@BleacherReport Bro punched a dude like 3 years younger than him chill on the teenager rhetoric. He was one not long ago,0,0,,,,True,False,1777764271675343329,BleacherReport,,1778044395662537055,1778044395662537055,1,120,22,0,data/tweets.js,,BleacherReport,
1778057315280703920,TXTrickWhooper,2024-04-10T13:47:53Z,2024-04-10T08:47:53-05:00,,,False,2024,"@AB84 @HamlinIsland Damar cost me $3,000 in fantasy winnings that man is dead to me",2,0,,,,True,False,1778053963381723550,AB84,,1778057315280703920,1778057315280703920,1,83,15,0,data/tweets.js,,"AB84,HamlinIsland",
1778123245977223496,TXTrickWhooper,2024-04-10T18:09:52Z,2024-04-10T13:09:52-05:00,,,False,2024,"@BortlesToxic @JLrams7 @AB84 @HamlinIsland Yeah basically I was up with a projection of 76% to win and one game left. Hence, the decision of the league was I would be awarded the championship but we would split the winnings.",1,0,,,,True,False,1778102133679677650,BortlesToxic,,1778123245977223496,1778123245977223496,1,224,39,0,data/tweets.js,,"BortlesToxic,JLrams7,AB84,HamlinIsland",
1778123648173257130,TXTrickWhooper,2024-04-10T18:11:28Z,2024-04-10T13:11:28-05:00,,,False,2024,@MorganLeClair32 @AB84 @HamlinIsland Safeties are seldom relevant in fantasy football considering a lack of roster spot for them. But note taken :(,0,0,,,,True,False,1778075978813648930,MorganLeClair32,,1778123648173257130,1778123648173257130,1,147,22,0,data/tweets.js,,"MorganLeClair32,AB84,HamlinIsland",
1778123978529276314,TXTrickWhooper,2024-04-10T18:12:47Z,2024-04-10T13:12:47-05:00,,,False,2024,"RT @AB84: Lizzo spotted on Clearwater Beach

@lizzo #CTESPN https://t.co/hI3lxtnsI6",0,0,,,,False,False,,,,1778123978529276314,1778123978529276314,1,84,10,1,data/tweets.js,CTESPN,"AB84,lizzo",
1778124243722469768,TXTrickWhooper,2024-04-10T18:13:50Z,2024-04-10T13:13:50-05:00,,,False,2024,@wealth_turtle @AB84 @lizzo AB don’t give a fuck he’s our schizo savior,3,0,,,,True,False,1778096839545311672,wealth_turtle,,1778124243722469768,1778124243722469768,1,71,12,0,data/tweets.js,,"wealth_turtle,AB84,lizzo",
1778129711362634079,TXTrickWhooper,2024-04-10T18:35:33Z,2024-04-10T13:35:33-05:00,,,False,2024,@ChiraqRapSource @wealth_turtle @AB84 @lizzo Saying what sober us is too soft to say,2,0,,,,True,False,1778129456185360704,ChiraqRapSource,,1778129711362634079,1778129711362634079,2,84,13,0,data/tweets.js,,"ChiraqRapSource,wealth_turtle,AB84,lizzo",
1778129785195057313,TXTrickWhooper,2024-04-10T18:35:51Z,2024-04-10T13:35:51-05:00,,,False,2024,@ChiraqRapSource @wealth_turtle @AB84 @lizzo Sane*,0,0,,,,True,True,1778129711362634079,TXTrickWhooper,,1778129711362634079,1778129711362634079,2,50,5,0,data/tweets.js,,"ChiraqRapSource,wealth_turtle,AB84,lizzo",
1778130178838757574,TXTrickWhooper,2024-04-10T18:37:25Z,2024-04-10T13:37:25-05:00,,,False,2024,@MorganLeClair32 @AB84 @HamlinIsland Hahaha no worries bro. I mean who the hell would’ve expected the NFL got so soft they’d stop a game for anything short of the terrorist tech,0,0,,,,True,False,1778124149535236170,MorganLeClair32,,1778130178838757574,1778130178838757574,1,177,30,0,data/tweets.js,,"MorganLeClair32,AB84,HamlinIsland",
1778130331339460792,TXTrickWhooper,2024-04-10T18:38:01Z,2024-04-10T13:38:01-05:00,,,False,2024,@MorganLeClair32 @AB84 @HamlinIsland Love the profile pic btw. KP is a king,0,0,,,,True,False,1778124149535236170,MorganLeClair32,,1778130331339460792,1778130331339460792,1,75,12,0,data/tweets.js,,"MorganLeClair32,AB84,HamlinIsland",
1778143919647125973,TXTrickWhooper,2024-04-10T19:32:01Z,2024-04-10T14:32:01-05:00,,,False,2024,@theBeerkid69 It’s one constant creampie between LA and the MLB,0,0,,,,True,False,1777893824842568129,theBeerkid69,,1778143919647125973,1778143919647125973,1,63,10,0,data/tweets.js,,theBeerkid69,
1778144491938975961,TXTrickWhooper,2024-04-10T19:34:17Z,2024-04-10T14:34:17-05:00,,,False,2024,@nut_history Huston Street or Ivan Melendez (I’d go with the Hispanic Titanic personally),1,0,,,,True,False,1778140054730199463,nut_history,,1778144491938975961,1778144491938975961,1,89,13,0,data/tweets.js,,nut_history,
1778144807509991525,TXTrickWhooper,2024-04-10T19:35:33Z,2024-04-10T14:35:33-05:00,,,False,2024,@TheDunkCentral @hoopshype Draymond is a baby back bitch,0,0,,,,True,False,1778053742790672393,TheDunkCentral,,1778144807509991525,1778144807509991525,1,56,8,0,data/tweets.js,,"TheDunkCentral,hoopshype",
1778145010833039646,TXTrickWhooper,2024-04-10T19:36:21Z,2024-04-10T14:36:21-05:00,,,False,2024,"@fuzzyfromyt De la Cruz, Jordan Walker",0,0,,,,True,False,1778134412485599736,fuzzyfromyt,,1778145010833039646,1778145010833039646,1,38,6,0,data/tweets.js,,fuzzyfromyt,
1778145751459107186,TXTrickWhooper,2024-04-10T19:39:18Z,2024-04-10T14:39:18-05:00,,,False,2024,@RonJonBren @StoIenGlock @QuezIsGodly @MLBTheShow The ones who are bad in normal ranked seasons (or playing with friends who are oftentimes bad),0,0,,,,True,False,1778118222564208890,RonJonBren,,1778145751459107186,1778145751459107186,1,144,21,0,data/tweets.js,,"RonJonBren,QuezIsGodly,MLBTheShow",
1778303109808169418,TXTrickWhooper,2024-04-11T06:04:35Z,2024-04-11T01:04:35-05:00,,,False,2024,@j_chisholm3 Pretend I’m doing your job by playing MLB the Show,0,0,,,,True,False,1778151153152229811,j_chisholm3,,1778303109808169418,1778303109808169418,1,63,11,0,data/tweets.js,,j_chisholm3,
1778470175198580928,TXTrickWhooper,2024-04-11T17:08:26Z,2024-04-11T12:08:26-05:00,,,False,2024,@MLBTheShow Boooo no one wants torre,0,0,,,,True,False,1778468053073936791,MLBTheShow,,1778470175198580928,1778470175198580928,1,36,6,0,data/tweets.js,,MLBTheShow,
1779228505840005585,TXTrickWhooper,2024-04-13T19:21:46Z,2024-04-13T14:21:46-05:00,,,False,2024,@BRWalkoff @TimKellySports Dodger stadium blows,0,0,,,,True,False,1778852469742911507,BRWalkoff,,1779228505840005585,1779228505840005585,1,47,5,0,data/tweets.js,,"BRWalkoff,TimKellySports",
1779991348440969282,TXTrickWhooper,2024-04-15T21:53:02Z,2024-04-15T16:53:02-05:00,,,False,2024,@cpsenergy I despise y’all I need my power,0,0,,,,False,False,,cpsenergy,,1779991348440969282,1779991348440969282,1,42,8,0,data/tweets.js,,cpsenergy,
1780443909509763155,TXTrickWhooper,2024-04-17T03:51:21Z,2024-04-16T22:51:21-05:00,,,False,2024,@jamesjonesesq Sales? Travel nursing?,1,0,,,,True,False,1780317015888064548,jamesjonesesq,,1780443909509763155,1780443909509763155,1,37,4,0,data/tweets.js,,jamesjonesesq,
1782281511363895478,TXTrickWhooper,2024-04-22T05:33:20Z,2024-04-22T00:33:20-05:00,,,False,2024,@nut_history Silly? I loved it,0,0,,,,True,False,1782209931128475955,nut_history,,1782281511363895478,1782281511363895478,1,30,5,0,data/tweets.js,,nut_history,
1783326112371646473,TXTrickWhooper,2024-04-25T02:44:12Z,2024-04-24T21:44:12-05:00,,,False,2024,@nut_history Royals 100%,0,0,,,,True,False,1783310410810053092,nut_history,,1783326112371646473,1783326112371646473,1,24,3,0,data/tweets.js,,nut_history,
1784006771683516900,TXTrickWhooper,2024-04-26T23:48:54Z,2024-04-26T18:48:54-05:00,,,False,2024,That @GrindSimmons94 @TvondreSweat duo inside gonna be unblockable,0,0,,,,False,False,,,,1784006771683516900,1784006771683516900,1,66,8,0,data/tweets.js,,"GrindSimmons94,TvondreSweat",
1784388558691934661,TXTrickWhooper,2024-04-28T01:05:59Z,2024-04-27T20:05:59-05:00,,,False,2024,"@elonmuskADO Elon, everyone still calls it Twitter",0,0,,,,True,False,1784236124212183172,elonmuskADO,,1784388558691934661,1784388558691934661,1,50,7,0,data/tweets.js,,elonmuskADO,
1785254984495362140,TXTrickWhooper,2024-04-30T10:28:51Z,2024-04-30T05:28:51-05:00,,,False,2024,@CraigMish No way this guy made the high school varsity team even,0,0,,,,True,False,1784615118292054236,CraigMish,,1785254984495362140,1785254984495362140,1,65,12,0,data/tweets.js,,CraigMish,
1785256725592850815,TXTrickWhooper,2024-04-30T10:35:46Z,2024-04-30T05:35:46-05:00,,,False,2024,@JuustaB @asset_repo_stan @jimmybuxbux @BarstoolBigCat Just when I thought this thread couldn’t get funnier😂😂😂,0,0,,,,True,False,1785088324576702832,JuustaB,,1785256725592850815,1785256725592850815,1,110,13,0,data/tweets.js,,"JuustaB,asset_repo_stan,jimmybuxbux,BarstoolBigCat",
1785395081660236244,TXTrickWhooper,2024-04-30T19:45:33Z,2024-04-30T14:45:33-05:00,,,False,2024,@rogerclemens LFG Rocket this is why you’re my idol,0,0,,,,True,False,1785382286289957331,rogerclemens,,1785395081660236244,1785395081660236244,1,51,9,0,data/tweets.js,,rogerclemens,
1785395103302930602,TXTrickWhooper,2024-04-30T19:45:38Z,2024-04-30T14:45:38-05:00,,,False,2024,RT @rogerclemens: Give me the damn ball,0,0,,,,False,False,,,,1785395103302930602,1785395103302930602,1,39,7,0,data/tweets.js,,rogerclemens,
1785396222359973949,TXTrickWhooper,2024-04-30T19:50:05Z,2024-04-30T14:50:05-05:00,,,False,2024,Vintage Rocket https://t.co/IeTn5z7dD0,0,0,,,,False,False,,,,1785396222359973949,1785396222359973949,1,38,3,0,data/tweets.js,,,https://x.com/rogerclemens/status/1785382286289957331
1785411449688392111,TXTrickWhooper,2024-04-30T20:50:35Z,2024-04-30T15:50:35-05:00,,,False,2024,@JuliaMorales New Jersey let itself down,3,0,,,,True,False,1785410039177515257,JuliaMorales,,1785411449688392111,1785411449688392111,1,40,6,0,data/tweets.js,,JuliaMorales,
1785412133049524496,TXTrickWhooper,2024-04-30T20:53:18Z,2024-04-30T15:53:18-05:00,,,False,2024,@stevemarasco Kudos to him! My father and I have had it on our bucket list for a long time to see all 30 MLB parks. We are at 23 currently.,1,0,,,,True,False,1785129103978365165,stevemarasco,,1785412133049524496,1785412133049524496,1,139,30,0,data/tweets.js,,stevemarasco,
1785412579747115280,TXTrickWhooper,2024-04-30T20:55:05Z,2024-04-30T15:55:05-05:00,,,False,2024,@TexasHookem22 Not to mention the year he exampled we smacked them 70-3 in the Big 12 Title Game😂,4,0,,,,True,False,1785375643082899496,TexasHookem22,,1785412579747115280,1785412579747115280,1,97,18,0,data/tweets.js,,TexasHookem22,
1785574055367634968,TXTrickWhooper,2024-05-01T07:36:43Z,2024-05-01T02:36:43-05:00,,,False,2024,@TSUnfiltered Excellence,0,0,,,,True,False,1785414617239269791,BradKellner_,,1785574055367634968,1785574055367634968,1,24,2,0,data/tweets.js,,,
1785763716685787549,TXTrickWhooper,2024-05-01T20:10:22Z,2024-05-01T15:10:22-05:00,,,False,2024,@kourtneyinhell @hi_im_kyle My manager walked up behind me right after opening this,1,1,,,,True,False,1785763499454419414,kourtneyinhell,,1785763716685787549,1785763716685787549,1,83,12,0,data/tweets.js,,"kourtneyinhell,hi_im_kyle",
1785765404339589159,TXTrickWhooper,2024-05-01T20:17:04Z,2024-05-01T15:17:04-05:00,,,False,2024,@kourtneyinhell @hi_im_kyle On the way to his office as we speak. Think I’m getting promoted. Update to come!,0,0,,,,True,False,1785763786160288042,kourtneyinhell,,1785765404339589159,1785765404339589159,1,109,18,0,data/tweets.js,,"kourtneyinhell,hi_im_kyle",
1786201210992689568,TXTrickWhooper,2024-05-03T01:08:49Z,2024-05-02T20:08:49-05:00,,,False,2024,@AB84 Bean* of the day has a better ring to it,0,0,,,,True,False,1786195500531671342,AB84,,1786201210992689568,1786201210992689568,1,46,11,0,data/tweets.js,,AB84,
1786211346805043549,TXTrickWhooper,2024-05-03T01:49:05Z,2024-05-02T20:49:05-05:00,,,False,2024,@FSUmollz Waterboarding sounds like a spa day compared to how my Grizz’s season went,1,0,,,,True,False,1786209848939397476,FSUmollz,,1786211346805043549,1786211346805043549,1,84,14,0,data/tweets.js,,FSUmollz,
1786211581434478691,TXTrickWhooper,2024-05-03T01:50:01Z,2024-05-02T20:50:01-05:00,,,False,2024,"RT @PowellAnalytics: PEDs can’t teach you to swing a bat like this

 https://t.co/xbEEyfAzCQ",0,0,,,,False,False,,,,1786211581434478691,1786211581434478691,1,92,13,1,data/tweets.js,,PowellAnalytics,
1786215167962820892,TXTrickWhooper,2024-05-03T02:04:16Z,2024-05-02T21:04:16-05:00,,,False,2024,"@Huskie1970 @PowellAnalytics He basically had two hall of fame careers.

One thing never changed: his discipline at the plate was second to none. That’s what made him the best.

Do I stand with Barry’s treatment of the scandal? No. Can I defend him as a BASEBALL fan? Absolutely.",3,0,,,,True,False,1762648578227626291,Huskie1970,,1786215167962820892,1786215167962820892,2,280,48,0,data/tweets.js,,"Huskie1970,PowellAnalytics",
1786215916058935447,TXTrickWhooper,2024-05-03T02:07:15Z,2024-05-02T21:07:15-05:00,,,False,2024,"@Huskie1970 @PowellAnalytics Most people don’t realize “cheating” is a part of the fabric of baseball. The game’s history is littered with rampant drug and finding an edge. He’s far from the first to “cheat,” and will be far from the last - Bonds was simply a product of his generation of baseball.",5,0,,,,True,True,1786215167962820892,TXTrickWhooper,,1786215167962820892,1786215167962820892,2,298,52,0,data/tweets.js,,"Huskie1970,PowellAnalytics",
1786216433480843673,TXTrickWhooper,2024-05-03T02:09:18Z,2024-05-02T21:09:18-05:00,,,False,2024,@MLBGaming @MLBTheShow If it’s Roger Clemens I’d nut myself (I say this every year),0,0,,,,True,False,1786090391923507416,MLBGaming,,1786216433480843673,1786216433480843673,1,83,14,0,data/tweets.js,,"MLBGaming,MLBTheShow",
1786218578590495182,TXTrickWhooper,2024-05-03T02:17:50Z,2024-05-02T21:17:50-05:00,,,False,2024,@spalazz22 @OhChev The new glitch where the righties will come from a left handed slot every other inning is absurd. Virtually gives y’all only 4 real Innings to put runs on the board,1,0,,,,True,False,1786052682043585016,spalazz22,,1786218578590495182,1786218578590495182,1,183,33,0,data/tweets.js,,"spalazz22,OhChev",
1786220234887565547,TXTrickWhooper,2024-05-03T02:24:25Z,2024-05-02T21:24:25-05:00,,,False,2024,@bigwmane @SamuelAdams_12 @hollywood26_ You’ve gotta be trolling. What person in their right mind prefers spending REAL money on something when you could get it free? Might as well pay for Elon’s checkmark following that logic lol,1,0,,,,True,False,1786156080256671894,bigwmane,,1786220234887565547,1786220234887565547,1,230,36,0,data/tweets.js,,"bigwmane,SamuelAdams_12,hollywood26_",
1786222643433095449,TXTrickWhooper,2024-05-03T02:33:59Z,2024-05-02T21:33:59-05:00,,,False,2024,@fuzzyfromyt I’d take (and personally prefer) these games as well https://t.co/xLFqDl3HAB,0,0,,,,True,False,1786099520264364391,fuzzyfromyt,,1786222643433095449,1786222643433095449,1,89,11,2,data/tweets.js,,fuzzyfromyt,
1786251910439141552,TXTrickWhooper,2024-05-03T04:30:17Z,2024-05-02T23:30:17-05:00,,,False,2024,"@JtnReal Use players whose swings you feel comfortable with opposed to setting your lineup purely based on guys whose stats look good on paper.

I’d recommend live series collection, but in all honesty the season 1 collection players look better in my opinion",1,0,,,,True,False,1786113383248412881,Jaadddddeeennnn,,1786251910439141552,1786251910439141552,1,259,43,0,data/community-tweet.js,,,
1786307817340567878,TXTrickWhooper,2024-05-03T08:12:26Z,2024-05-03T03:12:26-05:00,,,False,2024,@bigwmane @SamuelAdams_12 @hollywood26_ Time is money buddy. Ever wondered why they pay by the hour some places?,0,0,,,,True,False,1786298971499155633,bigwmane,,1786307817340567878,1786307817340567878,1,112,17,0,data/tweets.js,,"bigwmane,SamuelAdams_12,hollywood26_",
1786322973630095705,TXTrickWhooper,2024-05-03T09:12:39Z,2024-05-03T04:12:39-05:00,,,False,2024,RT @6am_frank: @TXTrickWhooper @bigwmane @SamuelAdams_12 @hollywood26_ Bro said he flips cards 😭 some people wanna play the game not sit in…,0,0,,,,False,False,,,,1786322973630095705,1786322973630095705,1,140,21,0,data/tweets.js,,"6am_frank,TXTrickWhooper,bigwmane,SamuelAdams_12,hollywood26_",
1786323202680963431,TXTrickWhooper,2024-05-03T09:13:34Z,2024-05-03T04:13:34-05:00,,,False,2024,@6am_frank @bigwmane @SamuelAdams_12 @hollywood26_ Dude thinks the game is named MLB the Market 24🤣,1,0,,,,True,False,1786315198145470833,6am_frank,,1786323202680963431,1786323202680963431,1,99,14,0,data/tweets.js,,"6am_frank,bigwmane,SamuelAdams_12,hollywood26_",
1786521159179116935,TXTrickWhooper,2024-05-03T22:20:10Z,2024-05-03T17:20:10-05:00,,,False,2024,"@bigwmane @6am_frank @SamuelAdams_12 @hollywood26_ I never said I spend money, I said this was a bad take https://t.co/zwADSNUOiM",0,0,,,,True,False,1786471707546657200,bigwmane,,1786521159179116935,1786521159179116935,1,129,18,1,data/tweets.js,,"bigwmane,6am_frank,SamuelAdams_12,hollywood26_",
1786524265191231857,TXTrickWhooper,2024-05-03T22:32:31Z,2024-05-03T17:32:31-05:00,,,False,2024,"RT @Michelle_Neat1: Things I would do as MLB commissioner:
- bring back the shift
- no more pitch clock
- goodbye 3 batter minimum
- bring…",0,0,,,,False,False,,,,1786524265191231857,1786524265191231857,1,140,26,0,data/tweets.js,,Michelle_Neat1,
1786524335668113902,TXTrickWhooper,2024-05-03T22:32:48Z,2024-05-03T17:32:48-05:00,,,False,2024,"@Michelle_Neat1 You are a scholar and a visionary, ma’am",1,0,,,,True,False,1786278364715823548,Michelle_Neat1,,1786524335668113902,1786524335668113902,1,56,9,0,data/tweets.js,,Michelle_Neat1,
1786524657392160958,TXTrickWhooper,2024-05-03T22:34:05Z,2024-05-03T17:34:05-05:00,,,False,2024,"RT @FoolishBB: I hope Tim Lincecum had a nice day today. No context on this, just genuinely hoping he’s doing well.",0,0,,,,False,False,,,,1786524657392160958,1786524657392160958,1,115,21,0,data/tweets.js,,FoolishBB,
1786542147912479045,TXTrickWhooper,2024-05-03T23:43:35Z,2024-05-03T18:43:35-05:00,,,False,2024,@thr0at_g0at__ This King has game,0,0,,,,True,False,1786279623119994928,thr0at_g0at__,,1786542147912479045,1786542147912479045,1,33,5,0,data/tweets.js,,thr0at_g0at__,
1786544482718007546,TXTrickWhooper,2024-05-03T23:52:51Z,2024-05-03T18:52:51-05:00,,,False,2024,@0xDudeDiligence @steezysloth Not even close. Vyvanse was gifted to us straight from the Lord’s pill factory,1,0,,,,True,False,1783690183361065073,0xDudeDiligence,,1786544482718007546,1786544482718007546,1,108,16,0,data/tweets.js,,"0xDudeDiligence,steezysloth",
1786657322082681293,TXTrickWhooper,2024-05-04T07:21:14Z,2024-05-04T02:21:14-05:00,,,False,2024,@kendricklamar Bro you bodied and buried @Drake,0,0,,,,True,False,1786606897224941651,kendricklamar,,1786657322082681293,1786657322082681293,1,47,7,0,data/tweets.js,,"kendricklamar,Drake",
1786754371646087560,TXTrickWhooper,2024-05-04T13:46:53Z,2024-05-04T08:46:53-05:00,,,False,2024,"RT @kendricklamar: meet the grahams
https://t.co/gm0WzWWiC2",0,0,,,,False,False,,,,1786754371646087560,1786754371646087560,1,59,6,0,data/tweets.js,,kendricklamar,https://youtu.be/2QiFl9Dc7D0
1786759840099893372,TXTrickWhooper,2024-05-04T14:08:36Z,2024-05-04T09:08:36-05:00,,,False,2024,RT @AB84: Cracker of the Day #CTESPN https://t.co/O4GhWuz2UY,0,0,,,,False,False,,,,1786759840099893372,1786759840099893372,1,60,8,1,data/tweets.js,CTESPN,AB84,
1786793201623355762,TXTrickWhooper,2024-05-04T16:21:10Z,2024-05-04T11:21:10-05:00,,,False,2024,@jordann773 Dolph would never stand for this pedo nonsense,0,0,,,,True,False,1786599321812468100,jordann773,,1786793201623355762,1786793201623355762,1,58,9,0,data/tweets.js,,jordann773,
1786795272921567435,TXTrickWhooper,2024-05-04T16:29:24Z,2024-05-04T11:29:24-05:00,,,False,2024,@Drake Kendrick responded in under an hour what’s taking you so long?,0,0,,,,True,False,1786624955096105377,Drake,,1786795272921567435,1786795272921567435,1,69,12,0,data/tweets.js,,Drake,
1786812057804841148,TXTrickWhooper,2024-05-04T17:36:06Z,2024-05-04T12:36:06-05:00,,,False,2024,@DaRealBlackTie @desusnice Domestic Assault &gt; pedophilia,1,0,,,,True,False,1786811260564066451,DaRealBlackTie,,1786812057804841148,1786812057804841148,1,59,6,0,data/tweets.js,,"DaRealBlackTie,desusnice",
1786843958397616190,TXTrickWhooper,2024-05-04T19:42:52Z,2024-05-04T14:42:52-05:00,,,False,2024,"@ArianFoster It’s like US politics and how polarized everyone is with picking sides. Art, more so than most things, boils down to preference and perspective - making it tough to quantitatively compare

Anyway, neither is going anywhere, but personally I think J Cole is the real winner in this",2,0,,,,True,False,1786822894825148914,,,1786843958397616190,1786843958397616190,2,293,49,0,data/tweets.js,,ArianFoster,
1786844304880665082,TXTrickWhooper,2024-05-04T19:44:14Z,2024-05-04T14:44:14-05:00,,,False,2024,@ArianFoster There’s power in choosing compassion &amp; kindness in a world of hate if you ask me,0,0,,,,True,True,1786843958397616190,TXTrickWhooper,,1786843958397616190,1786843958397616190,2,97,17,0,data/tweets.js,,ArianFoster,
1786879058313154920,TXTrickWhooper,2024-05-04T22:02:20Z,2024-05-04T17:02:20-05:00,,,False,2024,@RayCheesy21 Yup. Noticed it’s been doing it for ranked seasons as well it’s a stark contrast to finding a game in the Rec in 2k,1,0,,,,True,False,1786878367213445358,RayCheesy21,,1786879058313154920,1786879058313154920,1,128,25,0,data/tweets.js,,RayCheesy21,
1786880925726306622,TXTrickWhooper,2024-05-04T22:09:45Z,2024-05-04T17:09:45-05:00,,,False,2024,If only @YoungDolph was still around to humble the game. Everyone knows in Memphis you skip twitter fingers and go straight to trigger fingers #kendrickdiss #meethegrahams #drake,0,0,,,,False,False,,,,1786880925726306622,1786880925726306622,1,178,27,0,data/tweets.js,"kendrickdiss,meethegrahams,drake",YoungDolph,
1786881564170739964,TXTrickWhooper,2024-05-04T22:12:18Z,2024-05-04T17:12:18-05:00,,,False,2024,@loslonghorns Im rocking with the horns still but the Bird on the Bat is iconic nonetheless https://t.co/0uoihUlvNA,0,0,,,,True,False,1786849653289304288,loslonghorns,,1786881564170739964,1786881564170739964,1,115,17,1,data/tweets.js,,loslonghorns,
1786881880928780302,TXTrickWhooper,2024-05-04T22:13:33Z,2024-05-04T17:13:33-05:00,,,False,2024,RT @YoungDolph: I’m definitely waaay before my time,0,0,,,,False,False,,,,1786881880928780302,1786881880928780302,1,51,8,0,data/tweets.js,,YoungDolph,
1786881959332872567,TXTrickWhooper,2024-05-04T22:13:52Z,2024-05-04T17:13:52-05:00,,,False,2024,@YoungDolph Miss u more every day King,3,0,,,,True,False,1437651223922896898,YoungDolph,,1786881959332872567,1786881959332872567,1,38,7,0,data/tweets.js,,YoungDolph,
1787394356715897214,TXTrickWhooper,2024-05-06T08:09:57Z,2024-05-06T03:09:57-05:00,,,False,2024,@GomesDaLegend Yuh,0,0,,,,True,False,1787236988225044515,GomesDaLegend,,1787394356715897214,1787394356715897214,1,18,2,0,data/tweets.js,,GomesDaLegend,
1787514342319026664,TXTrickWhooper,2024-05-06T16:06:44Z,2024-05-06T11:06:44-05:00,,,False,2024,"RT @EliManning: I thought about attending the Roast of Tom Brady last night, but I did not want to Roast him for a 3rd time!!",0,0,,,,False,False,,,,1787514342319026664,1787514342319026664,1,125,25,0,data/tweets.js,,EliManning,
1787537694014230715,TXTrickWhooper,2024-05-06T17:39:31Z,2024-05-06T12:39:31-05:00,,,False,2024,"Luis Garcia’s picture is of him bunting on MLB the Show. His bunting/drag on the game is also respectively 11 and 2.

Makes total sense! https://t.co/xIFRtVJjW6",0,0,,,,False,False,,,,1787537694014230715,1787537694014230715,1,161,26,1,data/tweets.js,,,
1787597626608623620,TXTrickWhooper,2024-05-06T21:37:40Z,2024-05-06T16:37:40-05:00,,,False,2024,@MLBTheShow @CC_Sabathia Y’all gonna give us content to actually grind for? I’m tired of finishing and being forced to go back to the 2k Rec since there’s nothing worth grinding for without buying,0,0,,,,True,False,1787592742811623873,MLBTheShow,,1787597626608623620,1787597626608623620,2,196,33,0,data/tweets.js,,"MLBTheShow,CC_Sabathia",
1787597817176850749,TXTrickWhooper,2024-05-06T21:38:26Z,2024-05-06T16:38:26-05:00,,,False,2024,@MLBTheShow @CC_Sabathia And don’t get me wrong I love the game. Just never felt myself doing this in past years especially this early on,0,0,,,,True,True,1787597626608623620,TXTrickWhooper,,1787597626608623620,1787597626608623620,2,137,24,0,data/tweets.js,,"MLBTheShow,CC_Sabathia",
1787707346552049949,TXTrickWhooper,2024-05-07T04:53:40Z,2024-05-06T23:53:40-05:00,,,False,2024,"@wrstbhavior I know this is likely a dumb question….. but can someone fill a white boy in on what “bbl” stands for?

I listen to Memphis rap but that’s about it so I’m out of the loop on lingo",0,0,,,,True,False,1787574280902816139,wrstbhavior,,1787707346552049949,1787707346552049949,1,192,39,0,data/tweets.js,,wrstbhavior,
1787778049657778604,TXTrickWhooper,2024-05-07T09:34:37Z,2024-05-07T04:34:37-05:00,,,False,2024,@AB84 AB becoming the MLK of our generation one cracker at a time. Screw an MVP this man deserves a Nobel Peace Prize,0,0,,,,True,False,1787763327130583319,AB84,,1787778049657778604,1787778049657778604,1,117,23,0,data/tweets.js,,AB84,
1787788007686230455,TXTrickWhooper,2024-05-07T10:14:11Z,2024-05-07T05:14:11-05:00,,,False,2024,@dj_calbee @historyinmemes You’re spitting facts brother black twitter beats white twitter all day,1,0,,,,True,False,1787598431910854909,dj_calbee,,1787788007686230455,1787788007686230455,1,98,13,0,data/tweets.js,,"dj_calbee,historyinmemes",
1787803215276257473,TXTrickWhooper,2024-05-07T11:14:36Z,2024-05-07T06:14:36-05:00,,,False,2024,@tylerduran21 @MagicRosey This entire video is so unbelievably cringe lmao,26,0,,,,True,False,1787756980569792549,tylerduran21,,1787803215276257473,1787803215276257473,1,74,10,0,data/tweets.js,,"tylerduran21,MagicRosey",
1787830624578830350,TXTrickWhooper,2024-05-07T13:03:31Z,2024-05-07T08:03:31-05:00,,,False,2024,"@EquinsuOcha17 @PotaroResearch @vincestaples As a white person raised in Memphis, I feel like black culture tends to be so envied because of its raw grit and authenticity. The root of great art is being able to tap into your truest self and convey that message to the masses they can’t articulate themselves.",1,0,,,,True,False,1786977350976155742,EquinsuOcha17,,1787830624578830350,1787830624578830350,2,308,52,0,data/tweets.js,,"EquinsuOcha17,vincestaples",
1787830666811359450,TXTrickWhooper,2024-05-07T13:03:41Z,2024-05-07T08:03:41-05:00,,,False,2024,"@EquinsuOcha17 @PotaroResearch @vincestaples You see it as well in white culture with the up-and-coming embrace of “Red Dirt Country” by a lot of new circles. In my opinion at the end of the day real respects real, regardless of color.",1,0,,,,True,True,1787830624578830350,TXTrickWhooper,,1787830624578830350,1787830624578830350,2,235,40,0,data/tweets.js,,"EquinsuOcha17,vincestaples",
1787834429815033912,TXTrickWhooper,2024-05-07T13:18:39Z,2024-05-07T08:18:39-05:00,,,False,2024,@DylanTop5 If fat girls are like special needs kids then this specimen must be a savant,0,0,,,,True,False,1787564511928463718,DylanTop5,,1787834429815033912,1787834429815033912,1,87,16,0,data/tweets.js,,DylanTop5,
1787835056301474253,TXTrickWhooper,2024-05-07T13:21:08Z,2024-05-07T08:21:08-05:00,,,False,2024,@RestingTurdle @1253Zanele @King_numbers_ @alli_ya7 Threads like these are the reason I scour Twitter,1,0,,,,True,False,1787448146403922311,,,1787835056301474253,1787835056301474253,1,101,13,0,data/tweets.js,,"1253Zanele,King_numbers_,alli_ya7",
1787835824060440630,TXTrickWhooper,2024-05-07T13:24:11Z,2024-05-07T08:24:11-05:00,,,False,2024,@alli_ya7 @Titans I think I found our next franchise Nose Tackle,0,0,,,,True,False,1786508258720563413,alli_ya7,,1787835824060440630,1787835824060440630,1,64,11,0,data/tweets.js,,"alli_ya7,Titans",
1787837288505819462,TXTrickWhooper,2024-05-07T13:30:00Z,2024-05-07T08:30:00-05:00,,,False,2024,@alli_ya7 Surely you’re referring to the confidence any quarterback would have with her as their left tackle,0,0,,,,True,False,1786508258720563413,alli_ya7,,1787837288505819462,1787837288505819462,1,108,17,0,data/tweets.js,,alli_ya7,
1787868404365332948,TXTrickWhooper,2024-05-07T15:33:39Z,2024-05-07T10:33:39-05:00,,,False,2024,@Pads1818 Dodgers fans are in here acting like they aren’t a poverty franchise. Speak to me when you get to the double digits in championships,1,0,,,,True,False,1787611632765632894,Pads1818,,1787868404365332948,1787868404365332948,1,142,25,0,data/tweets.js,,Pads1818,
1787875435121881487,TXTrickWhooper,2024-05-07T16:01:35Z,2024-05-07T11:01:35-05:00,,,False,2024,@Danny88751 @Pads1818 I'm a Cardinals fan bubba we have no room for y’all in our dome with the 11 rings taking up space,0,0,,,,True,False,1787868564285980820,Danny88751,,1787875435121881487,1787875435121881487,1,119,23,0,data/tweets.js,,"Danny88751,Pads1818",
1787882884553990257,TXTrickWhooper,2024-05-07T16:31:11Z,2024-05-07T11:31:11-05:00,,,False,2024,"@lost_angeles @Danny88751 @Pads1818 I can get behind that to an extent. Our main issue has been development of starting pitchers in the past decade or so. Pitching and defense wins rings, not building around superstar every day players like Arenado and Goldy",0,0,,,,True,False,1787881929397944652,lost_angeles,,1787882884553990257,1787882884553990257,1,258,42,0,data/tweets.js,,"lost_angeles,Danny88751,Pads1818",
1787884334621638714,TXTrickWhooper,2024-05-07T16:36:57Z,2024-05-07T11:36:57-05:00,,,False,2024,"@H8erNation @Danny88751 @Pads1818 Oh, word?

Stick to the Cowboys and Lakers, at least in those sports your team has a fighting chance https://t.co/FzpSlTQAUR",0,0,,,,True,False,1787880488168051134,H8erNation,,1787884334621638714,1787884334621638714,1,158,23,1,data/tweets.js,,"H8erNation,Danny88751,Pads1818",
1787895349161468204,TXTrickWhooper,2024-05-07T17:20:43Z,2024-05-07T12:20:43-05:00,,,False,2024,@ijkTA1619 @dj_calbee @historyinmemes You must be fun at parties,0,0,,,,True,False,1787888302181224818,ijkTA1619,,1787895349161468204,1787895349161468204,1,64,9,0,data/tweets.js,,"ijkTA1619,dj_calbee,historyinmemes",
1787903884914012166,TXTrickWhooper,2024-05-07T17:54:38Z,2024-05-07T12:54:38-05:00,,,False,2024,@TheDunkCentral @awfulannouncing I stand with Rizz Lord Doyel shooters shoot,1,0,,,,True,False,1787896669075345864,TheDunkCentral,,1787903884914012166,1787903884914012166,1,76,10,0,data/tweets.js,,"TheDunkCentral,awfulannouncing",
1787905308884422841,TXTrickWhooper,2024-05-07T18:00:17Z,2024-05-07T13:00:17-05:00,,,False,2024,"@TheDunkCentral @PatMcAfeeShow @ESPNNBA I’ve never been more ashamed to also be named Austin. Out of those “30” athletic enough, I guarantee you 5 at the most 10 have the mentality it takes to embrace physicality or they would’ve stuck with football in the first place",0,0,,,,True,False,1787895863873802555,TheDunkCentral,,1787905308884422841,1787905308884422841,1,268,45,0,data/tweets.js,,"TheDunkCentral,PatMcAfeeShow,ESPNNBA",
1787905790369742876,TXTrickWhooper,2024-05-07T18:02:12Z,2024-05-07T13:02:12-05:00,,,False,2024,@marcus_3I2 @pinkpurp11 @TheDunkCentral @PatMcAfeeShow @ESPNNBA Also the only players on the field under or not at least near 6 feet tall are RBs and corners,0,0,,,,True,False,1787897764023550200,marcus_3I2,,1787905790369742876,1787905790369742876,1,157,25,0,data/tweets.js,,"marcus_3I2,pinkpurp11,TheDunkCentral,PatMcAfeeShow,ESPNNBA",
1787906080619839929,TXTrickWhooper,2024-05-07T18:03:21Z,2024-05-07T13:03:21-05:00,,,False,2024,@pipkin_brandon @TheDunkCentral @PatMcAfeeShow @ESPNNBA They wouldn’t make it past the first Oklahoma drill,0,0,,,,True,False,1787899751817412646,pipkin_brandon,,1787906080619839929,1787906080619839929,1,107,13,0,data/tweets.js,,"pipkin_brandon,TheDunkCentral,PatMcAfeeShow,ESPNNBA",
1787907326445551702,TXTrickWhooper,2024-05-07T18:08:18Z,2024-05-07T13:08:18-05:00,,,False,2024,"@phxsunsmafia @pipkin_brandon @TheDunkCentral @PatMcAfeeShow @ESPNNBA No they absolutely don’t run Oklahoma, no one does after middle school. The point is most if not all 30 would likely not embrace the physicality of football",0,0,,,,True,False,1787906490243891609,phxsunsmafia,,1787907326445551702,1787907326445551702,1,226,33,0,data/tweets.js,,"phxsunsmafia,pipkin_brandon,TheDunkCentral,PatMcAfeeShow,ESPNNBA",
1787908014717944076,TXTrickWhooper,2024-05-07T18:11:03Z,2024-05-07T13:11:03-05:00,,,False,2024,@TheDunkCentral @PatMcAfeeShow @ESPNNBA @AustinRivers25 https://t.co/nsdXS4Qyr0,0,0,,,,True,False,1787895863873802555,TheDunkCentral,,1787908014717944076,1787908014717944076,1,79,5,1,data/tweets.js,,"TheDunkCentral,PatMcAfeeShow,ESPNNBA,AustinRivers25",
1787908546538934671,TXTrickWhooper,2024-05-07T18:13:09Z,2024-05-07T13:13:09-05:00,,,False,2024,@TheeEricV Drake playing 4-D Chess making everyone think he’s a pedo. Genius,0,0,,,,True,False,1787821497421107660,TheeEricV,,1787908546538934671,1787908546538934671,2,76,12,0,data/tweets.js,,TheeEricV,
1787909069560496365,TXTrickWhooper,2024-05-07T18:15:14Z,2024-05-07T13:15:14-05:00,,,False,2024,@TheLead_HOU Imagine getting your original franchise stolen by your eventual arch rivals. Tuff,0,0,,,,True,False,1787522633816211809,TheLead_HOU,,1787909069560496365,1787909069560496365,1,94,13,0,data/tweets.js,,TheLead_HOU,
1787909862376038413,TXTrickWhooper,2024-05-07T18:18:23Z,2024-05-07T13:18:23-05:00,,,False,2024,@Treezy_RL @TheLead_HOU *Says the dude who was 110% an Oilers fan back in the day if alive yet*,0,0,,,,True,False,1787540754992439470,Treezy_RL,,1787909862376038413,1787909862376038413,1,95,18,0,data/tweets.js,,"Treezy_RL,TheLead_HOU",
1787911649980043758,TXTrickWhooper,2024-05-07T18:25:29Z,2024-05-07T13:25:29-05:00,,,False,2024,"@TheLead_HOU What’s with Texans fans/ownership not understanding the basic tenants of what constitutes ownership?

Why doesn’t Baltimore keep the Colts? Montreal the Expos instead of Washington?

BECAUSE THE FRANCHISE ITSELF IS NOT OWNED BY THE CITY. IT BELONGS TO THE ADAMS FAM",0,0,,,,True,False,1787522633816211809,TheLead_HOU,,1787911649980043758,1787911649980043758,1,278,42,0,data/tweets.js,,TheLead_HOU,
1787914490375197102,TXTrickWhooper,2024-05-07T18:36:47Z,2024-05-07T13:36:47-05:00,,,False,2024,@H8erNation @Danny88751 @Pads1818 I’d rather have a dog shit team of young talent than an organization with no cultural identity + a fan base who uses their park as a personal UFC Octagon,0,0,,,,True,False,1787910718094008659,H8erNation,,1787914490375197102,1787914490375197102,1,187,33,0,data/tweets.js,,"H8erNation,Danny88751,Pads1818",
1787930470530896043,TXTrickWhooper,2024-05-07T19:40:16Z,2024-05-07T14:40:16-05:00,,,False,2024,Cheetah with the TRUTH! https://t.co/UP6IervZLV,0,0,,,,False,False,,,,1787930470530896043,1787930470530896043,1,47,5,0,data/tweets.js,,,https://x.com/cheetah/status/1787917338349564206
1787941883370475753,TXTrickWhooper,2024-05-07T20:25:38Z,2024-05-07T15:25:38-05:00,,,False,2024,@PatMcAfeeShow @AustinRivers25 I bet NONE of them could make the shift to MLB tho (even Michael Jordan only reached AA before calling it quits),3,0,,,,True,False,1787886002872152229,PatMcAfeeShow,,1787941883370475753,1787941883370475753,1,143,24,0,data/tweets.js,,"PatMcAfeeShow,AustinRivers25",
1788013228682834362,TXTrickWhooper,2024-05-08T01:09:08Z,2024-05-07T20:09:08-05:00,,,False,2024,@uglliefuckling7 @tylerduran21 @MagicRosey They have awful chemistry you can tell they both want to not be there haha,0,0,,,,True,False,1787987589724602836,myblacktarH3art,,1788013228682834362,1788013228682834362,1,117,18,0,data/tweets.js,,"tylerduran21,MagicRosey",
1788058202518524239,TXTrickWhooper,2024-05-08T04:07:50Z,2024-05-07T23:07:50-05:00,,,False,2024,@nut_history Cardinals legend John Daly*,0,0,,,,True,False,1788034917416292733,nut_history,,1788058202518524239,1788058202518524239,1,40,5,0,data/tweets.js,,nut_history,
1788112408004682058,TXTrickWhooper,2024-05-08T07:43:14Z,2024-05-08T02:43:14-05:00,,,False,2024,"To hell if you try and fail, you still have bigger balls than those who didn’t",0,0,,,,False,False,,,,1788112408004682058,1788112408004682058,1,78,16,0,data/tweets.js,,,
1788112902181834835,TXTrickWhooper,2024-05-08T07:45:12Z,2024-05-08T02:45:12-05:00,,,False,2024,@TheeEricV (This was complete sarcasm btw),0,0,,,,True,True,1787908546538934671,TXTrickWhooper,,1787908546538934671,1787908546538934671,2,42,6,0,data/tweets.js,,TheeEricV,
1788152335744598249,TXTrickWhooper,2024-05-08T10:21:53Z,2024-05-08T05:21:53-05:00,,,False,2024,Back when baseball names were as unique as the park #STLCards #GashouseGang #baseball #sports https://t.co/5fbPJcShfF,0,0,,,,False,False,,,,1788152335744598249,1788152335744598249,1,117,15,1,data/tweets.js,"STLCards,GashouseGang,baseball,sports",,
1788167017855365531,TXTrickWhooper,2024-05-08T11:20:14Z,2024-05-08T06:20:14-05:00,,,False,2024,@Wes30160058 @TaylorLewan77 @TomBrady Kevin Hart is white?,0,0,,,,True,False,1788166331423936566,Wes30160058,,1788167017855365531,1788167017855365531,1,58,7,0,data/tweets.js,,"Wes30160058,TaylorLewan77,TomBrady",
1788368541160239472,TXTrickWhooper,2024-05-09T00:41:01Z,2024-05-08T19:41:01-05:00,,,False,2024,RT @YourFriendKyle_: .@SonySanDiego @MLBTheShow I want you to read this because I think it's something you need to see &amp; think about consid…,0,0,,,,False,False,,,,1788368541160239472,1788368541160239472,1,144,23,0,data/tweets.js,,"YourFriendKyle_,SonySanDiego,MLBTheShow",
1788388478398452003,TXTrickWhooper,2024-05-09T02:00:14Z,2024-05-08T21:00:14-05:00,,,False,2024,"Me: *rocks a 6 inch on the dot pecker*

Her: *puts on a magnum condom*

Me: https://t.co/xMd7Kj4RaY",0,0,,,,False,False,,,,1788388478398452003,1788388478398452003,1,99,17,1,data/tweets.js,,,
1788391574382248311,TXTrickWhooper,2024-05-09T02:12:32Z,2024-05-08T21:12:32-05:00,,,False,2024,@AB84 AB you dawg you,0,0,,,,True,False,1788281388430451105,AB84,,1788391574382248311,1788391574382248311,1,21,5,0,data/tweets.js,,AB84,
1788391584284700907,TXTrickWhooper,2024-05-09T02:12:35Z,2024-05-08T21:12:35-05:00,,,False,2024,"RT @AB84: Nickelodeon is Wild but it make sense

 #CTESPN https://t.co/GtCSDaQV49",0,0,,,,False,False,,,,1788391584284700907,1788391584284700907,1,81,11,1,data/tweets.js,CTESPN,AB84,
1788393751850725506,TXTrickWhooper,2024-05-09T02:21:11Z,2024-05-08T21:21:11-05:00,,,False,2024,@rigged___ I’m 28 and I’ll never understand how or why starting at about 6 months younger than me began asking for snap. Like do you really want to ask your future wife or husband for their snap when y’all meet?,0,0,,,,True,False,1788045438576148856,hxcpollypocket,,1788393751850725506,1788393751850725506,2,211,40,0,data/tweets.js,,Rigged___,
1788393870868332832,TXTrickWhooper,2024-05-09T02:21:40Z,2024-05-08T21:21:40-05:00,,,False,2024,@rigged___ Idk seem disrespectful to me but I’m old school,0,0,,,,True,True,1788393751850725506,TXTrickWhooper,,1788393751850725506,1788393751850725506,2,58,10,0,data/tweets.js,,Rigged___,
1788394803215937760,TXTrickWhooper,2024-05-09T02:25:22Z,2024-05-08T21:25:22-05:00,,,False,2024,"@blassicliberal @tylerduran21 @MagicRosey I'm very well aware of her, but this isn't the same type of awkwardness she stages for her show I'm talking about trust me",0,0,,,,True,False,1788275364738839023,blassicliberal,,1788394803215937760,1788394803215937760,1,164,27,0,data/tweets.js,,"blassicliberal,tylerduran21,MagicRosey",
1788538870897791391,TXTrickWhooper,2024-05-09T11:57:50Z,2024-05-09T06:57:50-05:00,,,False,2024,"@nut_history I don’t know when either of those albums came out bro.

Love Nolan tho",2,0,,,,True,False,1788537407010152909,nut_history,,1788538870897791391,1788538870897791391,1,83,15,0,data/tweets.js,,nut_history,
1788541794495377408,TXTrickWhooper,2024-05-09T12:09:27Z,2024-05-09T07:09:27-05:00,,,False,2024,@jackson_p_101 @nut_history Thanks! Yeah Ryan’s longevity was unmatched especially considering how many pitches they had him throwing back then. I swear the great pitchers age like fine wine. It’s a pleasure to watch,2,0,,,,True,False,1788540075434754065,jackson_p_101,,1788541794495377408,1788541794495377408,1,216,33,0,data/tweets.js,,"jackson_p_101,nut_history",
1788544083717148998,TXTrickWhooper,2024-05-09T12:18:33Z,2024-05-09T07:18:33-05:00,,,False,2024,@TalkinnColts … are we though?…,0,0,,,,True,False,1788323989837754576,TalkinnColts,,1788544083717148998,1788544083717148998,1,31,5,0,data/tweets.js,,TalkinnColts,
1788567057660871047,TXTrickWhooper,2024-05-09T13:49:51Z,2024-05-09T08:49:51-05:00,,,False,2024,@GoldzNight_ I’m a Titans fan and even I think Titans fans suck. Thanks for the love tho,2,1,,,,True,False,1788300985867133204,GoldNight_,,1788567057660871047,1788567057660871047,1,88,17,0,data/tweets.js,,,
1788617078292779118,TXTrickWhooper,2024-05-09T17:08:37Z,2024-05-09T12:08:37-05:00,,,False,2024,@mlbtheshowzone Hopefully @rogerclemens but unfortunately I doubt it will be😔,0,0,,,,True,False,1788615191133130793,mlbtheshowzone,,1788617078292779118,1788617078292779118,1,77,10,0,data/tweets.js,,"mlbtheshowzone,rogerclemens",
1788638355665588698,TXTrickWhooper,2024-05-09T18:33:09Z,2024-05-09T13:33:09-05:00,,,False,2024,@Philly__Nation @TDavenport_NFL @JFowlerESPN @Eagles Please god no never trade with this dastardly franchise again,1,0,,,,True,False,1788623549290144203,Philly__Nation,,1788638355665588698,1788638355665588698,1,114,14,0,data/tweets.js,,"Philly__Nation,TDavenport_NFL,JFowlerESPN,Eagles",
1788787027732791396,TXTrickWhooper,2024-05-10T04:23:56Z,2024-05-09T23:23:56-05:00,,,False,2024,@nut_history Mine was an Eddie George Titans jersey but Pujols was my first baseball one,0,0,,,,True,False,1788735642140111112,nut_history,,1788787027732791396,1788787027732791396,1,88,15,0,data/tweets.js,,nut_history,
1788787432554418607,TXTrickWhooper,2024-05-10T04:25:32Z,2024-05-09T23:25:32-05:00,,,False,2024,RT @GMenJay: I could really go for one of those terrible Thursday Night Football games right about now.,0,0,,,,False,False,,,,1788787432554418607,1788787432554418607,1,103,18,0,data/tweets.js,,GMenJay,
1788873959724679622,TXTrickWhooper,2024-05-10T10:09:22Z,2024-05-10T05:09:22-05:00,,,False,2024,@CondorCamp @MikeBarnesMedia @CollegeSportsO Dang bro you didn’t have to “Meet the Grahams” my Longhorns,1,0,,,,True,False,1788652714559184960,CondorCamp,,1788873959724679622,1788873959724679622,1,104,14,0,data/tweets.js,,"CondorCamp,MikeBarnesMedia,CollegeSportsO",
1788874298343469487,TXTrickWhooper,2024-05-10T10:10:43Z,2024-05-10T05:10:43-05:00,,,False,2024,@CondorCamp @MikeBarnesMedia @CollegeSportsO But in all seriousness this tweet sounds embarrassingly Aggie for a red raider to have typed out. All it’s missing is calling us “TU”,0,0,,,,True,False,1788652714559184960,CondorCamp,,1788874298343469487,1788874298343469487,1,178,27,0,data/tweets.js,,"CondorCamp,MikeBarnesMedia,CollegeSportsO",
1788901194191995098,TXTrickWhooper,2024-05-10T11:57:35Z,2024-05-10T06:57:35-05:00,,,False,2024,@NevaMiss24 @malika_andrews @TheHoopCentral @KendrickPerkins This would be considered 7 on 7 at best there’s no pads even,1,0,,,,True,False,1788688742108041555,NevaMiss24,,1788901194191995098,1788901194191995098,1,121,17,0,data/tweets.js,,"NevaMiss24,malika_andrews,TheHoopCentral,KendrickPerkins",
1788909019920314511,TXTrickWhooper,2024-05-10T12:28:41Z,2024-05-10T07:28:41-05:00,,,False,2024,"@dcnelsen @LateKickJosh @CoachSark And the heirs are UT grads, gotta love seeing a family escape generational trauma",1,0,,,,True,False,1788619430534184967,dcnelsen,,1788909019920314511,1788909019920314511,1,116,17,0,data/tweets.js,,"dcnelsen,latekickjosh,CoachSark",
1789117779683008800,TXTrickWhooper,2024-05-11T02:18:13Z,2024-05-10T21:18:13-05:00,,,False,2024,"@FSUmollz Hell, does it even have Waffle House?",0,0,,,,True,False,1789113749279764764,FSUmollz,,1789117779683008800,1789117779683008800,1,47,8,0,data/tweets.js,,FSUmollz,
1789562537685500357,TXTrickWhooper,2024-05-12T07:45:32Z,2024-05-12T02:45:32-05:00,,,False,2024,@FootbaIIism Vince Young,0,0,,,,True,False,1789365860756246970,FootbaIIism,,1789562537685500357,1789562537685500357,1,24,3,0,data/tweets.js,,FootbaIIism,
1789702352431091917,TXTrickWhooper,2024-05-12T17:01:06Z,2024-05-12T12:01:06-05:00,,,False,2024,@MLBTheShow This card sucks but I still grinded for it,1,0,,,,True,False,1789702076827668801,MLBTheShow,,1789702352431091917,1789702352431091917,1,54,10,0,data/tweets.js,,MLBTheShow,
1789821153340457079,TXTrickWhooper,2024-05-13T00:53:10Z,2024-05-12T19:53:10-05:00,,,False,2024,@ailahoverton_ When you think about it it’s pretty gay of a dude to last more than 5 minutes if you ask me,0,0,,,,True,False,1789797018296053851,ailahoverton_,,1789821153340457079,1789821153340457079,1,106,22,0,data/tweets.js,,ailahoverton_,
1789897260492325353,TXTrickWhooper,2024-05-13T05:55:36Z,2024-05-13T00:55:36-05:00,,,False,2024,"@Brooks_Gate How are the Dodgers in the dynasty tier when they only have 1 championship (in a shortened, unprecedented season nonetheless)",1,0,,,,True,False,1789830273468670317,Brooks_Gate,,1789897260492325353,1789897260492325353,1,138,21,0,data/tweets.js,,Brooks_Gate,
1792362280556146989,TXTrickWhooper,2024-05-20T01:10:42Z,2024-05-19T20:10:42-05:00,,,False,2024,@BBGreatMoments This is a soft take,0,0,,,,True,False,1792223693529375119,BBGreatMoments,,1792362280556146989,1792362280556146989,1,35,6,0,data/tweets.js,,BBGreatMoments,
1792366225022148893,TXTrickWhooper,2024-05-20T01:26:23Z,2024-05-19T20:26:23-05:00,,,False,2024,"@MLBNetwork Pujols, undoubtedly.",0,0,,,,True,False,1792364618423107742,MLBNetwork,,1792366225022148893,1792366225022148893,1,32,3,0,data/tweets.js,,MLBNetwork,
1792730688825040905,TXTrickWhooper,2024-05-21T01:34:38Z,2024-05-20T20:34:38-05:00,,,False,2024,@BFW Texas A&amp;M,0,0,,,,True,False,1792717024302694822,BFW,,1792730688825040905,1792730688825040905,1,18,3,0,data/tweets.js,,BFW,
1792735815317250251,TXTrickWhooper,2024-05-21T01:55:00Z,2024-05-20T20:55:00-05:00,,,False,2024,@News4SA Flagstop and Cascade Caverns,0,0,,,,True,False,1792555170263371799,News4SA,,1792735815317250251,1792735815317250251,1,37,5,0,data/tweets.js,,News4SA,
1792914975985475873,TXTrickWhooper,2024-05-21T13:46:55Z,2024-05-21T08:46:55-05:00,,,False,2024,@hoennbussy Emerald is truly elite,0,0,,,,True,False,1792260739920490842,sham_exe,,1792914975985475873,1792914975985475873,1,34,5,0,data/tweets.js,,,
1793849068734882123,TXTrickWhooper,2024-05-24T03:38:40Z,2024-05-23T22:38:40-05:00,,,False,2024,@NFL_DovKleiman My QB1!,0,0,,,,True,False,1793847373590143168,NFL_DovKleiman,,1793849068734882123,1793849068734882123,1,23,3,0,data/tweets.js,,NFL_DovKleiman,
1794374377724903597,TXTrickWhooper,2024-05-25T14:26:04Z,2024-05-25T09:26:04-05:00,,,False,2024,Willie Mays is a god walking amongst us https://t.co/21Tvx7xqr2,0,0,,,,False,False,,,,1794374377724903597,1794374377724903597,1,63,9,1,data/tweets.js,,,
1794424470607704565,TXTrickWhooper,2024-05-25T17:45:07Z,2024-05-25T12:45:07-05:00,,,False,2024,Jerry Jones with Zeke Elliott https://t.co/Qqw7ko5d2R,0,0,,,,False,False,,,,1794424470607704565,1794424470607704565,1,53,6,0,data/tweets.js,,,https://x.com/NFL_DovKleiman/status/1794401792291385801
1794424571627511994,TXTrickWhooper,2024-05-25T17:45:31Z,2024-05-25T12:45:31-05:00,,,False,2024,@NFL_DovKleiman Jerry Jones with Zeke Elliott,0,0,,,,True,False,1794401792291385801,NFL_DovKleiman,,1794424571627511994,1794424571627511994,1,45,6,0,data/tweets.js,,NFL_DovKleiman,
1794425295518478355,TXTrickWhooper,2024-05-25T17:48:23Z,2024-05-25T12:48:23-05:00,,,False,2024,@nut_history It’s sure as heck not Oli Marmol (I dearly hope this take comes back to bite me),0,0,,,,True,False,1794390984668934517,nut_history,,1794425295518478355,1794425295518478355,1,93,18,0,data/tweets.js,,nut_history,
1794671404153274678,TXTrickWhooper,2024-05-26T10:06:20Z,2024-05-26T05:06:20-05:00,,,False,2024,"Man @Bijan5Robinson seems like such a genuine, good natured dude.

I heard people say he was a better person than RB school at Texas, but I honestly didn’t believe it was possible till the @BussinWTB pod.

Exudes passion &amp; positivity.",0,0,,,,False,False,,,,1794671404153274678,1794671404153274678,2,238,40,0,data/tweets.js,,"Bijan5Robinson,BussinWTB",
1794671406133002575,TXTrickWhooper,2024-05-26T10:06:21Z,2024-05-26T05:06:21-05:00,,,False,2024,Excellent work boys @TaylorLewan77 @_willcompton,0,0,,,,True,True,1794671404153274678,TXTrickWhooper,,1794671404153274678,1794671404153274678,2,48,5,0,data/tweets.js,,"TaylorLewan77,_willcompton",
1794677073682030957,TXTrickWhooper,2024-05-26T10:28:52Z,2024-05-26T05:28:52-05:00,,,False,2024,"@nut_history Stan the Man. The commitment to the city and team over 20+ years along with his stellar resume gives him the edge over Pujols.

Gibson is also worth mentioning, as his peak and prowess as a big game pitcher fundamentally altered the rules of the game due to his dominance in ‘68.",0,0,,,,True,False,1794377117117112447,nut_history,,1794677073682030957,1794677073682030957,2,292,53,0,data/tweets.js,,nut_history,
1794677533969146207,TXTrickWhooper,2024-05-26T10:30:42Z,2024-05-26T05:30:42-05:00,,,False,2024,"@nut_history Oh, and defensively, of course, the Wizard of Oz. His Shortstop play was smoother than satin",0,0,,,,True,True,1794677073682030957,TXTrickWhooper,,1794677073682030957,1794677073682030957,2,105,17,0,data/tweets.js,,nut_history,
1794679009839861936,TXTrickWhooper,2024-05-26T10:36:34Z,2024-05-26T05:36:34-05:00,,,False,2024,@tasty_magic @shhhgolfison @nut_history Unless you’re a Yankees fan sit down buddy. Your concerns will be promptly acknowledged once your team as much as sniffs the double-digits in titles,1,0,,,,True,False,1794513660821328295,,,1794679009839861936,1794679009839861936,1,188,28,0,data/tweets.js,,"shhhgolfison,nut_history",
1794680796256895484,TXTrickWhooper,2024-05-26T10:43:40Z,2024-05-26T05:43:40-05:00,,,False,2024,"@JLMarche @nut_history Growing up in Memphis my grandma went to HS with McCarver. He asked her on a date, which she declined bc he was catholic (she’s Presbyterian). Years later, he married one of her best friends. Always wonder what life could’ve been playing catch with Cards legends if she said yes😂",0,0,,,,True,False,1794509038178189725,,,1794680796256895484,1794680796256895484,1,302,52,0,data/tweets.js,,nut_history,
1794681320393830595,TXTrickWhooper,2024-05-26T10:45:45Z,2024-05-26T05:45:45-05:00,,,False,2024,@themidnightlur1 @nut_history Lotta pussy in your perspective,0,0,,,,True,False,1794519094370373956,themidnightlur1,,1794681320393830595,1794681320393830595,1,61,7,0,data/tweets.js,,"themidnightlur1,nut_history",
1794685008537694496,TXTrickWhooper,2024-05-26T11:00:24Z,2024-05-26T06:00:24-05:00,,,False,2024,"@JasonReynoldz @Tommyfrankgriff @nut_history Proof?

I get ppl like to troll but I watched him from AAA Memphis till his career ended and his discipline and work ethic were always off the chart. Never hit for power per se, it came natural with food contact.

Regardless, who gives a shit. Everyone in that generation juiced.",0,0,,,,True,False,1794654666858594622,JasonReynoldz,,1794685008537694496,1794685008537694496,1,324,54,0,data/tweets.js,,"JasonReynoldz,Tommyfrankgriff,nut_history",
1794685457961496980,TXTrickWhooper,2024-05-26T11:02:11Z,2024-05-26T06:02:11-05:00,,,False,2024,@theredbird_way Pretty trash but tbh we all knew nothing could beat the alternate cream and baby blue fits,0,0,,,,True,False,1794525450024493204,theredbird_way,,1794685457961496980,1794685457961496980,1,106,18,0,data/tweets.js,,theredbird_way,
1794685847096435020,TXTrickWhooper,2024-05-26T11:03:44Z,2024-05-26T06:03:44-05:00,,,False,2024,@BrettKovach @theredbird_way This is valid the jerseys are alright but the hat seems out of place and mismatched,1,0,,,,True,False,1794530864191471896,BrettKovach,,1794685847096435020,1794685847096435020,1,112,18,0,data/tweets.js,,"BrettKovach,theredbird_way",
1794730303732568558,TXTrickWhooper,2024-05-26T14:00:23Z,2024-05-26T09:00:23-05:00,,,False,2024,"@BrettKovach @theredbird_way Yeah it’s eclectic, the pinstripes are dope too but I wish they were more visible",0,0,,,,True,False,1794713810001100987,BrettKovach,,1794730303732568558,1794730303732568558,1,110,17,0,data/tweets.js,,"BrettKovach,theredbird_way",
1794802051303833912,TXTrickWhooper,2024-05-26T18:45:29Z,2024-05-26T13:45:29-05:00,,,False,2024,@KFCBarstool I believe the song is referring to pedos not black people KFC,0,0,,,,True,False,1794794209435848965,KFCBarstool,,1794802051303833912,1794802051303833912,1,74,13,0,data/tweets.js,,KFCBarstool,
1794803237054533863,TXTrickWhooper,2024-05-26T18:50:12Z,2024-05-26T13:50:12-05:00,,,False,2024,@DarrellBozak04 @alex240204 @WLimestall @BasebaIlKing I bet he hits us with the “Yadi took PEDs”😂😂😂,1,0,,,,True,False,1794542172663849393,DarrellBozak04,,1794803237054533863,1794803237054533863,1,99,14,0,data/tweets.js,,"DarrellBozak04,alex240204,WLimestall,BasebaIlKing",
1794804249651790276,TXTrickWhooper,2024-05-26T18:54:13Z,2024-05-26T13:54:13-05:00,,,False,2024,@themettenburger Fr I’ll be tweeting that gas out to an audience of ~20 onlyfans bots,1,0,,,,True,False,1794760016932851928,themettenburger,,1794804249651790276,1794804249651790276,1,85,15,0,data/tweets.js,,themettenburger,
1794804780663288030,TXTrickWhooper,2024-05-26T18:56:20Z,2024-05-26T13:56:20-05:00,,,False,2024,"@mlbtheshowzone Is it just me or is the Adley card grossly overrated year after year?

Also, start Posada bench Jeffers cut Adley",2,0,,,,True,False,1794790604104483077,mlbtheshowzone,,1794804780663288030,1794804780663288030,1,129,22,0,data/tweets.js,,mlbtheshowzone,
1794869765183566276,TXTrickWhooper,2024-05-26T23:14:33Z,2024-05-26T18:14:33-05:00,,,False,2024,"@obergggg @MaxCowan0 @mlbtheshowzone I was god tier with last year’s Posada and Chipper. About to unlock Posada this year and I’m stoked to try it out

Adley’s swing seems loopier/slower to me for whatever reason. I like him as a player but him and the Griffey cards I’m a perpetual dud with haha",0,0,,,,True,False,1794854804189282498,obergggg,,1794869765183566276,1794869765183566276,1,296,53,0,data/tweets.js,,"obergggg,MaxCowan0,mlbtheshowzone",
1794873506175549941,TXTrickWhooper,2024-05-26T23:29:25Z,2024-05-26T18:29:25-05:00,,,False,2024,@KoDean17 @mlbtheshowzone I haven’t hit 200 ABs with anyone but id say these are my core four best hitters with 70+ PAs this year lol Willie Mays is truly Christ reincarnated no lie https://t.co/p4wI43108n,0,0,,,,True,False,1794863506946412836,KoDean17,,1794873506175549941,1794873506175549941,1,205,34,4,data/tweets.js,,"KoDean17,mlbtheshowzone",
1794882244869586980,TXTrickWhooper,2024-05-27T00:04:09Z,2024-05-26T19:04:09-05:00,,,False,2024,@Himmy_N3utron @NFLHateMemes You’re a saint sir,54,0,,,,True,False,1794879764907655662,Elton_Jawn1533,,1794882244869586980,1794882244869586980,1,47,6,0,data/tweets.js,,NFLHateMemes,
1794903161171513355,TXTrickWhooper,2024-05-27T01:27:15Z,2024-05-26T20:27:15-05:00,,,False,2024,@Himmy_N3utron @NFLHateMemes Boys feasting tonight brudda,2,0,,,,True,False,1794882303732470001,Elton_Jawn1533,,1794903161171513355,1794903161171513355,1,57,6,0,data/tweets.js,,NFLHateMemes,
1794904503625601320,TXTrickWhooper,2024-05-27T01:32:36Z,2024-05-26T20:32:36-05:00,,,False,2024,@tha_hemlo @Himmy_N3utron @rennystempy @NFLHateMemes 30 seconds and a cloud of dust. You know homie’s got the grit😂,1,0,,,,True,False,1794890760711729231,,,1794904503625601320,1794904503625601320,1,115,17,0,data/tweets.js,,NFLHateMemes,
1794906401598542147,TXTrickWhooper,2024-05-27T01:40:08Z,2024-05-26T20:40:08-05:00,,,False,2024,@AB84 Chicks dig the long balls,0,0,,,,True,False,1794903963860717702,AB84,,1794906401598542147,1794906401598542147,1,31,6,0,data/tweets.js,,AB84,
1794928765388411348,TXTrickWhooper,2024-05-27T03:09:00Z,2024-05-26T22:09:00-05:00,,,False,2024,IN GOLDY WE TRUST @Cardinals,1,0,,,,False,False,,,,1794928765388411348,1794928765388411348,1,28,5,0,data/tweets.js,,Cardinals,
1794929271900975524,TXTrickWhooper,2024-05-27T03:11:01Z,2024-05-26T22:11:01-05:00,,,False,2024,"@Guhnrr__ @KoDean17 @mlbtheshowzone You act like 95% of the community doesn’t play strictly all star. But if you’d like to know, my rating is 722",0,0,,,,True,False,1794918798367338672,Guhnrr__,,1794929271900975524,1794929271900975524,1,145,25,0,data/tweets.js,,"Guhnrr__,KoDean17,mlbtheshowzone",
1794929677490176151,TXTrickWhooper,2024-05-27T03:12:37Z,2024-05-26T22:12:37-05:00,,,False,2024,@Guhnrr__ @KoDean17 @mlbtheshowzone Also don’t hate on my boi KoDean no one asked for your negative input,0,0,,,,True,False,1794918798367338672,Guhnrr__,,1794929677490176151,1794929677490176151,1,105,17,0,data/tweets.js,,"Guhnrr__,KoDean17,mlbtheshowzone",
1794930171243630911,TXTrickWhooper,2024-05-27T03:14:35Z,2024-05-26T22:14:35-05:00,,,False,2024,@Guhnrr__ @KoDean17 @mlbtheshowzone If we’re being honest veteran is the hardest difficulty to hit,0,0,,,,True,False,1794929465941999923,Guhnrr__,,1794930171243630911,1794930171243630911,1,98,14,0,data/tweets.js,,"Guhnrr__,KoDean17,mlbtheshowzone",
1794931102089683435,TXTrickWhooper,2024-05-27T03:18:17Z,2024-05-26T22:18:17-05:00,,,False,2024,@Guhnrr__ @KoDean17 @mlbtheshowzone That’s cause I wasn’t joking. I prefer HOF and Legend bc I’m always early,0,0,,,,True,False,1794930830000943304,Guhnrr__,,1794931102089683435,1794931102089683435,1,109,17,0,data/tweets.js,,"Guhnrr__,KoDean17,mlbtheshowzone",
1794931334433165508,TXTrickWhooper,2024-05-27T03:19:12Z,2024-05-26T22:19:12-05:00,,,False,2024,@Guhnrr__ @KoDean17 @mlbtheshowzone You exude New York tips (whatever the hell that means),0,0,,,,True,False,1794930682923528627,Guhnrr__,,1794931334433165508,1794931334433165508,1,90,13,0,data/tweets.js,,"Guhnrr__,KoDean17,mlbtheshowzone",
1794932668465058087,TXTrickWhooper,2024-05-27T03:24:31Z,2024-05-26T22:24:31-05:00,,,False,2024,@Guhnrr__ @KoDean17 @mlbtheshowzone Damn bro you got me,0,0,,,,True,False,1794931683806130202,Guhnrr__,,1794932668465058087,1794932668465058087,1,55,8,0,data/tweets.js,,"Guhnrr__,KoDean17,mlbtheshowzone",
1794934642648518855,TXTrickWhooper,2024-05-27T03:32:21Z,2024-05-26T22:32:21-05:00,,,False,2024,@Guhnrr__ @KoDean17 @mlbtheshowzone “I’m sure you do all star warrior” https://t.co/EHnUbEHpqN,0,0,,,,True,False,1794931753930637541,Guhnrr__,,1794934642648518855,1794934642648518855,1,94,11,1,data/tweets.js,,"Guhnrr__,KoDean17,mlbtheshowzone",
1794937515155353862,TXTrickWhooper,2024-05-27T03:43:46Z,2024-05-26T22:43:46-05:00,,,False,2024,@Guhnrr__ @Nutzypoo_ttv You won’t post a pic of your ranked record,0,0,,,,True,False,1794908932881985867,Guhnrr__,,1794937515155353862,1794937515155353862,1,66,11,0,data/tweets.js,,"Guhnrr__,Nutzypoo_ttv",
1794937797331288411,TXTrickWhooper,2024-05-27T03:44:53Z,2024-05-26T22:44:53-05:00,,,False,2024,@Guhnrr__ @KoDean17 @mlbtheshowzone Post your record King I’d love to see what a real player looks like,0,0,,,,True,False,1794937217611391191,Guhnrr__,,1794937797331288411,1794937797331288411,1,103,17,0,data/tweets.js,,"Guhnrr__,KoDean17,mlbtheshowzone",
1794938725883146542,TXTrickWhooper,2024-05-27T03:48:35Z,2024-05-26T22:48:35-05:00,,,False,2024,@Guhnrr__ @KoDean17 @mlbtheshowzone You know what’d really get me? Posting a pic of ur ranked record,0,0,,,,True,False,1794937246531141869,Guhnrr__,,1794938725883146542,1794938725883146542,1,100,16,0,data/tweets.js,,"Guhnrr__,KoDean17,mlbtheshowzone",
1794939789957058569,TXTrickWhooper,2024-05-27T03:52:48Z,2024-05-26T22:52:48-05:00,,,False,2024,@Guhnrr__ @KoDean17 @mlbtheshowzone That’s what I thought lol,0,0,,,,True,False,1794939353137041634,Guhnrr__,,1794939789957058569,1794939789957058569,2,61,8,0,data/tweets.js,,"Guhnrr__,KoDean17,mlbtheshowzone",
1794940733948117059,TXTrickWhooper,2024-05-27T03:56:34Z,2024-05-26T22:56:34-05:00,,,False,2024,"@Guhnrr__ @KoDean17 @mlbtheshowzone https://t.co/d6cn26DdpJ

^Here you go buddy. Shouldn’t take too long to find yourself since you’ll surely be at the top",0,0,,,,True,True,1794939789957058569,TXTrickWhooper,,1794939789957058569,1794939789957058569,2,155,22,0,data/tweets.js,,"Guhnrr__,KoDean17,mlbtheshowzone",https://mlb24.theshow.com/leaderboards/lifetime
1794941542173708766,TXTrickWhooper,2024-05-27T03:59:46Z,2024-05-26T22:59:46-05:00,,,False,2024,@Guhnrr__ @KoDean17 @mlbtheshowzone https://t.co/d6cn26DdpJ,0,0,,,,True,False,1794940257361940654,Guhnrr__,,1794941542173708766,1794941542173708766,1,59,4,0,data/tweets.js,,"Guhnrr__,KoDean17,mlbtheshowzone",https://mlb24.theshow.com/leaderboards/lifetime
1794942503910859260,TXTrickWhooper,2024-05-27T04:03:36Z,2024-05-26T23:03:36-05:00,,,False,2024,@Guhnrr__ @KoDean17 @mlbtheshowzone That’s irrelevant,0,0,,,,True,False,1794941293258498305,Guhnrr__,,1794942503910859260,1794942503910859260,1,53,5,0,data/tweets.js,,"Guhnrr__,KoDean17,mlbtheshowzone",
1794945145949069771,TXTrickWhooper,2024-05-27T04:14:05Z,2024-05-26T23:14:05-05:00,,,False,2024,@Guhnrr__ @KoDean17 @mlbtheshowzone Expound,0,0,,,,True,False,1794944134979199121,Guhnrr__,,1794945145949069771,1794945145949069771,1,43,4,0,data/tweets.js,,"Guhnrr__,KoDean17,mlbtheshowzone",
1794948850085732711,TXTrickWhooper,2024-05-27T04:28:49Z,2024-05-26T23:28:49-05:00,,,False,2024,@Guhnrr__ @KoDean17 @mlbtheshowzone I’m 28. It’s just obvious you’re all talk no substance considering your entire twitter history is trying to cut down others,0,0,,,,True,False,1794947474936795296,Guhnrr__,,1794948850085732711,1794948850085732711,2,159,24,0,data/tweets.js,,"Guhnrr__,KoDean17,mlbtheshowzone",
1794949330199298334,TXTrickWhooper,2024-05-27T04:30:43Z,2024-05-26T23:30:43-05:00,,,False,2024,@Guhnrr__ @KoDean17 @mlbtheshowzone (Half of which are top 25 ranked players all time in the game btw),0,0,,,,True,True,1794948850085732711,TXTrickWhooper,,1794948850085732711,1794948850085732711,2,102,17,0,data/tweets.js,,"Guhnrr__,KoDean17,mlbtheshowzone",
1795097366724292873,TXTrickWhooper,2024-05-27T14:18:58Z,2024-05-27T09:18:58-05:00,,,False,2024,@Guhnrr__ @KoDean17 @mlbtheshowzone I do indeed buddy boy. As an all star warrior I’ve touched grass and talked to women once or twice in my time,0,0,,,,True,False,1794951953249918993,Guhnrr__,,1795097366724292873,1795097366724292873,1,145,26,0,data/tweets.js,,"Guhnrr__,KoDean17,mlbtheshowzone",
1795140448996008377,TXTrickWhooper,2024-05-27T17:10:09Z,2024-05-27T12:10:09-05:00,,,False,2024,@TalkinBaseball_ @paintsbyparkin Pretty sick but you know dem Drake dick riders finna be fuming there’s no ode to him,0,0,,,,True,False,1795133263679308207,TalkinBaseball_,,1795140448996008377,1795140448996008377,1,117,19,0,data/tweets.js,,"TalkinBaseball_,paintsbyparkin",
1795143300841673144,TXTrickWhooper,2024-05-27T17:21:29Z,2024-05-27T12:21:29-05:00,,,False,2024,@TalkinBaseball_ @paintsbyparkin If these were released prior to the Kendrick/Drake beef would Drake have gotten an ode?,0,0,,,,True,False,1795133263679308207,TalkinBaseball_,,1795143300841673144,1795143300841673144,1,120,17,0,data/tweets.js,,"TalkinBaseball_,paintsbyparkin",
1795148951382897050,TXTrickWhooper,2024-05-27T17:43:56Z,2024-05-27T12:43:56-05:00,,,False,2024,@kourtneyinhell Real chicken and the egg scenario. The world may never know for sure,0,0,,,,True,False,1794834381833445753,kourtneyinhell,,1795148951382897050,1795148951382897050,1,84,14,0,data/tweets.js,,kourtneyinhell,
1795149262780596479,TXTrickWhooper,2024-05-27T17:45:11Z,2024-05-27T12:45:11-05:00,,,False,2024,@TalkinBaseball_ Damn the annual dodgers collapse doesn’t usually come till October,0,0,,,,True,False,1794857918153851147,TalkinBaseball_,,1795149262780596479,1795149262780596479,1,83,11,0,data/tweets.js,,TalkinBaseball_,
1795275055141929424,TXTrickWhooper,2024-05-28T02:05:02Z,2024-05-27T21:05:02-05:00,,,False,2024,@TalkinBaseball_ Baseball is healing,0,0,,,,True,False,1795262318525431861,TalkinBaseball_,,1795275055141929424,1795275055141929424,1,36,4,0,data/tweets.js,,TalkinBaseball_,
1795275264009859184,TXTrickWhooper,2024-05-28T02:05:52Z,2024-05-27T21:05:52-05:00,,,False,2024,Baseball is healing y’all https://t.co/iyG1lEqdHF,0,0,,,,False,False,,,,1795275264009859184,1795275264009859184,1,49,5,0,data/tweets.js,,,https://x.com/TalkinBaseball_/status/1795262318525431861
1795282989469126840,TXTrickWhooper,2024-05-28T02:36:34Z,2024-05-27T21:36:34-05:00,,,False,2024,@MLBNetwork The pitch that broke Lidge https://t.co/h3m1WNbb42,0,0,,,,True,False,1795213893184184739,MLBNetwork,,1795282989469126840,1795282989469126840,1,62,7,1,data/tweets.js,,MLBNetwork,
1795283462489821371,TXTrickWhooper,2024-05-28T02:38:26Z,2024-05-27T21:38:26-05:00,,,False,2024,@TalkinBaseball_ This has become yearly routine for him at this point,0,0,,,,True,False,1795191132780933414,TalkinBaseball_,,1795283462489821371,1795283462489821371,1,69,11,0,data/tweets.js,,TalkinBaseball_,
1795283651435110544,TXTrickWhooper,2024-05-28T02:39:11Z,2024-05-27T21:39:11-05:00,,,False,2024,@NFLonPrime David Thomas🤘,0,0,,,,True,False,1795111984519581986,NFLonPrime,,1795283651435110544,1795283651435110544,1,25,3,0,data/tweets.js,,NFLonPrime,
1795285967861145643,TXTrickWhooper,2024-05-28T02:48:24Z,2024-05-27T21:48:24-05:00,,,False,2024,@brandon_beatnet @ImAPMSMark @LurkinTomGaming @TheDunkCentral This Draymond Green? https://t.co/P1LzdHVwWJ,0,0,,,,True,False,1790034457761620081,brandon_beatnet,,1795285967861145643,1795285967861145643,1,106,8,1,data/tweets.js,,"brandon_beatnet,LurkinTomGaming,TheDunkCentral",
1795360782101741568,TXTrickWhooper,2024-05-28T07:45:41Z,2024-05-28T02:45:41-05:00,,,False,2024,"Dawg needs to be more organic with the conversation. Classic “reading from a script” scenario you see in Sales. They see through it.

Make a few jokes (preferably on the fly), be yourself, act in good nature, and don’t ever be ashamed if they don’t appreciate or understand your uniqueness.

“Hey you’re pretty can I have your number” is something they hear 20 times a night at the bar, but it’s the guy who doesn’t waver in his own skin that stands out.",,,,,,False,False,,,,1795360782101741568,1795360782101741568,1,455,83,0,data/note-tweet.js,,,
1795360782185611314,TXTrickWhooper,2024-05-28T07:45:41Z,2024-05-28T02:45:41-05:00,,,False,2024,"@ModernVirility Dawg needs to be more organic with the conversation. Classic “reading from a script” scenario you see in Sales. They see through it.

Make a few jokes (preferably on the fly), be yourself, act in good nature, and don’t ever be ashamed if they don’t appreciate or understand your…",1,0,,,,True,False,1795069927809831199,ModernVirility,,1795360782185611314,1795360782185611314,1,296,50,0,data/tweets.js,,ModernVirility,
1795374957796671648,TXTrickWhooper,2024-05-28T08:42:01Z,2024-05-28T03:42:01-05:00,,,False,2024,"@therapistken @MLBNetwork @jonmorosi Ken, I won’t even comment on how bad Contreras going to STL must hurt.

Instead, I’ll spend my tweet asking you if you’re aware your handle I assume is meant to be “@TherapistKen” can easily be mistaken as “@TheRapistKen” as well",0,0,,,,True,False,1794486791355150420,therapistken,,1795374957796671648,1795374957796671648,1,266,44,0,data/tweets.js,,"therapistken,MLBNetwork,jonmorosi,therapistken,therapistken",
1795403358767112199,TXTrickWhooper,2024-05-28T10:34:52Z,2024-05-28T05:34:52-05:00,,,False,2024,@YankeeWRLD @jamse_hanus Hit you with the follow out of pure respect for this tweet,0,0,,,,True,False,1794761525678219573,BaseballWRLD_,,1795403358767112199,1795403358767112199,1,83,14,0,data/tweets.js,,YankeeWRLD,
1796125300381593710,TXTrickWhooper,2024-05-30T10:23:36Z,2024-05-30T05:23:36-05:00,,,False,2024,"RT @moonlightcammy: if you plan on going to times square tomorrow, please don’t!!! https://t.co/Dz60opC3xc",0,0,,,,False,False,,,,1796125300381593710,1796125300381593710,1,106,14,1,data/tweets.js,,moonlightcammy,
1796135577869312192,TXTrickWhooper,2024-05-30T11:04:27Z,2024-05-30T06:04:27-05:00,,,False,2024,"RT @AB84: Cracker of the Day

Fuck wit da vibe #CTESPN @zachlanebryan https://t.co/5dTK2b6hjL",0,0,,,,False,False,,,,1796135577869312192,1796135577869312192,1,93,13,1,data/tweets.js,CTESPN,"AB84,zachlanebryan",
1796135627982864425,TXTrickWhooper,2024-05-30T11:04:38Z,2024-05-30T06:04:38-05:00,,,False,2024,@AB84 @zachlanebryan LFG AB great taste,0,0,,,,True,False,1795813172013838527,AB84,,1796135627982864425,1796135627982864425,1,39,6,0,data/tweets.js,,"AB84,zachlanebryan",
1796175695531438297,TXTrickWhooper,2024-05-30T13:43:51Z,2024-05-30T08:43:51-05:00,,,False,2024,The fact 12 people bookmarked this tweet instead of the one above😂 #TitanUp #WillLevis #GiaDuddy https://t.co/QasA0pc5v2,0,0,,,,False,False,,,,1796175695531438297,1796175695531438297,1,120,16,0,data/tweets.js,"TitanUp,WillLevis,GiaDuddy",,https://x.com/TXTrickWhooper/status/1794882244869586980
1796220076992922046,TXTrickWhooper,2024-05-30T16:40:13Z,2024-05-30T11:40:13-05:00,,,False,2024,@AB84 @sydney_sweeney @sydney_sweeney is never not the crackacita of the day,0,0,,,,True,False,1796204838528954723,AB84,,1796220076992922046,1796220076992922046,1,76,11,0,data/tweets.js,,"AB84,sydney_sweeney,sydney_sweeney",
1796220480015204771,TXTrickWhooper,2024-05-30T16:41:49Z,2024-05-30T11:41:49-05:00,,,False,2024,"@zachlanebryan Enjoy Zach, this both means you’ve made it and peaked simultaneously",0,0,,,,True,False,1795958276334514543,zachlanebryan,,1796220480015204771,1796220480015204771,1,83,12,0,data/tweets.js,,zachlanebryan,
1796287983072534729,TXTrickWhooper,2024-05-30T21:10:03Z,2024-05-30T16:10:03-05:00,,,False,2024,@MLBTheShow I literally have nothing left to achieve in season 1 y’all. Please don’t make me touch grass SDS,0,0,,,,True,False,1796285616889675944,MLBTheShow,,1796287983072534729,1796287983072534729,1,108,19,0,data/tweets.js,,MLBTheShow,
1796288327009628619,TXTrickWhooper,2024-05-30T21:11:25Z,2024-05-30T16:11:25-05:00,,,False,2024,@sspencerukk Preach brother. A man can only dream of possessing this anaconda of a dong,0,0,,,,True,False,1796150277180965041,sspencerukk,,1796288327009628619,1796288327009628619,1,87,15,0,data/tweets.js,,sspencerukk,
1796352434341908794,TXTrickWhooper,2024-05-31T01:26:09Z,2024-05-30T20:26:09-05:00,,,False,2024,@TalkinBaseball_ Does this woman have any passion for or knowledge of what she does?,0,0,,,,True,False,1796263090109263999,TalkinBaseball_,,1796352434341908794,1796352434341908794,1,84,14,0,data/tweets.js,,TalkinBaseball_,
1796538227987562738,TXTrickWhooper,2024-05-31T13:44:26Z,2024-05-31T08:44:26-05:00,,,False,2024,@tylerduran21 @IonCareeeeeee I’d give her my Palestinian Chicken if you catch my drift https://t.co/Np808rQ7JT,0,0,,,,True,False,1796137724572823910,tylerduran21,,1796538227987562738,1796538227987562738,1,110,14,1,data/tweets.js,,"tylerduran21,IonCareeeeeee",
1796566843987263540,TXTrickWhooper,2024-05-31T15:38:08Z,2024-05-31T10:38:08-05:00,,,False,2024,@News4SA C’mon News 4 we all know everyone’s minds have been made up since Day 0 ain’t nothing changing,4,0,,,,True,False,1796563115791798692,News4SA,,1796566843987263540,1796566843987263540,1,103,19,0,data/tweets.js,,News4SA,
1796594225703981527,TXTrickWhooper,2024-05-31T17:26:57Z,2024-05-31T12:26:57-05:00,,,False,2024,"@loslonghorns As much as I hate to admit it, Adrian might’ve been the best RB of his generation period.",0,0,,,,True,False,1796543167409377700,loslonghorns,,1796594225703981527,1796594225703981527,1,103,19,0,data/tweets.js,,loslonghorns,
1796595011196420584,TXTrickWhooper,2024-05-31T17:30:04Z,2024-05-31T12:30:04-05:00,,,False,2024,"@News4SA Dude, you’re asking obvious questions today. I don’t know a soul who prefers using QR codes",1,0,,,,True,False,1796590322392215864,News4SA,,1796595011196420584,1796595011196420584,1,100,17,0,data/tweets.js,,News4SA,
1796600681476006214,TXTrickWhooper,2024-05-31T17:52:36Z,2024-05-31T12:52:36-05:00,,,False,2024,"@LisaFitsU3 @finebaum @_delconte Usually Bama fans are extremely knowledgeable in my experience. You, Lisa, do not fit into that category.",1,0,,,,True,False,1795989838916915419,LisaRawlsFit,,1796600681476006214,1796600681476006214,1,138,20,0,data/tweets.js,,"finebaum,_delconte",
1796606327957168387,TXTrickWhooper,2024-05-31T18:15:02Z,2024-05-31T13:15:02-05:00,,,False,2024,@CFBRep They did my boy Quinn dirty,0,0,,,,True,False,1796600732155773179,CFBReport,,1796606327957168387,1796606327957168387,1,35,7,0,data/tweets.js,,,
1796688664237363534,TXTrickWhooper,2024-05-31T23:42:13Z,2024-05-31T18:42:13-05:00,,,False,2024,JALIN!!!!! @TexasBaseball #HookEm,0,0,,,,False,False,,,,1796688664237363534,1796688664237363534,1,33,3,0,data/tweets.js,HookEm,TexasBaseball,
1796688749046149387,TXTrickWhooper,2024-05-31T23:42:33Z,2024-05-31T18:42:33-05:00,,,False,2024,"RT @TexasBaseball: THE GRAND SLAM MAN.

@YOUNG_JFLOW’S 18TH OF THE YEAR MAKES IT 10-2 HORNS! https://t.co/V8OV7KKD9K",0,0,,,,False,False,,,,1796688749046149387,1796688749046149387,1,117,16,0,data/tweets.js,,TexasBaseball,
1796689327214170138,TXTrickWhooper,2024-05-31T23:44:51Z,2024-05-31T18:44:51-05:00,,,False,2024,JACK DAT GRANNY J FLOW @young_jflow #HookEm bro made Blue Bell Park look certified Mickey Mouse https://t.co/uFD8v7SDsM,0,0,,,,False,False,,,,1796689327214170138,1796689327214170138,1,119,17,0,data/tweets.js,HookEm,,https://x.com/TexasBaseball/status/1796688689579409693
1796689670954164658,TXTrickWhooper,2024-05-31T23:46:13Z,2024-05-31T18:46:13-05:00,,,False,2024,@TexasBaseball @young_jflow That ball decided to get an early flight home to Austin!,0,0,,,,True,False,1796688689579409693,TexasBaseball,,1796689670954164658,1796689670954164658,1,84,13,0,data/tweets.js,,TexasBaseball,
1796890848195457118,TXTrickWhooper,2024-06-01T13:05:37Z,2024-06-01T08:05:37-05:00,,,False,2024,@HoustonChron Idc I’m still shitting at @bucees over my own house,0,0,,,,True,False,1796207978355265721,HoustonChron,,1796890848195457118,1796890848195457118,1,65,11,0,data/tweets.js,,"HoustonChron,bucees",
1796942861096653289,TXTrickWhooper,2024-06-01T16:32:18Z,2024-06-01T11:32:18-05:00,,,False,2024,"@NFL_DovKleiman Start Henry, Bench Saquon, Cut Mostert

Only a simpleton would do otherwise",0,0,,,,True,False,1796940268555632712,NFL_DovKleiman,,1796942861096653289,1796942861096653289,1,91,13,0,data/tweets.js,,NFL_DovKleiman,
1796951365836558709,TXTrickWhooper,2024-06-01T17:06:06Z,2024-06-01T12:06:06-05:00,,,False,2024,RT @GarlicFryRy: That Dodgers dynasty with zero 162 game season championships since 1988 😂🤣😂,0,0,,,,False,False,,,,1796951365836558709,1796951365836558709,1,92,14,0,data/tweets.js,,GarlicFryRy,
1796951871476613533,TXTrickWhooper,2024-06-01T17:08:06Z,2024-06-01T12:08:06-05:00,,,False,2024,@GarlicFryRy Dodgers would fit better amongst the Blue Blood poverty franchises,0,0,,,,True,False,1796655160455987703,GarlicFryRy,,1796951871476613533,1796951871476613533,1,79,11,0,data/tweets.js,,GarlicFryRy,
1796952310469235100,TXTrickWhooper,2024-06-01T17:09:51Z,2024-06-01T12:09:51-05:00,,,False,2024,@GarlicFryRy Wearing a Dodgers hat in public = never watched baseball but liked the colors,0,0,,,,True,False,1796655160455987703,GarlicFryRy,,1796952310469235100,1796952310469235100,1,90,15,0,data/tweets.js,,GarlicFryRy,
1796952614069801380,TXTrickWhooper,2024-06-01T17:11:03Z,2024-06-01T12:11:03-05:00,,,False,2024,@FSUmollz Normalize cigs in the house,2,0,,,,True,False,1796952357038608741,FSUmollz,,1796952614069801380,1796952614069801380,1,37,6,0,data/tweets.js,,FSUmollz,
1796966387119804695,TXTrickWhooper,2024-06-01T18:05:47Z,2024-06-01T13:05:47-05:00,,,False,2024,"@nut_history Roger Maris (Cardinal), Joe Torre (Cardinal), and Matt Carpenter in his brief non-Cardinals stint

Also I am 100% not biased and my affiliation did not play a role in this list",4,0,,,,True,False,1796965249997795692,nut_history,,1796966387119804695,1796966387119804695,1,189,32,0,data/tweets.js,,nut_history,
1797032350544453815,TXTrickWhooper,2024-06-01T22:27:54Z,2024-06-01T17:27:54-05:00,,,False,2024,"@Jmvgd56John @nut_history Bader, Gallegos and Voit were in consideration tho",0,0,,,,True,False,1796969744358085087,Jmvgd56John,,1797032350544453815,1797032350544453815,1,76,10,0,data/tweets.js,,"Jmvgd56John,nut_history",
1797059946216923308,TXTrickWhooper,2024-06-02T00:17:33Z,2024-06-01T19:17:33-05:00,,,False,2024,"@NFL_DovKleiman Now do 2,000 yard rushers",0,0,,,,True,False,1796973739273502741,NFL_DovKleiman,,1797059946216923308,1797059946216923308,1,41,6,0,data/tweets.js,,NFL_DovKleiman,
1797061215253873131,TXTrickWhooper,2024-06-02T00:22:36Z,2024-06-01T19:22:36-05:00,,,False,2024,@yacineMTB HBO Max is even worse like would it kill them to have a white voice month for once either that or just not cast purely gay black actors,0,0,,,,True,False,1796657038438576469,yacineMTB,,1797061215253873131,1797061215253873131,1,146,29,0,data/tweets.js,,yacineMTB,
1797061726510145996,TXTrickWhooper,2024-06-02T00:24:38Z,2024-06-01T19:24:38-05:00,,,False,2024,@ayefem_afm @FSUmollz Damn brother that is the least fraternity thing I have heard all day,0,0,,,,True,False,1797060125594734603,ayefem_afm,,1797061726510145996,1797061726510145996,1,90,15,0,data/tweets.js,,"ayefem_afm,FSUmollz",
1797062319454785906,TXTrickWhooper,2024-06-02T00:26:59Z,2024-06-01T19:26:59-05:00,,,False,2024,"@TitleTownGA @scottcoleman55 I appreciate the positivity in your take, but I couldn’t disagree more hombre",1,0,,,,True,False,1797040388915572929,TitleTownGA,,1797062319454785906,1797062319454785906,1,106,15,0,data/tweets.js,,"TitleTownGA,scottcoleman55",
1797062877066481882,TXTrickWhooper,2024-06-02T00:29:12Z,2024-06-01T19:29:12-05:00,,,False,2024,@scottcoleman55 This woman is single-handedly making me more sexist each and every day,0,0,,,,True,False,1797016645036371975,scottcoleman55,,1797062877066481882,1797062877066481882,2,86,13,0,data/tweets.js,,scottcoleman55,
1797063207942602884,TXTrickWhooper,2024-06-02T00:30:31Z,2024-06-01T19:30:31-05:00,,,False,2024,@scottcoleman55 To clarify I honestly i honestly had no opinion either way on women in the booth till I started hearing her calls,0,0,,,,True,True,1797062877066481882,TXTrickWhooper,,1797062877066481882,1797062877066481882,2,129,23,0,data/tweets.js,,scottcoleman55,
1797063564064153724,TXTrickWhooper,2024-06-02T00:31:56Z,2024-06-01T19:31:56-05:00,,,False,2024,@ayefem_afm @FSUmollz Lmao yeah brother I don’t even rip cigs but it does have a lasting aroma weed and douche flutes (aka vapes) don’t have,0,0,,,,True,False,1797062242157867200,ayefem_afm,,1797063564064153724,1797063564064153724,2,140,25,0,data/tweets.js,,"ayefem_afm,FSUmollz",
1797063980340363489,TXTrickWhooper,2024-06-02T00:33:35Z,2024-06-01T19:33:35-05:00,,,False,2024,@ayefem_afm @FSUmollz It’s even worse in your car but nonetheless I still support the #CigsInside movement,0,0,,,,True,True,1797063564064153724,TXTrickWhooper,,1797063564064153724,1797063564064153724,2,106,16,0,data/tweets.js,CigsInside,"ayefem_afm,FSUmollz",
1797064795398484257,TXTrickWhooper,2024-06-02T00:36:49Z,2024-06-01T19:36:49-05:00,,,False,2024,@FrankCrestle @FSUmollz Bro chill out it’s only legal to send boys PayPal. But feel free to hit $ahump20 I’ll happily convert it to Zelle for Mollz,0,0,,,,True,False,1796354211543937214,,,1797064795398484257,1797064795398484257,1,147,26,0,data/tweets.js,,FSUmollz,
1797075743211417973,TXTrickWhooper,2024-06-02T01:20:19Z,2024-06-01T20:20:19-05:00,,,False,2024,LET’S GO @jaredthomas02,2,0,,,,False,False,,,,1797075743211417973,1797075743211417973,1,23,3,0,data/tweets.js,,jaredthomas02,
1797079492935971181,TXTrickWhooper,2024-06-02T01:35:13Z,2024-06-01T20:35:13-05:00,,,False,2024,"RT @TexasBaseball: FIRST PITCH TO SNAKE FARM LEAVES THE YARD!

HORNS LEAD, 1-0!

#HookEm | @jaredthomas02 https://t.co/quafIwrknM",0,0,,,,False,False,,,,1797079492935971181,1797079492935971181,1,130,17,1,data/tweets.js,HookEm,"TexasBaseball,jaredthomas02",
1797246747061752090,TXTrickWhooper,2024-06-02T12:39:50Z,2024-06-02T07:39:50-05:00,,,False,2024,@PFF_College Most consistent program in the country! (8-4),0,0,,,,True,False,1796944043353522313,PFF_College,,1797246747061752090,1797246747061752090,1,58,8,0,data/tweets.js,,PFF_College,
1797338843231686675,TXTrickWhooper,2024-06-02T18:45:47Z,2024-06-02T13:45:47-05:00,,,False,2024,@barstoolsports Why Lesbos been angrier than normal lately for no good reason at all,0,0,,,,True,False,1797334135079350508,barstoolsports,,1797338843231686675,1797338843231686675,1,84,14,0,data/tweets.js,,barstoolsports,
1797341202871640370,TXTrickWhooper,2024-06-02T18:55:10Z,2024-06-02T13:55:10-05:00,,,False,2024,@dhookstead Women have a talent for cutting each other down it’s wild,0,0,,,,True,False,1796998124180849146,dhookstead,,1797341202871640370,1797341202871640370,1,69,12,0,data/tweets.js,,dhookstead,
1797341935775973423,TXTrickWhooper,2024-06-02T18:58:05Z,2024-06-02T13:58:05-05:00,,,False,2024,@KFCBarstool None of the options are good answers,0,0,,,,True,False,1797322184538370161,KFCBarstool,,1797341935775973423,1797341935775973423,1,49,8,0,data/tweets.js,,KFCBarstool,
1799017632479506620,TXTrickWhooper,2024-06-07T09:56:42Z,2024-06-07T04:56:42-05:00,,,False,2024,"@YashMatta03 So…. Latin America isn’t even included in the regions for baseball? Don’t doubt crickets popularity worldwide, but I don’t feel like this source’s data shows the full picture without including multiple baseball enthused countries",0,0,,,,True,False,1798039696523841993,YashMatta03,,1799017632479506620,1799017632479506620,1,242,35,0,data/tweets.js,,YashMatta03,
1799338616268710382,TXTrickWhooper,2024-06-08T07:12:10Z,2024-06-08T02:12:10-05:00,,,False,2024,RT @TheGhostOfHope: Yeah bro paintshop and emblem editor will totally come back… https://t.co/f8ZymPKf4v,0,0,,,,False,False,,,,1799338616268710382,1799338616268710382,1,104,13,0,data/tweets.js,,TheGhostOfHope,
1799339270710165684,TXTrickWhooper,2024-06-08T07:14:46Z,2024-06-08T02:14:46-05:00,,,False,2024,@Moneyartthou @TheGhostOfHope Hahaha shiii I don’t report till they dm me usually but I’ll approve this as non-verbal this the realest thing ever😂,0,0,,,,True,False,1799130268361777432,Moneyartthou,,1799339270710165684,1799339270710165684,1,146,23,0,data/tweets.js,,"Moneyartthou,TheGhostOfHope",
1799342161462272072,TXTrickWhooper,2024-06-08T07:26:16Z,2024-06-08T02:26:16-05:00,,,False,2024,Low key live and die by this logic https://t.co/BHE2bB2oel,2,0,,,,False,False,,,,1799342161462272072,1799342161462272072,1,58,9,0,data/tweets.js,,,https://x.com/Moneyartthou/status/1799130268361777432
1799344508884377821,TXTrickWhooper,2024-06-08T07:35:35Z,2024-06-08T02:35:35-05:00,,,False,2024,"@TTU11wreckem @CJVogel_OTF But y’all would do the same given the opportunity and resources, correct?",0,0,,,,True,False,1799207470361153949,TTU11wreckem,,1799344508884377821,1799344508884377821,1,100,14,0,data/tweets.js,,"TTU11wreckem,CJVogel_OTF",
1799347677831864333,TXTrickWhooper,2024-06-08T07:48:11Z,2024-06-08T02:48:11-05:00,,,False,2024,@MLBTheShow What skill level are you in NBA 2K24 in the rec?,0,0,,,,True,False,1799127572191809653,MLBTheShow,,1799347677831864333,1799347677831864333,1,60,12,0,data/tweets.js,,MLBTheShow,
1799409437993754651,TXTrickWhooper,2024-06-08T11:53:36Z,2024-06-08T06:53:36-05:00,,,False,2024,@the_Koala4 @MLBTheShow Actually only 430 they went light on us,0,0,,,,True,False,1799154497890972144,the_Koala4,,1799409437993754651,1799409437993754651,1,63,10,0,data/tweets.js,,"the_Koala4,MLBTheShow",
1799419884151181614,TXTrickWhooper,2024-06-08T12:35:06Z,2024-06-08T07:35:06-05:00,,,False,2024,@PFF_College No,0,0,,,,True,False,1799156119497220448,PFF_College,,1799419884151181614,1799419884151181614,1,15,2,0,data/tweets.js,,PFF_College,
1799431111006691769,TXTrickWhooper,2024-06-08T13:19:43Z,2024-06-08T08:19:43-05:00,,,False,2024,@Alexzia777 @TinekeYounger01 Dude if you haven’t heard of the organization PETA you would fit in great there,1,0,,,,True,False,1798881666112393641,Alexzia777,,1799431111006691769,1799431111006691769,1,108,17,0,data/tweets.js,,"Alexzia777,TinekeYounger01",
1804515196389507541,TXTrickWhooper,2024-06-22T14:02:03Z,2024-06-22T09:02:03-05:00,,,False,2024,@TSUnfiltered Cain &amp; Abel’s (still in biz just not the same since the location move😔),0,0,,,,True,False,1804337657901715755,BradKellner_,,1804515196389507541,1804515196389507541,1,89,15,0,data/tweets.js,,,
1804700938193473536,TXTrickWhooper,2024-06-23T02:20:08Z,2024-06-22T21:20:08-05:00,,,False,2024,"Agree with car, and you are far from the norm when it comes to males our age. Health and long-term disability are key to ensuring you don’t lose all of your savings (or lose out on years of earning money).

Permanent life policies are interesting as well especially when it comes to wealthy people and business owners. ***Well-built policies bought from quality insurers*** are also useful as tax shelters that are an inflation-protected place to store money that has guaranteed growth untied to the market (minus variable universal life).

Anyway, I’m sure everyone stopped reading after they heard life insurance, but thought I’d share regardless for those interested.",,,,,,False,False,,,,1804700938193473536,1804700938193473536,1,670,108,0,data/note-tweet.js,,,
1804700938285748482,TXTrickWhooper,2024-06-23T02:20:08Z,2024-06-22T21:20:08-05:00,,,False,2024,"@collin_ruth89 @IliaWhy Agree with car, and you are far from the norm when it comes to males our age. Health and long-term disability are key to ensuring you don’t lose all of your savings (or lose out on years of earning money).

Permanent life policies are interesting as well especially when it comes…",1,0,,,,True,False,1804568497810231765,collin_ruth89,,1804700938285748482,1804700938285748482,1,304,53,0,data/tweets.js,,"collin_ruth89,IliaWhy",
1804701595474489770,TXTrickWhooper,2024-06-23T02:22:44Z,2024-06-22T21:22:44-05:00,,,False,2024,@kirawontmiss Naw Hannibal Lecter from Silence of the Lambs will forever be the OG https://t.co/cs8owuVdsi,0,0,,,,True,False,1804551883652051017,kirawontmiss,,1804701595474489770,1804701595474489770,1,106,15,1,data/tweets.js,,kirawontmiss,
1804703792086335969,TXTrickWhooper,2024-06-23T02:31:28Z,2024-06-22T21:31:28-05:00,,,False,2024,"@RyanFurlongCFP As an alum of NM (intern and full-time) I will say this is accurate. But, I also will say the culture and training I experienced in my time there was second-to-none. Management went above and beyond to help, and everyone there genuinely cared about helping and educating peeps",0,0,,,,True,False,1804143401668915429,RyanFurlongFP,,1804703792086335969,1804703792086335969,1,292,49,0,data/tweets.js,,,
1804865261083804050,TXTrickWhooper,2024-06-23T13:13:05Z,2024-06-23T08:13:05-05:00,,,False,2024,"@Kain_357 @MattRoy_TV She’s the crown jewel of a cross-country program that’s dominated nationally since its inception. As a former sprinter for Champion, from years watching them I can tell you our team was always built different, but she’s already the best ever.",0,0,,,,True,False,1804578196630782126,Kain_357,,1804865261083804050,1804865261083804050,1,264,42,0,data/tweets.js,,"Kain_357,MattRoy_TV",
1804866162628420028,TXTrickWhooper,2024-06-23T13:16:40Z,2024-06-23T08:16:40-05:00,,,False,2024,I swear Twitter be letting anyone buy ad space nowadays😬,1,0,,,,False,False,,,,1804866162628420028,1804866162628420028,1,56,10,0,data/tweets.js,,,
1804878523531723018,TXTrickWhooper,2024-06-23T14:05:47Z,2024-06-23T09:05:47-05:00,,,False,2024,@GregSwindell May the baseball gods have mercy upon us for what our great game has become,2,0,,,,True,False,1804877139713433932,GregSwindell,,1804878523531723018,1804878523531723018,1,89,16,0,data/tweets.js,,GregSwindell,
1804879600725405955,TXTrickWhooper,2024-06-23T14:10:04Z,2024-06-23T09:10:04-05:00,,,False,2024,"@tkachuk071 @dmxfury @nut_history Best eye at the plate to ever grace the batter’s box. That said, I always felt his image in the media had a lot to do with him being a little bit colder in interviews compared to Mac or Sosa",0,0,,,,True,False,1804718045522170024,tkachuk071,,1804879600725405955,1804879600725405955,1,224,43,0,data/tweets.js,,"tkachuk071,dmxfury,nut_history",
1804880757116023088,TXTrickWhooper,2024-06-23T14:14:40Z,2024-06-23T09:14:40-05:00,,,False,2024,@Sonnyjr66 @nut_history The great American speedball: greenies &amp; steroids,1,0,,,,True,False,1804655020610035921,Sonnyjr66,,1804880757116023088,1804880757116023088,1,77,9,0,data/tweets.js,,"Sonnyjr66,nut_history",
1804881506633978059,TXTrickWhooper,2024-06-23T14:17:38Z,2024-06-23T09:17:38-05:00,,,False,2024,@avrilanche This Deep South having only one team is far and away the bigger tragedy https://t.co/FzwLRucxYw,0,0,,,,True,False,1804193820076110272,avrilanche,,1804881506633978059,1804881506633978059,1,107,16,1,data/tweets.js,,avrilanche,
1804932938842210606,TXTrickWhooper,2024-06-23T17:42:01Z,2024-06-23T12:42:01-05:00,,,False,2024,@TalkinBaseball_ @See_Hendo Ozzie Smith ??,0,0,,,,True,False,1804906466614132886,TalkinBaseball_,,1804932938842210606,1804932938842210606,1,42,5,0,data/tweets.js,,"TalkinBaseball_,See_Hendo",
1805040553249128505,TXTrickWhooper,2024-06-24T00:49:38Z,2024-06-23T19:49:38-05:00,,,False,2024,"RT @BBGreatMoments: PEDs can’t teach you to swing a bat quite like this.

Still got to hit the ball.

https://t.co/ziwaG2Qbhz",0,0,,,,False,False,,,,1805040553249128505,1805040553249128505,1,126,20,1,data/tweets.js,,BBGreatMoments,
1805041072059416959,TXTrickWhooper,2024-06-24T00:51:42Z,2024-06-23T19:51:42-05:00,,,False,2024,@TalkinBaseball_ No one cares,0,0,,,,True,False,1804699591582822570,TalkinBaseball_,,1805041072059416959,1805041072059416959,1,29,4,0,data/tweets.js,,TalkinBaseball_,
1805041695077081477,TXTrickWhooper,2024-06-24T00:54:10Z,2024-06-23T19:54:10-05:00,,,False,2024,@bakerbakerbaker My worth in every aspect of existence hangs solely on the outcome of my sports teams that given day,2,0,,,,True,False,1804512932035756304,bakerbakerbaker,,1805041695077081477,1805041695077081477,1,116,20,0,data/tweets.js,,bakerbakerbaker,
1805146475686486156,TXTrickWhooper,2024-06-24T07:50:32Z,2024-06-24T02:50:32-05:00,,,False,2024,@BobVR @notgaetti Found the Cubs fan,1,0,,,,True,False,1804947953372578027,BobVR,,1805146475686486156,1805146475686486156,1,36,6,0,data/tweets.js,,"BobVR,notgaetti",
1805252978653184445,TXTrickWhooper,2024-06-24T14:53:44Z,2024-06-24T09:53:44-05:00,,,False,2024,@1Mizzou16693 @TheSkippersView @TalkinBaseball_ @See_Hendo He more than likely will if you look at the sheer consistency over years. I think the MVP trophy puts him over the top,1,0,,,,True,False,1805250593986138267,1Mizzou16693,,1805252978653184445,1805252978653184445,1,177,28,0,data/tweets.js,,"1Mizzou16693,TheSkippersView,TalkinBaseball_,See_Hendo",
1805253669354377686,TXTrickWhooper,2024-06-24T14:56:29Z,2024-06-24T09:56:29-05:00,,,False,2024,@k3bobek @TalkinBaseball_ @See_Hendo I see you have a type,0,0,,,,True,False,1805252210386981212,k3bobek,,1805253669354377686,1805253669354377686,1,58,9,0,data/tweets.js,,"k3bobek,TalkinBaseball_,See_Hendo",
1805262457612509184,TXTrickWhooper,2024-06-24T15:31:24Z,2024-06-24T10:31:24-05:00,,,False,2024,"He’s 24 hits from 2000
Higher career WAR and OPS+ than 14 enshrined HOF first basemen
7-year peak places him better than McGriff and near Helton
#1 1B all time in base running runs above average
1 MVP (3 other separate top 3 finishes), 7x all star, 4x gold glove, 5x silver slugger

Yeah, something tells me they’ll look past not having a .300 BA",,,,,,False,False,,,,1805262457612509184,1805262457612509184,1,346,65,0,data/note-tweet.js,,,
1805262457679532121,TXTrickWhooper,2024-06-24T15:31:24Z,2024-06-24T10:31:24-05:00,,,False,2024,"@1Mizzou16693 @TheSkippersView @TalkinBaseball_ @See_Hendo He’s 24 hits from 2000
Higher career WAR and OPS+ than 14 enshrined HOF first basemen
7-year peak places him better than McGriff and near Helton
#1 1B all time in base running runs above average
1 MVP (3 other separate top 3 finishes), 7x all star, 4x gold glove, 5x silver…",3,0,,,,True,False,1805254141733912746,1Mizzou16693,,1805262457679532121,1805262457679532121,2,333,56,0,data/tweets.js,,"1Mizzou16693,TheSkippersView,TalkinBaseball_,See_Hendo",
1805263017044513268,TXTrickWhooper,2024-06-24T15:33:38Z,2024-06-24T10:33:38-05:00,,,False,2024,"@1Mizzou16693 @TheSkippersView @TalkinBaseball_ @See_Hendo ***Edit: He is top in the expansion era for base running runs above average, not all time***",2,0,,,,True,True,1805262457679532121,TXTrickWhooper,,1805262457679532121,1805262457679532121,2,151,21,0,data/tweets.js,,"1Mizzou16693,TheSkippersView,TalkinBaseball_,See_Hendo",
1805273417450426709,TXTrickWhooper,2024-06-24T16:14:57Z,2024-06-24T11:14:57-05:00,,,False,2024,"@1Mizzou16693 @TheSkippersView @TalkinBaseball_ @See_Hendo So by that logic, Trout’s excluded from consideration because he plays on the Angels? You’re reaching pretty hard.

Oh, and by the way, unless you’re a Yanks fan saying the Cards are garbage is admitting your own team is too. It’s the second winningest franchise in history.",0,0,,,,True,False,1805271820528218126,1Mizzou16693,,1805273417450426709,1805273417450426709,2,333,51,0,data/tweets.js,,"1Mizzou16693,TheSkippersView,TalkinBaseball_,See_Hendo",
1805273673651417455,TXTrickWhooper,2024-06-24T16:15:58Z,2024-06-24T11:15:58-05:00,,,False,2024,@1Mizzou16693 @TheSkippersView @TalkinBaseball_ @See_Hendo Although I will admit last year’s squad was certified trash,1,0,,,,True,True,1805273417450426709,TXTrickWhooper,,1805273417450426709,1805273417450426709,2,118,14,0,data/tweets.js,,"1Mizzou16693,TheSkippersView,TalkinBaseball_,See_Hendo",
1805279948065980519,TXTrickWhooper,2024-06-24T16:40:54Z,2024-06-24T11:40:54-05:00,,,False,2024,@1Mizzou16693 @TheSkippersView @TalkinBaseball_ @See_Hendo Which still places them third among franchises in your specified timeframe https://t.co/gZtAOQBH3O,0,0,,,,True,False,1805278690202501631,1Mizzou16693,,1805279948065980519,1805279948065980519,1,157,16,1,data/tweets.js,,"1Mizzou16693,TheSkippersView,TalkinBaseball_,See_Hendo",
1805281884793929875,TXTrickWhooper,2024-06-24T16:48:36Z,2024-06-24T11:48:36-05:00,,,False,2024,"@Padresclippers @1Mizzou16693 @TheSkippersView @TalkinBaseball_ @See_Hendo He really is quite possibly the most understated and under appreciated greats of our time. Never flashy, but year after year he keeps producing",1,0,,,,True,False,1805263602578014640,Padresclippers,,1805281884793929875,1805281884793929875,1,218,29,0,data/tweets.js,,"Padresclippers,1Mizzou16693,TheSkippersView,TalkinBaseball_,See_Hendo",
1805284214683877617,TXTrickWhooper,2024-06-24T16:57:51Z,2024-06-24T11:57:51-05:00,,,False,2024,@RoFlo I’d love to know what makes you feel this way. Personal preference? Conditions? Or something else entirely?,0,0,,,,True,False,1805282767309009184,RoFlo,,1805284214683877617,1805284214683877617,1,114,18,0,data/tweets.js,,RoFlo,
1805285072859234519,TXTrickWhooper,2024-06-24T17:01:16Z,2024-06-24T12:01:16-05:00,,,False,2024,"@RoFlo If you could replace the name of any MLB team with the name of a MiLB team, which MiLB name would you choose?",0,0,,,,True,False,1805280744501059811,RoFlo,,1805285072859234519,1805285072859234519,1,116,24,0,data/tweets.js,,RoFlo,
1805424713650393202,TXTrickWhooper,2024-06-25T02:16:09Z,2024-06-24T21:16:09-05:00,,,False,2024,@1Mizzou16693 @Padresclippers @TheSkippersView @TalkinBaseball_ @See_Hendo Pretty evident you have some deep held issues with him mayne. You sound like a Texas A&amp;M fan trying to put together an argument,1,0,,,,True,False,1805296383211323742,1Mizzou16693,,1805424713650393202,1805424713650393202,1,206,29,0,data/tweets.js,,"1Mizzou16693,Padresclippers,TheSkippersView,TalkinBaseball_,See_Hendo",
1805430165494792667,TXTrickWhooper,2024-06-25T02:37:49Z,2024-06-24T21:37:49-05:00,,,False,2024,"Aggie fans, how you feeling? #GigEm #hookem #cws #collegeworldseries",0,0,,,,False,False,,,,1805430165494792667,1805430165494792667,1,68,9,0,data/tweets.js,"GigEm,hookem,cws,collegeworldseries",,
1805430267152089521,TXTrickWhooper,2024-06-25T02:38:13Z,2024-06-24T21:38:13-05:00,,,False,2024,@1Mizzou16693 @Padresclippers @TheSkippersView @TalkinBaseball_ @See_Hendo That was quite obvious as well,1,0,,,,True,False,1805429816084283730,1Mizzou16693,,1805430267152089521,1805430267152089521,1,105,11,0,data/tweets.js,,"1Mizzou16693,Padresclippers,TheSkippersView,TalkinBaseball_,See_Hendo",
1805436521693995188,TXTrickWhooper,2024-06-25T03:03:04Z,2024-06-24T22:03:04-05:00,,,False,2024,@PFTCommenter Will Texas A&amp;M ever win another major men’s sports title?,0,0,,,,True,False,1805434766520365086,PFTCommenter,,1805436521693995188,1805436521693995188,1,75,11,0,data/tweets.js,,PFTCommenter,
1805671982719017152,TXTrickWhooper,2024-06-25T18:38:43Z,2024-06-25T13:38:43-05:00,,,False,2024,@AB84 Tweet God,0,0,,,,True,False,1805370396268708061,AB84,,1805671982719017152,1805671982719017152,1,15,3,0,data/tweets.js,,AB84,
1805675434207535287,TXTrickWhooper,2024-06-25T18:52:25Z,2024-06-25T13:52:25-05:00,,,False,2024,@PatMcAfeeShow Sorry for y’all’s loss Pat. You guys will be in my prayers,0,0,,,,True,False,1805648380233740524,PatMcAfeeShow,,1805675434207535287,1805675434207535287,1,73,13,0,data/tweets.js,,PatMcAfeeShow,
1805689137485464029,TXTrickWhooper,2024-06-25T19:46:53Z,2024-06-25T14:46:53-05:00,,,False,2024,@kourtneyinhell My all-time favorite is cum dumpster,0,0,,,,True,False,1805645531886370926,kourtneyinhell,,1805689137485464029,1805689137485464029,1,52,7,0,data/tweets.js,,kourtneyinhell,
1805714527729647713,TXTrickWhooper,2024-06-25T21:27:46Z,2024-06-25T16:27:46-05:00,,,False,2024,@TracesofTexas Seen it many times when I go to study at the Boerne library. The city of Boerne itself and the surrounding area is a treasure trove of obscure Texas history,44,0,,,,True,False,1805701903827058880,TracesofTexas,,1805714527729647713,1805714527729647713,2,171,31,0,data/tweets.js,,TracesofTexas,
1805714560839565626,TXTrickWhooper,2024-06-25T21:27:54Z,2024-06-25T16:27:54-05:00,,,False,2024,"RT @TracesofTexas: Here's a mind-blowing Arcane Texas Fact of the Day:

For many years, a shopworn old Bible was stored in a closet at the…",0,0,,,,False,False,,,,1805714560839565626,1805714560839565626,1,139,25,0,data/tweets.js,,TracesofTexas,
1805715135748506019,TXTrickWhooper,2024-06-25T21:30:11Z,2024-06-25T16:30:11-05:00,,,False,2024,"@TracesofTexas In addition, the library is super nice and has a beautiful walking trail placed right behind it. Highly recommend stopping by for anyone exploring Boerne!",0,0,,,,True,True,1805714527729647713,TXTrickWhooper,,1805714527729647713,1805714527729647713,2,169,26,0,data/tweets.js,,TracesofTexas,
1805789154287947858,TXTrickWhooper,2024-06-26T02:24:18Z,2024-06-25T21:24:18-05:00,,,False,2024,@GHinTX @TracesofTexas Boerne is 100% worth spending an entire weekend exploring! Even outside of the historic downtown there’s a bounty of natural beauty,1,0,,,,True,False,1805753845630300248,GHinTX,,1805789154287947858,1805789154287947858,1,154,23,0,data/tweets.js,,"GHinTX,TracesofTexas",
1806076541677248941,TXTrickWhooper,2024-06-26T21:26:17Z,2024-06-26T16:26:17-05:00,,,False,2024,"@parzival3719 @KMilly33 @agsby90mil They still chose to leave A&amp;M to go to Texas with him, it’s not like he put a gun to their head lol the players are just doing what’s in their best interest to achieve their goals of playing pro ball, winning a title, or whatever else that may entail",0,0,,,,True,False,1805991530433241526,,,1806076541677248941,1806076541677248941,1,290,53,0,data/tweets.js,,"parzival3719,KMilly33,agsby90mil",
1806076777951113221,TXTrickWhooper,2024-06-26T21:27:13Z,2024-06-26T16:27:13-05:00,,,False,2024,"@FortyAcreVibes Naw it ain't slimy at all. At the end of the day, it’s still the players making the decision to leave",1,0,,,,True,False,1806060896776532075,FortyAcreVibes,,1806076777951113221,1806076777951113221,1,117,22,0,data/tweets.js,,FortyAcreVibes,
1806118643849437420,TXTrickWhooper,2024-06-27T00:13:35Z,2024-06-26T19:13:35-05:00,,,False,2024,@c_g_lu @Dankwagers Do you have autism?,0,0,,,,True,False,1805992049222811796,c_g_lu,,1806118643849437420,1806118643849437420,1,39,6,0,data/tweets.js,,"c_g_lu,DankWagers",
1806129640026857472,TXTrickWhooper,2024-06-27T00:57:17Z,2024-06-26T19:57:17-05:00,,,False,2024,"By whose ethics? You’d agree that he was all in while he was with y’all, correct?

Last time I checked there was nothing unethical nor illegal about coaches bringing over ex-players in the portal.

Look, y’all have every right to be upset, I would be too. The presser was handled poorly, which I’m sure he regrets, but it’s pretty clear A&M got outmaneuvered by Del Conte, and you can’t knock Schloss for doing what’s best for him.",,,,,,False,False,,,,1806129640026857472,1806129640026857472,1,431,77,0,data/note-tweet.js,,,
1806129640110776425,TXTrickWhooper,2024-06-27T00:57:17Z,2024-06-26T19:57:17-05:00,,,False,2024,"@parzival3719 @KMilly33 @agsby90mil By whose ethics? You’d agree that he was all in while he was with y’all, correct?

Last time I checked there was nothing unethical nor illegal about coaches bringing over ex-players in the portal.

Look, y’all have every right to be upset, I would be too. The presser was handled…",0,0,,,,True,False,1806090138218549490,,,1806129640110776425,1806129640110776425,1,316,53,0,data/tweets.js,,"parzival3719,KMilly33,agsby90mil",
1806284732176437656,TXTrickWhooper,2024-06-27T11:13:33Z,2024-06-27T06:13:33-05:00,,,False,2024,"@parzival3719 @KMilly33 @agsby90mil I find it highly unlikely he recruited players in season to transfer - it getting leaked would be way too risky. How would someone not have caught wind?

Idk man, I’d just love to see any of the receipts to all these crazy claims",2,0,,,,True,False,1806163061876625786,,,1806284732176437656,1806284732176437656,1,265,47,0,data/tweets.js,,"parzival3719,KMilly33,agsby90mil",
1806510797205520549,TXTrickWhooper,2024-06-28T02:11:52Z,2024-06-27T21:11:52-05:00,,,False,2024,@_willcompton Football guy,0,0,,,,True,False,1806509948269969411,_willcompton,,1806510797205520549,1806510797205520549,1,26,3,0,data/tweets.js,,_willcompton,
1806516391974932957,TXTrickWhooper,2024-06-28T02:34:05Z,2024-06-27T21:34:05-05:00,,,False,2024,RT @stoolpresidente: That's it folks.  Cancel the election.   Let's settle this on the golf course.   Winner takes all.     The only way to…,0,0,,,,False,False,,,,1806516391974932957,1806516391974932957,1,140,22,0,data/tweets.js,,stoolpresidente,
1806516902509834500,TXTrickWhooper,2024-06-28T02:36:07Z,2024-06-27T21:36:07-05:00,,,False,2024,Would it be chill if we stayed on the golf banter for a little longer?,0,0,,,,False,False,,,,1806516902509834500,1806516902509834500,1,70,15,0,data/tweets.js,,,
1806516947745390772,TXTrickWhooper,2024-06-28T02:36:18Z,2024-06-27T21:36:18-05:00,,,False,2024,RT @_willcompton: Dudes being dudes arguing about their golf handicap,0,0,,,,False,False,,,,1806516947745390772,1806516947745390772,1,69,10,0,data/tweets.js,,_willcompton,
1806518169042813331,TXTrickWhooper,2024-06-28T02:41:09Z,2024-06-27T21:41:09-05:00,,,False,2024,Big opportunity for the PGA Tour here to get Biden vs Trump as the 2024 iteration of “The Match”,0,0,,,,False,False,,,,1806518169042813331,1806518169042813331,1,96,19,0,data/tweets.js,,,
1806619825969529134,TXTrickWhooper,2024-06-28T09:25:06Z,2024-06-28T04:25:06-05:00,,,False,2024,"@jabba_steve @AuronMacintyre I would straight up pay to watch him do standup. Luckily for us, we’re fortunate enough to get two roast specials as consolation (the debates)",4,0,,,,True,False,1806526842175647853,AngryBritbong,,1806619825969529134,1806619825969529134,1,171,27,0,data/tweets.js,,AuronMacintyre,
1806643241153904796,TXTrickWhooper,2024-06-28T10:58:09Z,2024-06-28T05:58:09-05:00,,,False,2024,@GranjasRebeldes @SomeguyfromTN @zachlanebryan Says the dude from whatever tf “Middle Mappin” is. Go study grammar in your mother’s basement nerd,1,0,,,,True,False,1806641196288139356,,,1806643241153904796,1806643241153904796,2,145,20,0,data/tweets.js,,"SomeguyfromTN,zachlanebryan",
1806643601209741689,TXTrickWhooper,2024-06-28T10:59:35Z,2024-06-28T05:59:35-05:00,,,False,2024,"@GranjasRebeldes @SomeguyfromTN @zachlanebryan And to be clear I was not on the side of his original tweet by any means, but I ain’t letting you call my brethren dumb",1,0,,,,True,True,1806643241153904796,TXTrickWhooper,,1806643241153904796,1806643241153904796,2,166,29,0,data/tweets.js,,"SomeguyfromTN,zachlanebryan",
1806651948872966222,TXTrickWhooper,2024-06-28T11:32:45Z,2024-06-28T06:32:45-05:00,,,False,2024,"@GranjasRebeldes @SomeguyfromTN @zachlanebryan I graduated from the University of Texas at Austin, how about you?",1,0,,,,True,False,1806648875488350525,,,1806651948872966222,1806651948872966222,1,113,15,0,data/tweets.js,,"SomeguyfromTN,zachlanebryan",
1806653174096281625,TXTrickWhooper,2024-06-28T11:37:37Z,2024-06-28T06:37:37-05:00,,,False,2024,@TheGerman21 @GoodTimeTonyT @mouser58907 @AkidfromA @barstoolsports It literally took scrolling down to the first comment to find this😂,0,0,,,,True,False,1806346394023670121,TheGerman21,,1806653174096281625,1806653174096281625,1,135,17,0,data/tweets.js,,"TheGerman21,GoodTimeTonyT,mouser58907,AkidfromA,barstoolsports",
1806665079456440745,TXTrickWhooper,2024-06-28T12:24:55Z,2024-06-28T07:24:55-05:00,,,False,2024,@GranjasRebeldes @SomeguyfromTN @zachlanebryan I’ll take that as you didn’t - must be why you curse incessantly instead of using real words to express yourself,1,0,,,,True,False,1806658616935510322,,,1806665079456440745,1806665079456440745,1,159,24,0,data/tweets.js,,"SomeguyfromTN,zachlanebryan",
1806665790210383881,TXTrickWhooper,2024-06-28T12:27:45Z,2024-06-28T07:27:45-05:00,,,False,2024,@SomeguyfromTN @GranjasRebeldes @zachlanebryan Appreciate you bro. ‘Twas inspired by the summer of ‘98 and my boyhood hero Big Mac,1,0,,,,True,False,1806657854713028633,SomeguyfromTN,,1806665790210383881,1806665790210383881,1,130,19,0,data/tweets.js,,"SomeguyfromTN,zachlanebryan",
1806666199134310498,TXTrickWhooper,2024-06-28T12:29:22Z,2024-06-28T07:29:22-05:00,,,False,2024,@SOONERSnFITTEDS @bamachrishsv @colecubelic Yeah as much as I wish it was this tweet made me double take😂,1,0,,,,True,False,1806665243172430208,OhItsOklahoma,,1806666199134310498,1806666199134310498,1,105,17,0,data/tweets.js,,"bamachrishsv,colecubelic",
1806666628815630420,TXTrickWhooper,2024-06-28T12:31:05Z,2024-06-28T07:31:05-05:00,,,False,2024,@bamachrishsv @colecubelic Yeah dude I hate to break this to you considering how bad I wish it was true…. But Texas has 4 natties,4,0,,,,True,False,1806664244298985560,bamachrishsv,,1806666628815630420,1806666628815630420,1,129,24,0,data/tweets.js,,"bamachrishsv,colecubelic",
1806672367759843425,TXTrickWhooper,2024-06-28T12:53:53Z,2024-06-28T07:53:53-05:00,,,False,2024,"@AB84 Whoever ends up winning, one thing is certain. Their golf swing will be some iteration of this: https://t.co/1LUmtahhrT",0,0,,,,True,False,1806667947470995911,AB84,,1806672367759843425,1806672367759843425,1,125,19,1,data/tweets.js,,AB84,
1806676899508207619,TXTrickWhooper,2024-06-28T13:11:53Z,2024-06-28T08:11:53-05:00,,,False,2024,Me bragging to some rando at the bar about breaking 100 consistently next to the homie: https://t.co/W7UYw9sN66,0,0,,,,False,False,,,,1806676899508207619,1806676899508207619,1,111,17,0,data/tweets.js,,,https://x.com/SleeperGolf/status/1806514729290265004
1806795068868620694,TXTrickWhooper,2024-06-28T21:01:27Z,2024-06-28T16:01:27-05:00,,,False,2024,@glolikemari @sscumfck LeHOE*,0,0,,,,True,False,1806559481423172073,maritzancole,,1806795068868620694,1806795068868620694,1,29,3,0,data/tweets.js,,sscumfck,
1806833141132231059,TXTrickWhooper,2024-06-28T23:32:44Z,2024-06-28T18:32:44-05:00,,,False,2024,"@BarstoolU @Chicks Did y’all censor my comment on your insta comment (a_hump20) cause it gained traction? Pretty convenient of you to do before it popped off Big BrotherU

For context: Left pic is from my main account, and the right is from my alternate. I hit 28 likes in 7 minutes then they halted https://t.co/BOq46AeFpN",0,0,,,,True,False,1806818606048481367,BarstoolU,,1806833141132231059,1806833141132231059,1,323,55,2,data/tweets.js,,"BarstoolU,Chicks",
1806833631282815234,TXTrickWhooper,2024-06-28T23:34:41Z,2024-06-28T18:34:41-05:00,,,False,2024,@barstoolsports Barstool? More like Big Brother https://t.co/Bx2w2ZjRxP,0,0,,,,True,False,1806827676184846613,barstoolsports,,1806833631282815234,1806833631282815234,1,71,7,0,data/tweets.js,,barstoolsports,https://x.com/TXTrickWhooper/status/1806833141132231059
1806842125465625020,TXTrickWhooper,2024-06-29T00:08:26Z,2024-06-28T19:08:26-05:00,,,False,2024,@TorresOnTexasAM @MadDogUnleashed You know Aggies are down bad when they're quoting Mad Dog Russo and the @FirstTake crew. I'd trust these clowns to debate MJ vs LeBron but that's about it,0,0,,,,True,False,1806125182157033733,TorresOnTexasAM,,1806842125465625020,1806842125465625020,1,188,31,0,data/tweets.js,,"TorresOnTexasAM,MadDogUnleashed,FirstTake",
1806848836263903665,TXTrickWhooper,2024-06-29T00:35:06Z,2024-06-28T19:35:06-05:00,,,False,2024,"@flatland_sports Yup, this is a mid-off if I’ve ever seen one",0,0,,,,True,False,1806454923888050409,flatland_sports,,1806848836263903665,1806848836263903665,1,61,11,0,data/tweets.js,,flatland_sports,
1806853428238237909,TXTrickWhooper,2024-06-29T00:53:21Z,2024-06-28T19:53:21-05:00,,,False,2024,"@HoopMixOnly Derek Jeter might mot even be top 10 in his generation much less the “GOAT” of baseball, casual",0,0,,,,True,False,1806800587377484218,Hoopss,,1806853428238237909,1806853428238237909,1,108,19,0,data/tweets.js,,,
1806861720071061696,TXTrickWhooper,2024-06-29T01:26:18Z,2024-06-28T20:26:18-05:00,,,False,2024,"@barstoolsports Same goes for nearly every baseball coach I ever had, regardless of skill level. Grow some chestnuts, Travis",0,0,,,,True,False,1806345498565005776,barstoolsports,,1806861720071061696,1806861720071061696,1,124,19,0,data/tweets.js,,barstoolsports,
1807006854800634106,TXTrickWhooper,2024-06-29T11:03:01Z,2024-06-29T06:03:01-05:00,,,False,2024,@barstoolsports @StoolBaseball @GottaBelievePod I can’t be the only one that finds this horribly cringe for a baseball game,1,0,,,,True,False,1806880258940956909,barstoolsports,,1807006854800634106,1807006854800634106,1,123,18,0,data/tweets.js,,"barstoolsports,StoolBaseball,GottaBelievePod",
1807008895014965572,TXTrickWhooper,2024-06-29T11:11:07Z,2024-06-29T06:11:07-05:00,,,False,2024,@rpcotan @barstoolsports @StoolBaseball @GottaBelievePod The ~franchise cornerstones~ of the Cubbies,0,0,,,,True,False,1806883861504077934,rpcotan,,1807008895014965572,1807008895014965572,1,100,10,0,data/tweets.js,,"rpcotan,barstoolsports,StoolBaseball,GottaBelievePod",
1807009724723761406,TXTrickWhooper,2024-06-29T11:14:25Z,2024-06-29T06:14:25-05:00,,,False,2024,@chucktotem @YourFriendKyle_ @SonySanDiego @MLBTheShow Bro I play this game more than I work at my own job and can safely tell you that was never a majority sentiment in the community. Especially after last year everyone has been begging to rid the game of em,0,0,,,,True,False,1806875650772611212,chucktotem,,1807009724723761406,1807009724723761406,1,259,45,0,data/tweets.js,,"chucktotem,YourFriendKyle_,SonySanDiego,MLBTheShow",
1808479073267601601,TXTrickWhooper,2024-07-03T12:33:05Z,2024-07-03T07:33:05-05:00,,,False,2024,@JohnnyGiunta_ When did Daniel Vogelbach spawn a child?,0,0,,,,True,False,1808125823838277663,JohnnyGiunta_,,1808479073267601601,1808479073267601601,1,55,8,0,data/tweets.js,,JohnnyGiunta_,
1808479475937554693,TXTrickWhooper,2024-07-03T12:34:41Z,2024-07-03T07:34:41-05:00,,,False,2024,This is what I envision every time I say “drop tanks bang skanks” https://t.co/kPr531YxKw,1,0,,,,False,False,,,,1808479475937554693,1808479475937554693,1,89,14,0,data/tweets.js,,,https://x.com/JohnnyGiunta_/status/1808125823838277663
1808500565770416271,TXTrickWhooper,2024-07-03T13:58:29Z,2024-07-03T08:58:29-05:00,,,False,2024,@MLBTheShow Wooh!! 94,0,0,,,,True,False,1808497281018302795,MLBTheShow,,1808500565770416271,1808500565770416271,1,21,3,0,data/tweets.js,,MLBTheShow,
1808511318107803949,TXTrickWhooper,2024-07-03T14:41:13Z,2024-07-03T09:41:13-05:00,,,False,2024,@AB84 You’re so gracious with your piles of sticks AB!,0,0,,,,True,False,1808510636667686941,AB84,,1808511318107803949,1808511318107803949,1,54,10,0,data/tweets.js,,AB84,
1808512188019069171,TXTrickWhooper,2024-07-03T14:44:40Z,2024-07-03T09:44:40-05:00,,,False,2024,Culty af https://t.co/TuV35306MO,0,0,,,,False,False,,,,1808512188019069171,1808512188019069171,1,32,3,0,data/tweets.js,,,https://x.com/Travis_L_Brown/status/1808208122583863487
1808512627926003953,TXTrickWhooper,2024-07-03T14:46:25Z,2024-07-03T09:46:25-05:00,,,False,2024,@Travis_L_Brown @earleybaseball Culty &amp; cringe: Aggie culture in a nutshell,0,0,,,,True,False,1808208122583863487,Travis_L_Brown,,1808512627926003953,1808512627926003953,1,79,10,0,data/tweets.js,,"Travis_L_Brown,earleybaseball",
1808632668893896730,TXTrickWhooper,2024-07-03T22:43:25Z,2024-07-03T17:43:25-05:00,,,False,2024,@BigGameBoomer Mack Brown. He thrived with delegation and dealing with the inner workings of the billionaire donors at UT while keeping them reasonably appeased,1,0,,,,True,False,1808625048053231976,BigGameBoomer,,1808632668893896730,1808632668893896730,1,160,24,0,data/tweets.js,,BigGameBoomer,
1808634274746147241,TXTrickWhooper,2024-07-03T22:49:48Z,2024-07-03T17:49:48-05:00,,,False,2024,@mlbtheshowzone I’d rather have Bill Buckner will -100 clutch and .2 fielding at 1B than this sad excuse for a July drop,0,0,,,,True,False,1808633500456923398,mlbtheshowzone,,1808634274746147241,1808634274746147241,1,120,22,0,data/tweets.js,,mlbtheshowzone,
1808637872959824339,TXTrickWhooper,2024-07-03T23:04:06Z,2024-07-03T18:04:06-05:00,,,False,2024,"@JeffreyAbel @TheTunnel_Texas Tbh, everyone but Aggies understands what the program’s issues are. A&amp;M athletics has long lacked an identity &amp; foundation culturally, stemming from constant comparison to others, instead of focusing on controllable self-improvement each and every day.",0,0,,,,True,False,1808324639195586620,JeffreyAbel,,1808637872959824339,1808637872959824339,1,290,38,0,data/tweets.js,,"JeffreyAbel,TheTunnel_Texas",
1808640948601057657,TXTrickWhooper,2024-07-03T23:16:19Z,2024-07-03T18:16:19-05:00,,,False,2024,@txag_girl @TheTunnel_Texas @Misformoneyy ChatGPT made these in 10 seconds. Thought it might help you visually understand the Grand Canyon-esque gap in the caliber of the two programs https://t.co/GZLg6CUxBG,0,0,,,,True,False,1808619344035000461,txag_girl,,1808640948601057657,1808640948601057657,1,207,28,2,data/tweets.js,,"txag_girl,TheTunnel_Texas,Misformoneyy",
1808641215094473000,TXTrickWhooper,2024-07-03T23:17:23Z,2024-07-03T18:17:23-05:00,,,False,2024,"@SSN_TAMU As a Longhorn I’ll hand it to y’all, Aggie commitment to the delusion is truly unflappable",0,0,,,,True,False,1808199491516047441,SSN_TAMU,,1808641215094473000,1808641215094473000,1,100,17,0,data/tweets.js,,SSN_TAMU,
1808647230686969956,TXTrickWhooper,2024-07-03T23:41:17Z,2024-07-03T18:41:17-05:00,,,False,2024,@BigGameBoomer Honorable mention: Dodger Stadium,0,0,,,,True,False,1808634895456972982,BigGameBoomer,,1808647230686969956,1808647230686969956,1,48,5,0,data/tweets.js,,BigGameBoomer,
1808662215907537351,TXTrickWhooper,2024-07-04T00:40:50Z,2024-07-03T19:40:50-05:00,,,False,2024,"@ChickfilA Am I an addict, y’all? Not saying I’d be #1, BUT…. 64k+ lifetime points has to be up there if there was a global leaderboard😬 https://t.co/AsDsqH56RB",0,0,,,,False,False,,ChickfilA,,1808662215907537351,1808662215907537351,1,160,27,1,data/tweets.js,,ChickfilA,
1808736396833702251,TXTrickWhooper,2024-07-04T05:35:36Z,2024-07-04T00:35:36-05:00,,,False,2024,"RT @TheCUTCH22: F
U
R
R
I
E
S",0,0,,,,False,False,,,,1808736396833702251,1808736396833702251,1,29,9,0,data/tweets.js,,TheCUTCH22,
1808737778487665103,TXTrickWhooper,2024-07-04T05:41:05Z,2024-07-04T00:41:05-05:00,,,False,2024,"@zachlanebryan You da man, ZB! Not sure how you keep the content coming nonstop",0,0,,,,True,False,1808720799626297777,zachlanebryan,,1808737778487665103,1808737778487665103,1,79,14,0,data/tweets.js,,zachlanebryan,
1808768440561271106,TXTrickWhooper,2024-07-04T07:42:56Z,2024-07-04T02:42:56-05:00,,,False,2024,@Billyhottakes Antonio Football,0,0,,,,True,False,1808723831751856288,Billyhottakes,,1808768440561271106,1808768440561271106,1,31,3,0,data/tweets.js,,Billyhottakes,
1808773077204980191,TXTrickWhooper,2024-07-04T08:01:21Z,2024-07-04T03:01:21-05:00,,,False,2024,#Memphis &amp; The Blues @zachlanebryan #TheGreatAmericanBarScene https://t.co/7gdMlEILox,1,0,,,,False,False,,,,1808773077204980191,1808773077204980191,1,89,7,1,data/tweets.js,"Memphis,TheGreatAmericanBarScene",zachlanebryan,
1808809563899965899,TXTrickWhooper,2024-07-04T10:26:20Z,2024-07-04T05:26:20-05:00,,,False,2024,"Hate to be this guy, but:

@zachlanebryan #TheGreatAmericanBarScene https://t.co/U6SNUdybCy",1,0,,,,False,False,,,,1808809563899965899,1808809563899965899,1,91,9,1,data/tweets.js,TheGreatAmericanBarScene,zachlanebryan,
1808810518808822262,TXTrickWhooper,2024-07-04T10:30:08Z,2024-07-04T05:30:08-05:00,,,False,2024,@joshjacoMLB Roberto Alomar,0,0,,,,True,False,1808327263915495499,joshjaco98,,1808810518808822262,1808810518808822262,1,27,3,0,data/tweets.js,,,
1808811270881083670,TXTrickWhooper,2024-07-04T10:33:07Z,2024-07-04T05:33:07-05:00,,,False,2024,"@michaeldberns @joshjacoMLB Steven Kwan. Javi Baez. Marcus Stroman. Rickey Henderson.

This is an awful take, especially considering the Cards won a good portion of their WS titles by being one of the first to integrate.",1,0,,,,True,False,1808495778140176395,michaeldberns,,1808811270881083670,1808811270881083670,1,221,35,0,data/tweets.js,,michaeldberns,
1808811599005667652,TXTrickWhooper,2024-07-04T10:34:25Z,2024-07-04T05:34:25-05:00,,,False,2024,"@joshjacoMLB I know it’s off topic, but can we all agree that Tommy Edman is the most Cardinals player to ever exist? (Outside of David Eckstein maybe)",0,0,,,,True,False,1808327263915495499,joshjaco98,,1808811599005667652,1808811599005667652,1,151,27,0,data/tweets.js,,,
1808812322342789170,TXTrickWhooper,2024-07-04T10:37:18Z,2024-07-04T05:37:18-05:00,,,False,2024,@MLBTheShow Can’t wait for Jonathan India to ride my bench day 1 (if not sooner) !,0,0,,,,True,False,1808497281018302795,MLBTheShow,,1808812322342789170,1808812322342789170,1,82,16,0,data/tweets.js,,MLBTheShow,
1808855141744878004,TXTrickWhooper,2024-07-04T13:27:27Z,2024-07-04T08:27:27-05:00,,,False,2024,@MLBTheShow Old Ranger Stadium is a vibe honestly (mainly due to nostalgia),2,0,,,,True,False,1808848246434890042,MLBTheShow,,1808855141744878004,1808855141744878004,1,75,12,0,data/tweets.js,,MLBTheShow,
1808859143047938282,TXTrickWhooper,2024-07-04T13:43:21Z,2024-07-04T08:43:21-05:00,,,False,2024,"@00buck_shot00 @LHFanBattle We are not the same. Kids play ball at UT to be part of generational excellence.

The guys staying in Aggieland are likely staying for numerous reasons - one of which is the inconvenience of uprooting their life, relationships, education on top of following Schloss like a puppy https://t.co/5loUc61c80",0,0,,,,True,False,1808515696843702381,,,1808859143047938282,1808859143047938282,1,330,51,1,data/tweets.js,,LHFanBattle,
1808859732720980395,TXTrickWhooper,2024-07-04T13:45:41Z,2024-07-04T08:45:41-05:00,,,False,2024,@HoodlandsA @LHFanBattle Good thing pitching wins championships - have all the hitters you like I’ll take top flight and/or reliable arms every time,0,0,,,,True,False,1808556217616240948,HoodlandsA,,1808859732720980395,1808859732720980395,1,148,23,0,data/tweets.js,,"HoodlandsA,LHFanBattle",
1808957490685509860,TXTrickWhooper,2024-07-04T20:14:09Z,2024-07-04T15:14:09-05:00,,,False,2024,@Woodrow_atx @devilnlingerie I know you be deleting followers to hit sub-200 faster than a virgin nutting😭,0,0,,,,True,False,1808924107125502284,Woodrow_atx,,1808957490685509860,1808957490685509860,1,106,16,0,data/tweets.js,,"Woodrow_atx,devilnlingerie",
1808973776152915992,TXTrickWhooper,2024-07-04T21:18:51Z,2024-07-04T16:18:51-05:00,,,False,2024,@00buck_shot00 @LHFanBattle “Delusion” my ass. I’d say pot calling the kettle black but it’s not close https://t.co/IbHJsjwW8l,0,0,,,,True,False,1808862102565605457,,,1808973776152915992,1808973776152915992,1,126,17,2,data/tweets.js,,LHFanBattle,
1808973869631308017,TXTrickWhooper,2024-07-04T21:19:14Z,2024-07-04T16:19:14-05:00,,,False,2024,@ThisIsBulsh @00buck_shot00 @LHFanBattle You heard me https://t.co/30qm8Zlzfg,0,0,,,,True,False,1808879305738358905,ThisIsBulsh,,1808973869631308017,1808973869631308017,1,77,7,1,data/tweets.js,,"ThisIsBulsh,LHFanBattle",
1809004025322336584,TXTrickWhooper,2024-07-04T23:19:03Z,2024-07-04T18:19:03-05:00,,,False,2024,"@craigmorrow1234 @vo_ldemort Funny, I experienced the same thing as a kid in ‘05 while attending UT-A&amp;M in CSTAT, except it was directed at me. Not to mention, y’all’s band director scooped Revelry’s feces and flung it at our band.

Crazy how the moral compass only applies to Ags when their feelings are hurt",0,0,,,,True,False,1808984968523030699,craigmorrow1234,,1809004025322336584,1809004025322336584,1,313,53,0,data/tweets.js,,"craigmorrow1234,vo_ldemort",
1809004337504416108,TXTrickWhooper,2024-07-04T23:20:18Z,2024-07-04T18:20:18-05:00,,,False,2024,@WeirdBongs This holy trinity is America’s backbone,0,0,,,,True,False,1808325231427084518,firelightXchat,,1809004337504416108,1809004337504416108,1,51,7,0,data/tweets.js,,WeirdBongs,
1809054363865805173,TXTrickWhooper,2024-07-05T02:39:05Z,2024-07-04T21:39:05-05:00,,,False,2024,"@jmproductionsyt Honestly bro, no one cares",0,0,,,,True,False,1808743424977162618,jmproductionsyt,,1809054363865805173,1809054363865805173,1,43,6,0,data/tweets.js,,jmproductionsyt,
1809233212666724555,TXTrickWhooper,2024-07-05T14:29:46Z,2024-07-05T09:29:46-05:00,,,False,2024,@coltweezus @Texanfirst33 Casuals will watch anything they can bet on nowadays😂,80,1,,,,True,False,1809232894600036747,coltweezus,,1809233212666724555,1809233212666724555,1,79,11,0,data/tweets.js,,"coltweezus,Texanfirst33",
1809270849389711387,TXTrickWhooper,2024-07-05T16:59:19Z,2024-07-05T11:59:19-05:00,,,False,2024,@BigGameBoomer You’re beyond Big Game Bullshittin’ even by Sooner standards with Bevo at 29,0,0,,,,True,False,1809264601051308417,BigGameBoomer,,1809270849389711387,1809270849389711387,1,91,14,0,data/tweets.js,,BigGameBoomer,
1809271571141521699,TXTrickWhooper,2024-07-05T17:02:11Z,2024-07-05T12:02:11-05:00,,,False,2024,"@TerryFranconia @chrifamouamo1 @coltweezus @Texanfirst33 See this is where I disagree, that issue is far more prevalent with the NBA.

Personally, I watch all 162 Cards games and don’t bet on sports, but a majority of people I know were pulling all nighters to watch KBO during Covid for the thrill of betting.",8,0,,,,True,False,1809270118779678799,TerryFranconia,,1809271571141521699,1809271571141521699,1,310,52,0,data/tweets.js,,"TerryFranconia,coltweezus,Texanfirst33",
1809272735576596524,TXTrickWhooper,2024-07-05T17:06:49Z,2024-07-05T12:06:49-05:00,,,False,2024,@TerryFranconia @chrifamouamo1 @coltweezus @Texanfirst33 Ok yeah that’s a fact. I’ll watch MiLB Cardinals baseball before I choose to tune into a Dodgers game,2,0,,,,True,False,1809272207656235440,TerryFranconia,,1809272735576596524,1809272735576596524,1,158,23,0,data/tweets.js,,"TerryFranconia,coltweezus,Texanfirst33",
1809275948375683395,TXTrickWhooper,2024-07-05T17:19:35Z,2024-07-05T12:19:35-05:00,,,False,2024,"@TerryFranconia @chrifamouamo1 @coltweezus @Texanfirst33 Real baseball fans, absolutely. I think the best solution to broaden the interest of hardcore and fair-weather fans would be bringing back barnstorming. Imagine Shohei, Judge, etc. playing in non-MLB markets like San Antonio or Memphis like Ruth used to. https://t.co/OsjlIqqRL4",0,0,,,,True,False,1809272975478202581,TerryFranconia,,1809275948375683395,1809275948375683395,1,335,45,1,data/tweets.js,,"TerryFranconia,coltweezus,Texanfirst33",
1809277176212034021,TXTrickWhooper,2024-07-05T17:24:28Z,2024-07-05T12:24:28-05:00,,,False,2024,"@chrifamouamo1 @TerryFranconia @coltweezus @Texanfirst33 Blackouts/regional coverage are for sure the big culprits. Even with MLB tv you still need cable to watch local/national (non-illegally) which is a bitch.

The game of baseball needs to be marketed in person similar to the London series/barnstorming to get new viewers hooked",2,0,,,,True,False,1809274600666058853,somaqkd,,1809277176212034021,1809277176212034021,1,332,48,0,data/tweets.js,,"TerryFranconia,coltweezus,Texanfirst33",
1809281666717741079,TXTrickWhooper,2024-07-05T17:42:18Z,2024-07-05T12:42:18-05:00,,,False,2024,"@chrifamouamo1 @TerryFranconia @coltweezus @Texanfirst33 Agreed.

Disney owns Bally, which was their way of trying to monopolize sports streaming. Coupled with Disney+’s failure/ESPN’s steady decline.

Traditional cable powers are set up well to capitalize in theory, but will likely fumble it bc of their inability to embrace OTT fully",0,0,,,,True,False,1809278663340486932,somaqkd,,1809281666717741079,1809281666717741079,1,336,48,0,data/tweets.js,,"TerryFranconia,coltweezus,Texanfirst33",
1809285223676285356,TXTrickWhooper,2024-07-05T17:56:26Z,2024-07-05T12:56:26-05:00,,,False,2024,@barstoolsports @stoolpresidente Who is Miss Peaches,0,0,,,,True,False,1809283061202252022,barstoolsports,,1809285223676285356,1809285223676285356,1,52,6,0,data/tweets.js,,"barstoolsports,stoolpresidente",
1809285661649666165,TXTrickWhooper,2024-07-05T17:58:11Z,2024-07-05T12:58:11-05:00,,,False,2024,@AB84 …. Through the stages of Alzheimer’s &amp; dementia at a record pace”,0,0,,,,True,False,1809281187342602653,AB84,,1809285661649666165,1809285661649666165,1,75,13,0,data/tweets.js,,AB84,
1809286320201593270,TXTrickWhooper,2024-07-05T18:00:48Z,2024-07-05T13:00:48-05:00,,,False,2024,@violetsaucy Call me Frank Gore because I be hitting that pussy for 30 seconds and a cloud of dust,0,0,,,,True,False,1809251755039027207,violetsaucy,,1809286320201593270,1809286320201593270,1,98,19,0,data/tweets.js,,violetsaucy,
1809335642498953531,TXTrickWhooper,2024-07-05T21:16:47Z,2024-07-05T16:16:47-05:00,,,False,2024,"@damitazay I feel you man, some people just be retarded like that",0,0,,,,True,False,1808522899109609538,,,1809335642498953531,1809335642498953531,1,65,12,0,data/tweets.js,,,
1809337523250118836,TXTrickWhooper,2024-07-05T21:24:16Z,2024-07-05T16:24:16-05:00,,,False,2024,@MySportsUpdate Damar Hamlin cashing in on his free make-a-wish from Tom Brady for “nearly dying” https://t.co/DXS02x6xXl,0,0,,,,True,False,1808958984809799762,MySportsUpdate,,1809337523250118836,1809337523250118836,1,121,16,1,data/tweets.js,,MySportsUpdate,
1809337663713079546,TXTrickWhooper,2024-07-05T21:24:49Z,2024-07-05T16:24:49-05:00,,,False,2024,@AB84 https://t.co/xZmmpijkum,0,0,,,,True,False,1809074789060919301,AB84,,1809337663713079546,1809337663713079546,1,29,2,0,data/tweets.js,,AB84,https://x.com/txtrickwhooper/status/1809337523250118836
1809408251374567778,TXTrickWhooper,2024-07-06T02:05:18Z,2024-07-05T21:05:18-05:00,,,False,2024,@stealthpirate @TerryFranconia @chrifamouamo1 @coltweezus @Texanfirst33 Peak degen yet elite-level electric. Nothing like coming home from the bars at 4:30 am to a live sporting event,1,0,,,,True,False,1809407196129534111,_layer_cake_,,1809408251374567778,1809408251374567778,1,183,25,0,data/tweets.js,,"TerryFranconia,coltweezus,Texanfirst33",
1809522456622694425,TXTrickWhooper,2024-07-06T09:39:07Z,2024-07-06T04:39:07-05:00,,,False,2024,@BBGreatMoments Naw this is selling your pitcher,0,0,,,,True,False,1808927557036724311,BBGreatMoments,,1809522456622694425,1809522456622694425,1,48,7,0,data/tweets.js,,BBGreatMoments,
1809913572887068924,TXTrickWhooper,2024-07-07T11:33:17Z,2024-07-07T06:33:17-05:00,,,False,2024,@FDSportsbook Y’all nasty as hell,0,0,,,,True,False,1809734825173217597,FDSportsbook,,1809913572887068924,1809913572887068924,1,33,5,0,data/tweets.js,,FDSportsbook,
1809914183489597656,TXTrickWhooper,2024-07-07T11:35:42Z,2024-07-07T06:35:42-05:00,,,False,2024,@byMaxC @LulTjayyy @Dataman422 @FDSportsbook I’ve never seen a mfer thirstier for follows off a mildly viral reply tweet💀,0,0,,,,True,False,1809808750326276250,byMaxC,,1809914183489597656,1809914183489597656,1,121,18,0,data/tweets.js,,"byMaxC,Dataman422,FDSportsbook",
1809915227774791959,TXTrickWhooper,2024-07-07T11:39:51Z,2024-07-07T06:39:51-05:00,,,False,2024,@BallislifeJAW @Dataman422 @FDSportsbook Why you Californians gotta be so weird?,2,0,,,,True,False,1809752439597232500,BallislifeJAW,,1809915227774791959,1809915227774791959,1,80,10,0,data/tweets.js,,"BallislifeJAW,Dataman422,FDSportsbook",
1809915850364751991,TXTrickWhooper,2024-07-07T11:42:19Z,2024-07-07T06:42:19-05:00,,,False,2024,RT @blaiden: 2.5 being the line is fucking foul…,0,0,,,,False,False,,,,1809915850364751991,1809915850364751991,1,48,9,0,data/tweets.js,,blaiden,
1809918692072767595,TXTrickWhooper,2024-07-07T11:53:37Z,2024-07-07T06:53:37-05:00,,,False,2024,"@Dataman422 @byMaxC @LulTjayyy @FDSportsbook First off, it’s spelled “McGwire.”

Second, I’m shocked you haven’t lost followers lol not trynna be rude but it just reeks of desperation bro",0,0,,,,True,False,1809917532049969470,Dataman422,,1809918692072767595,1809918692072767595,1,187,28,0,data/tweets.js,,"Dataman422,byMaxC,FDSportsbook",
1809919381574480083,TXTrickWhooper,2024-07-07T11:56:21Z,2024-07-07T06:56:21-05:00,,,False,2024,@Dataman422 @byMaxC @LulTjayyy @FDSportsbook + I don’t even bet on sports be so your data would be utterly useless to me,1,0,,,,True,False,1809917532049969470,Dataman422,,1809919381574480083,1809919381574480083,1,120,21,0,data/tweets.js,,"Dataman422,byMaxC,FDSportsbook",
1809919561971425375,TXTrickWhooper,2024-07-07T11:57:04Z,2024-07-07T06:57:04-05:00,,,False,2024,"@Dataman422 @byMaxC @LulTjayyy @FDSportsbook Maybe try asking again, third times the charm",0,0,,,,True,False,1809918824155689223,Dataman422,,1809919561971425375,1809919561971425375,1,90,12,0,data/tweets.js,,"Dataman422,byMaxC,FDSportsbook",
1809921427430047778,TXTrickWhooper,2024-07-07T12:04:29Z,2024-07-07T07:04:29-05:00,,,False,2024,"@Dataman422 @byMaxC @LulTjayyy @FDSportsbook I’m sure I’ll live with my net zero gains. Call me old school, I prefer watching sports for the love of it, not for the thrill crunching numbers to predict outcomes you can infer from simple observation.",0,0,,,,True,False,1809919595567788104,Dataman422,,1809921427430047778,1809921427430047778,1,248,41,0,data/tweets.js,,"Dataman422,byMaxC,FDSportsbook",
1809922198716428797,TXTrickWhooper,2024-07-07T12:07:33Z,2024-07-07T07:07:33-05:00,,,False,2024,"@Dataman422 @byMaxC @LulTjayyy @FDSportsbook Genuine question, do you stat geeks even enjoy watching the physical game?",0,0,,,,True,False,1809921819509461480,Dataman422,,1809922198716428797,1809922198716428797,2,119,16,0,data/tweets.js,,"Dataman422,byMaxC,FDSportsbook",
1809922734719164418,TXTrickWhooper,2024-07-07T12:09:41Z,2024-07-07T07:09:41-05:00,,,False,2024,"@Dataman422 @byMaxC @LulTjayyy @FDSportsbook Numbers can help in recognizing trends, but they only go so far in quantifying the full picture of scenarios and situations.",0,0,,,,True,True,1809922198716428797,TXTrickWhooper,,1809922198716428797,1809922198716428797,2,169,25,0,data/tweets.js,,"Dataman422,byMaxC,FDSportsbook",
1809923122709016984,TXTrickWhooper,2024-07-07T12:11:13Z,2024-07-07T07:11:13-05:00,,,False,2024,@Dataman422 @byMaxC @LulTjayyy @FDSportsbook I know you aren’t saying that to someone who actually plays sports. Did you ever play one competitively?,0,0,,,,True,False,1809922563071516990,Dataman422,,1809923122709016984,1809923122709016984,1,149,22,0,data/tweets.js,,"Dataman422,byMaxC,FDSportsbook",
1814807466044997926,TXTrickWhooper,2024-07-20T23:39:52Z,2024-07-20T18:39:52-05:00,,,False,2024,@bill75787972 @JomboyMedia Underrated tweet,1,0,,,,True,False,1814792120726647285,bill75787972,,1814807466044997926,1814807466044997926,1,43,4,0,data/tweets.js,,"bill75787972,JomboyMedia",
1814807893012853147,TXTrickWhooper,2024-07-20T23:41:33Z,2024-07-20T18:41:33-05:00,,,False,2024,@ClayPrice15 @barstoolsports This is actually a sick idea although I know for a fact Longhorns could care less,0,0,,,,True,False,1814422777899733438,ClayPrice15,,1814807893012853147,1814807893012853147,1,110,18,0,data/tweets.js,,"ClayPrice15,barstoolsports",
1814808407884333287,TXTrickWhooper,2024-07-20T23:43:36Z,2024-07-20T18:43:36-05:00,,,False,2024,"@Joshes_Journal @txfblife Yes, because random (probably biased) twitter polls are the end all be all",0,0,,,,True,False,1814779621423878548,Joshes_Journal,,1814808407884333287,1814808407884333287,1,100,15,0,data/tweets.js,,"Joshes_Journal,txfblife",
1814853299213832452,TXTrickWhooper,2024-07-21T02:41:59Z,2024-07-20T21:41:59-05:00,,,False,2024,"@ClayPrice15 @barstoolsports Nah dawg y’all can have the name UT, we’re simply Texas",0,0,,,,True,False,1814843592797462653,ClayPrice15,,1814853299213832452,1814853299213832452,1,84,13,0,data/tweets.js,,"ClayPrice15,barstoolsports",
1815438842603896848,TXTrickWhooper,2024-07-22T17:28:43Z,2024-07-22T12:28:43-05:00,,,False,2024,@VernFunquistCFB This is a cracker of the month tweet at WORST,1,0,,,,True,False,1815095484991889888,VernFunquistCFB,,1815438842603896848,1815438842603896848,1,62,11,0,data/tweets.js,,VernFunquistCFB,
1815450259579171171,TXTrickWhooper,2024-07-22T18:14:05Z,2024-07-22T13:14:05-05:00,,,False,2024,RT @GarbageHuman24: Let’s see if we can get it to 6 million https://t.co/DT534SD449,0,0,,,,False,False,,,,1815450259579171171,1815450259579171171,1,83,13,1,data/tweets.js,,GarbageHuman24,
1815587401307173317,TXTrickWhooper,2024-07-23T03:19:03Z,2024-07-22T22:19:03-05:00,,,False,2024,@MostlyPeacefull Must be all the gays propping up dem digits,0,0,,,,True,False,1815437965969023195,MostlyPeaceful,,1815587401307173317,1815587401307173317,1,60,10,0,data/tweets.js,,,
1815647406781812974,TXTrickWhooper,2024-07-23T07:17:29Z,2024-07-23T02:17:29-05:00,,,False,2024,@valeriamarrss My focus peak shrooms would be nonexistent😂 I’d either have more stamina than Steve Prefontaine or be softer than Charmin,2,0,,,,True,False,1815641630315278710,valeriamarrss,,1815647406781812974,1815647406781812974,1,136,21,0,data/tweets.js,,valeriamarrss,
1815648061730718133,TXTrickWhooper,2024-07-23T07:20:05Z,2024-07-23T02:20:05-05:00,,,False,2024,"@valeriamarrss Lesbian sex (I’d assume) would be great. As a guy, you I’d be shocked if it was possible to even get it up w/o enhancers",0,0,,,,True,False,1815641348890050934,valeriamarrss,,1815648061730718133,1815648061730718133,1,135,26,0,data/tweets.js,,valeriamarrss,
1815653498614116396,TXTrickWhooper,2024-07-23T07:41:41Z,2024-07-23T02:41:41-05:00,,,False,2024,"@TheCityTogether @valeriamarrss @Zaza_spot Naw I’m chill, I’ve got enough drug dealers not off the internet in my life",0,0,,,,True,False,1815649262593519953,TheCityTogether,,1815653498614116396,1815653498614116396,1,118,18,0,data/tweets.js,,"TheCityTogether,valeriamarrss,Zaza_spot",
1815653977788223645,TXTrickWhooper,2024-07-23T07:43:36Z,2024-07-23T02:43:36-05:00,,,False,2024,@doaaabuhassan @valeriamarrss @Zaza_spot I can tell @Zaza_spot has all the bots scamming for him,0,0,,,,True,False,1815649304691737042,doaaabuhassan,,1815653977788223645,1815653977788223645,1,96,14,0,data/tweets.js,,"doaaabuhassan,valeriamarrss,Zaza_spot,Zaza_spot",
1815654804779159889,TXTrickWhooper,2024-07-23T07:46:53Z,2024-07-23T02:46:53-05:00,,,False,2024,@hoesaintlaurel Pussy magnet is a personality type https://t.co/GN4w9tIhgF,1,0,,,,True,False,1815410738888151452,yapdoss,,1815654804779159889,1815654804779159889,1,74,8,1,data/tweets.js,,hoesaintlaurel,
1815953455162208749,TXTrickWhooper,2024-07-24T03:33:37Z,2024-07-23T22:33:37-05:00,,,False,2024,@TalkinBaseball_ This kid has “It”,0,0,,,,True,False,1815916860270956596,TalkinBaseball_,,1815953455162208749,1815953455162208749,1,34,5,0,data/tweets.js,,TalkinBaseball_,
1816059168354148739,TXTrickWhooper,2024-07-24T10:33:41Z,2024-07-24T05:33:41-05:00,,,False,2024,"@DEMONNALDO @CFC_Tom96 @F4STFATI ?

I shouldn’t even have to type this in chatGPT but here we go https://t.co/wo1SYaB1ON",10,0,,,,True,False,1815891147824456161,DEMONNALDO,,1816059168354148739,1816059168354148739,1,120,18,1,data/tweets.js,,"DEMONNALDO,CFC_Tom96",
1816201712081809772,TXTrickWhooper,2024-07-24T20:00:06Z,2024-07-24T15:00:06-05:00,,,False,2024,"@UsurpedCacti @MoistCr1TiKaL This person is getting accused of pedophilia, and you’re worried about pronouns?

This is exactly why the bulk of people look at the transgender phenomena as a mental disease",0,0,,,,True,False,1816046521214767453,_Leonorb,,1816201712081809772,1816201712081809772,1,203,31,0,data/tweets.js,,"usurpedCacti,MoistCr1TiKaL",
1816319822994489670,TXTrickWhooper,2024-07-25T03:49:26Z,2024-07-24T22:49:26-05:00,,,False,2024,@DEMONNALDO @CFC_Tom96 @F4STFATI I think you’re just racist towards white people https://t.co/Ce1gkh5hH0,0,0,,,,True,False,1816071347568570655,DEMONNALDO,,1816319822994489670,1816319822994489670,1,104,12,1,data/tweets.js,,"DEMONNALDO,CFC_Tom96",
1816321382659113301,TXTrickWhooper,2024-07-25T03:55:37Z,2024-07-24T22:55:37-05:00,,,False,2024,RT @MostlyPeacefull: https://t.co/Tu1HElbuJo,0,0,,,,False,False,,,,1816321382659113301,1816321382659113301,1,44,3,0,data/tweets.js,,MostlyPeacefull,
1816345172143141343,TXTrickWhooper,2024-07-25T05:30:09Z,2024-07-25T00:30:09-05:00,,,False,2024,@SpacesStoolies @UTBarstool @bert_auburn1 @sydney_sweeney You https://t.co/sI1T7EQOp2,0,0,,,,True,False,1816288964455567387,SpacesStoolies,,1816345172143141343,1816345172143141343,1,85,6,1,data/tweets.js,,"SpacesStoolies,UTBarstool,bert_auburn1,sydney_sweeney",
1816457771933458817,TXTrickWhooper,2024-07-25T12:57:35Z,2024-07-25T07:57:35-05:00,,,False,2024,@valeriamarrss Picking at my face in the mirror and then immediately wanting to kms for allowing myself to do it is my cope of choice,0,0,,,,True,False,1816345456701759784,valeriamarrss,,1816457771933458817,1816457771933458817,1,133,25,0,data/tweets.js,,valeriamarrss,
1816544986927874087,TXTrickWhooper,2024-07-25T18:44:09Z,2024-07-25T13:44:09-05:00,,,False,2024,"@kourtneyinhell The guy on the left has a literal 8-pack. Not 6. EIGHT.

Mfer has my personal best DOUBLED",0,0,,,,True,False,1816449874004443617,kourtneyinhell,,1816544986927874087,1816544986927874087,1,106,19,0,data/tweets.js,,kourtneyinhell,
1816545464906580098,TXTrickWhooper,2024-07-25T18:46:03Z,2024-07-25T13:46:03-05:00,,,False,2024,"@kourtneyinhell This is extremely offensive to all the real dad bods out there that put in the sweat and tears for, to say the least",0,0,,,,True,False,1816449874004443617,kourtneyinhell,,1816545464906580098,1816545464906580098,1,132,25,0,data/tweets.js,,kourtneyinhell,
1816548412495659227,TXTrickWhooper,2024-07-25T18:57:46Z,2024-07-25T13:57:46-05:00,,,False,2024,"@GiaMMacool @romantriva My father who has been married to my mother for 40 years once told me this:

“Son, you pay for sex regardless of whether you bring her on dates for a chance at it, or pay a hooker straight up. The only difference is one’s guaranteed.”

Wise words if you ask me.",0,0,,,,True,False,1815772675731849502,GiaMMacool,,1816548412495659227,1816548412495659227,1,285,54,0,data/tweets.js,,GiaMMacool,
1816548899190137316,TXTrickWhooper,2024-07-25T18:59:42Z,2024-07-25T13:59:42-05:00,,,False,2024,@GiaMMacool I don’t think this woman has heard of a sense of humor - gets chicks 10/10 times over a dude with superior looks,0,0,,,,True,False,1815770286442058168,GiaMMacool,,1816548899190137316,1816548899190137316,1,124,24,0,data/tweets.js,,GiaMMacool,
1816549291185357072,TXTrickWhooper,2024-07-25T19:01:15Z,2024-07-25T14:01:15-05:00,,,False,2024,@GiaMMacool @knowledgewins8 Ever heard of Shane Gillis? https://t.co/xSC3fZVbpp,0,0,,,,True,False,1816189448180367808,GiaMMacool,,1816549291185357072,1816549291185357072,1,79,8,1,data/tweets.js,,"GiaMMacool,knowledgewins8",
1816551720652251411,TXTrickWhooper,2024-07-25T19:10:54Z,2024-07-25T14:10:54-05:00,,,False,2024,"@GiaMMacool @xjaime4 @Mrseduceher You're the literal one pushing that agenda. I'm starting to think your whole issue with fat guys is the fact we can get away with it and can still get gorgeous women, but if women are fat even ugly dudes won't touch em with a 10 foot pole",0,0,,,,True,False,1816507193560096873,GiaMMacool,,1816551720652251411,1816551720652251411,1,272,51,0,data/tweets.js,,"GiaMMacool,xjaime4",
1816555037331718598,TXTrickWhooper,2024-07-25T19:24:05Z,2024-07-25T14:24:05-05:00,,,False,2024,@lolitadiariess FUCK my bad I meant to post this to a reply on the original chick’s tweet😂😂😂,0,0,,,,True,False,1816554530102026727,lolitadiariess,,1816555037331718598,1816555037331718598,1,92,17,0,data/tweets.js,,lolitadiariess,
1816555504530776331,TXTrickWhooper,2024-07-25T19:25:56Z,2024-07-25T14:25:56-05:00,,,False,2024,@lolitadiariess But yeah as a guy who’s had both a 6 pack and a dad bod in different times of life I will say this is not one,0,0,,,,True,False,1816554530102026727,lolitadiariess,,1816555504530776331,1816555504530776331,1,125,28,0,data/tweets.js,,lolitadiariess,
1816556196469322225,TXTrickWhooper,2024-07-25T19:28:41Z,2024-07-25T14:28:41-05:00,,,False,2024,@lolitadiariess The Gia chick not you hahaha copy and paste error when I re-edited this post https://t.co/M85QoVH522,0,0,,,,True,False,1816555359047418159,lolitadiariess,,1816556196469322225,1816556196469322225,1,116,17,0,data/tweets.js,,lolitadiariess,https://x.com/TXTrickWhooper/status/1816551720652251411
1816556371539566995,TXTrickWhooper,2024-07-25T19:29:23Z,2024-07-25T14:29:23-05:00,,,False,2024,@lolitadiariess I was deep down the rabbit hole lolllll,0,0,,,,True,False,1816555359047418159,lolitadiariess,,1816556371539566995,1816556371539566995,1,55,9,0,data/tweets.js,,lolitadiariess,
1816558606008860743,TXTrickWhooper,2024-07-25T19:38:16Z,2024-07-25T14:38:16-05:00,,,False,2024,"@moneystokessis These comments killin' me as a white boy who grew up in Memphis with a black brother🤣

CPT is real as day and night but its funny hearing what be going on before arrival",0,0,,,,True,False,1816141697828679924,stokessis,,1816558606008860743,1816558606008860743,1,185,35,0,data/tweets.js,,,
1816952763789783454,TXTrickWhooper,2024-07-26T21:44:30Z,2024-07-26T16:44:30-05:00,,,False,2024,@ZachBrowne This is really creepy because I had a similar dream to this but recall thinking it was some type of nuke,0,0,,,,True,False,1816620773257158692,ZachBrowne,,1816952763789783454,1816952763789783454,1,116,22,0,data/tweets.js,,ZachBrowne,
1816959331826348143,TXTrickWhooper,2024-07-26T22:10:36Z,2024-07-26T17:10:36-05:00,,,False,2024,@Brooks_Gate @firecar4444 The grizzlies and warriors?,0,0,,,,True,False,1816639039102972403,Brooks_Gate,,1816959331826348143,1816959331826348143,1,53,6,0,data/tweets.js,,Brooks_Gate,
1816983448680026508,TXTrickWhooper,2024-07-26T23:46:26Z,2024-07-26T18:46:26-05:00,,,False,2024,"@BigGameBoomer Where’s Norman, OK????",0,0,,,,True,False,1816981580960649361,BigGameBoomer,,1816983448680026508,1816983448680026508,1,37,4,0,data/tweets.js,,BigGameBoomer,
1817355063217516819,TXTrickWhooper,2024-07-28T00:23:06Z,2024-07-27T19:23:06-05:00,,,False,2024,"@BigGameBoomer I know you’re a sooner, but even the retarded Sooners know VY’s play is head and shoulders above as the top play ever",0,0,,,,True,False,1817348361219195044,BigGameBoomer,,1817355063217516819,1817355063217516819,1,132,24,0,data/tweets.js,,BigGameBoomer,
1817355380739158283,TXTrickWhooper,2024-07-28T00:24:22Z,2024-07-27T19:24:22-05:00,,,False,2024,@jmjenkins13 @BigGameBoomer Agreed. He didn’t include it because it happened to OU and he’s incapable of not being biased,3,0,,,,True,False,1817349766403314088,jmjenkins13,,1817355380739158283,1817355380739158283,1,121,19,0,data/tweets.js,,"jmjenkins13,BigGameBoomer",
1818731777575534613,TXTrickWhooper,2024-07-31T19:33:40Z,2024-07-31T14:33:40-05:00,,,False,2024,"@_willcompton I don’t understand why Baker is at the top of every single list with no natty.

Say what you want but I take @VinceYoung10 10/10 over Cam and Baker for all the marbles",0,0,,,,True,False,1818493049309114544,_willcompton,,1818731777575534613,1818731777575534613,1,182,34,0,data/tweets.js,,"_willcompton,VinceYoung10",
1818983216667066713,TXTrickWhooper,2024-08-01T12:12:48Z,2024-08-01T07:12:48-05:00,,,False,2024,@engelsein13 The activities of a man who is bored out of his mind,0,0,,,,True,False,1818779731200024879,,,1818983216667066713,1818983216667066713,1,65,13,0,data/tweets.js,,,
1818984215947485675,TXTrickWhooper,2024-08-01T12:16:46Z,2024-08-01T07:16:46-05:00,,,False,2024,This Waylon Wyatt kid has talent,0,0,,,,False,False,,,,1818984215947485675,1818984215947485675,1,32,6,0,data/tweets.js,,,
1818993245004644730,TXTrickWhooper,2024-08-01T12:52:39Z,2024-08-01T07:52:39-05:00,,,False,2024,@EAMaddenNFL @NFL @CMC_22 @Browns @NickChubb @Ravens @Eagles @Jaguars @packers @HoustonTexans @Seahawks Chubb rated higher than Henry makes this list lose all credibility,1,0,,,,True,False,1818320952725254428,EAMaddenNFL,,1818993245004644730,1818993245004644730,1,170,22,0,data/tweets.js,,"EAMaddenNFL,NFL,CMC_22,Browns,NickChubb,Ravens,Eagles,Jaguars,packers,HoustonTexans,Seahawks",
1818993780613054532,TXTrickWhooper,2024-08-01T12:54:47Z,2024-08-01T07:54:47-05:00,,,False,2024,"@Nvaughn2003 @Dinger_d @EAMaddenNFL @NFL @CMC_22 @Browns @NickChubb @Ravens @Eagles @Jaguars @packers @HoustonTexans @Seahawks Chubb has never been the best back in the league. It’s Henry, then (if and when healthy) McCaffrey because of versatility",0,0,,,,True,False,1818321915573842325,Nvaughn2003,,1818993780613054532,1818993780613054532,1,248,34,0,data/tweets.js,,"Nvaughn2003,Dinger_d,EAMaddenNFL,NFL,CMC_22,Browns,NickChubb,Ravens,Eagles,Jaguars,packers,HoustonTexans,Seahawks",
1818994151066681813,TXTrickWhooper,2024-08-01T12:56:15Z,2024-08-01T07:56:15-05:00,,,False,2024,@KDPHXSZN @EAMaddenNFL @NFL @CMC_22 @Browns @NickChubb @Ravens @Eagles @Jaguars @packers @HoustonTexans @Seahawks Pacheco might not make the top 30 backs in the league based on talent and production,0,0,,,,True,False,1818323511233917090,ISOTREYFIVE,,1818994151066681813,1818994151066681813,1,198,28,0,data/tweets.js,,"EAMaddenNFL,NFL,CMC_22,Browns,NickChubb,Ravens,Eagles,Jaguars,packers,HoustonTexans,Seahawks",
1819016743177629998,TXTrickWhooper,2024-08-01T14:26:01Z,2024-08-01T09:26:01-05:00,,,False,2024,@KDPHXSZN @EAMaddenNFL @NFL @CMC_22 @Browns @NickChubb @Ravens @Eagles @Jaguars @packers @HoustonTexans @Seahawks Nah bro I can tell you’re new here - Andy Reid has always turned average RBs into good ones and good ones to elite haha Pacheco isn’t even the best RB on your team.,0,0,,,,True,False,1819010954572554606,ISOTREYFIVE,,1819016743177629998,1819016743177629998,1,278,46,0,data/tweets.js,,"EAMaddenNFL,NFL,CMC_22,Browns,NickChubb,Ravens,Eagles,Jaguars,packers,HoustonTexans,Seahawks",
1819026454547501120,TXTrickWhooper,2024-08-01T15:04:37Z,2024-08-01T10:04:37-05:00,,,False,2024,@KDPHXSZN @EAMaddenNFL @NFL @CMC_22 @Browns @NickChubb @Ravens @Eagles @Jaguars @packers @HoustonTexans @Seahawks CEH He just doesn’t get the workload,0,0,,,,True,False,1819026122706731262,ISOTREYFIVE,,1819026454547501120,1819026454547501120,1,150,19,0,data/tweets.js,,"EAMaddenNFL,NFL,CMC_22,Browns,NickChubb,Ravens,Eagles,Jaguars,packers,HoustonTexans,Seahawks",
1819050476261810387,TXTrickWhooper,2024-08-01T16:40:04Z,2024-08-01T11:40:04-05:00,,,False,2024,@Zutroy85 Shut up bro no one cares,0,0,,,,True,False,1819013206129418749,Zutroy85,,1819050476261810387,1819050476261810387,1,34,7,0,data/tweets.js,,Zutroy85,
1819055291461242944,TXTrickWhooper,2024-08-01T16:59:12Z,2024-08-01T11:59:12-05:00,,,False,2024,"@K_A_N_D_E_L Excuse me sir, your mental retardation is showing",0,0,,,,True,False,1818760881800724907,K_A_N_D_E_L,,1819055291461242944,1819055291461242944,1,62,9,0,data/tweets.js,,K_A_N_D_E_L,
1819132826194776233,TXTrickWhooper,2024-08-01T22:07:18Z,2024-08-01T17:07:18-05:00,,,False,2024,@_willcompton She looks like every future high school basketball player after cracking skulls in the Oklahoma drill for the first time,0,0,,,,True,False,1819130602114675109,_willcompton,,1819132826194776233,1819132826194776233,1,134,21,0,data/tweets.js,,_willcompton,
1819132986786447502,TXTrickWhooper,2024-08-01T22:07:56Z,2024-08-01T17:07:56-05:00,,,False,2024,"RT @MonkeyTiltPlay: Watching Spanish Olympic beach volleyball and there’s already been a wrist injury…

Hopefully I’m ok by tomorrow https:…",0,0,,,,False,False,,,,1819132986786447502,1819132986786447502,1,140,20,0,data/tweets.js,,MonkeyTiltPlay,
1819203331140530435,TXTrickWhooper,2024-08-02T02:47:27Z,2024-08-01T21:47:27-05:00,,,False,2024,"@FSUmollz Posted the bi-annual picture earlier, absolutely electric start to August",0,0,,,,True,False,1819163959137563108,FSUmollz,,1819203331140530435,1819203331140530435,1,83,11,0,data/tweets.js,,FSUmollz,
1819204349320474832,TXTrickWhooper,2024-08-02T02:51:30Z,2024-08-01T21:51:30-05:00,,,False,2024,RT @faylikesmilk: i may be a 4 in california but i’m an 11 in this north texas bucees right now,0,0,,,,False,False,,,,1819204349320474832,1819204349320474832,1,95,20,0,data/tweets.js,,faylikesmilk,
1819204784513077503,TXTrickWhooper,2024-08-02T02:53:14Z,2024-08-01T21:53:14-05:00,,,False,2024,"@faylikesmilk Wait till you check out the San Antonio Bucees, it raises you by 3 immediately",0,0,,,,True,False,1819109520809115959,givemebudlight,,1819204784513077503,1819204784513077503,1,92,16,0,data/tweets.js,,,
1819368688971083841,TXTrickWhooper,2024-08-02T13:44:32Z,2024-08-02T08:44:32-05:00,,,False,2024,RT @elonmusk: Good,0,0,,,,False,False,,,,1819368688971083841,1819368688971083841,1,18,3,0,data/tweets.js,,elonmusk,
1819371705539731796,TXTrickWhooper,2024-08-02T13:56:31Z,2024-08-02T08:56:31-05:00,,,False,2024,"@bxkigx2 @2DRenism It’s an emotional maturity thing. Women tend to mature faster mentally, meaning men their age typically aren’t in the same stage of “dating to marry” or dating at all

You’ll understand after about 25, no one cares nor judges as long as they’re happy",0,0,,,,True,False,1819138945986293890,bxkigx2,,1819371705539731796,1819371705539731796,1,269,46,0,data/tweets.js,,"bxkigx2,2DRenism",
1819372734272413731,TXTrickWhooper,2024-08-02T14:00:36Z,2024-08-02T09:00:36-05:00,,,False,2024,@MLBTheShow @Rockies Another 💩 card,0,0,,,,True,False,1819372583235490121,MLBTheShow,,1819372734272413731,1819372734272413731,1,35,5,0,data/tweets.js,,"MLBTheShow,Rockies",
1819373212515409991,TXTrickWhooper,2024-08-02T14:02:30Z,2024-08-02T09:02:30-05:00,,,False,2024,@TalkinBaseball_ You’re saying there isn’t a single NL storyline? No bias to be seen here,0,0,,,,True,False,1819372591431217591,TalkinBaseball_,,1819373212515409991,1819373212515409991,1,89,15,0,data/tweets.js,,TalkinBaseball_,
1819373710081421675,TXTrickWhooper,2024-08-02T14:04:29Z,2024-08-02T09:04:29-05:00,,,False,2024,@News4SA My imaginary kids told me f**k that healthy trash gives the kids all the pizza and tendies their hearts desire,0,0,,,,True,False,1819372119454609897,News4SA,,1819373710081421675,1819373710081421675,1,119,21,0,data/tweets.js,,News4SA,
1819374361255514196,TXTrickWhooper,2024-08-02T14:07:04Z,2024-08-02T09:07:04-05:00,,,False,2024,"@Simone_Biles No idea what “black job” means but congrats on the gold, Simone!",0,0,,,,True,False,1819284274224173147,Simone_Biles,,1819374361255514196,1819374361255514196,1,78,13,0,data/tweets.js,,Simone_Biles,
1819374967445696936,TXTrickWhooper,2024-08-02T14:09:29Z,2024-08-02T09:09:29-05:00,,,False,2024,@wobblymami @smalldickBWIC This is how I feel when a potential Hinge match pops up that doesn’t look like they have a debilitating disability,1,0,,,,True,False,1819169831234449609,wobblymami,,1819374967445696936,1819374967445696936,1,141,23,0,data/tweets.js,,wobblymami,
1819481366423109911,TXTrickWhooper,2024-08-02T21:12:16Z,2024-08-02T16:12:16-05:00,,,False,2024,@_Hornik_ Don’t even get me started on Daisuke Matsuzaka and the gyroball,0,0,,,,True,False,1819399911802380514,_Hornik_,,1819481366423109911,1819481366423109911,1,73,12,0,data/tweets.js,,_Hornik_,
1819481553627410795,TXTrickWhooper,2024-08-02T21:13:01Z,2024-08-02T16:13:01-05:00,,,False,2024,@TreIindor20 No way they’ve ever heard of World Series MVP David Eckstein,0,0,,,,True,False,1819218105601491390,TreIindor20,,1819481553627410795,1819481553627410795,1,73,12,0,data/tweets.js,,TreIindor20,
1819643843593081312,TXTrickWhooper,2024-08-03T07:57:54Z,2024-08-03T02:57:54-05:00,,,False,2024,"@yacineMTB @climatepaige When someone blames OTHERS for THEIR negative perception of reality, it’s a pretty surefire sign THEY ARE THE ONES TO BLAME",0,0,,,,True,False,1819536484233351189,yacineMTB,,1819643843593081312,1819643843593081312,2,148,23,0,data/tweets.js,,"yacineMTB,climatepaige",
1819644016771694787,TXTrickWhooper,2024-08-03T07:58:35Z,2024-08-03T02:58:35-05:00,,,False,2024,"@yacineMTB @climatepaige You attract what you give off, I’m not sure how people don’t realize this fact",0,0,,,,True,True,1819643843593081312,TXTrickWhooper,,1819643843593081312,1819643843593081312,2,103,17,0,data/tweets.js,,"yacineMTB,climatepaige",
1819644769854771323,TXTrickWhooper,2024-08-03T08:01:35Z,2024-08-03T03:01:35-05:00,,,False,2024,"@crackcobain__ Bro all I can say is find yourself a comfy couch, turn on planet earth, and don’t leave it till you’ve binged the entire thing.

That’s the only thing that keeps me sane I’m that deep off the eddies.

Godspeed brother",0,0,,,,True,False,1819525999828107522,crackcobain__,,1819644769854771323,1819644769854771323,1,232,42,0,data/tweets.js,,crackcobain__,
1819791903769952466,TXTrickWhooper,2024-08-03T17:46:14Z,2024-08-03T12:46:14-05:00,,,False,2024,@FSUmollz Peak male performance at its finest,1,0,,,,True,False,1819791617693519891,FSUmollz,,1819791903769952466,1819791903769952466,1,45,7,0,data/tweets.js,,FSUmollz,
1819797315361599823,TXTrickWhooper,2024-08-03T18:07:44Z,2024-08-03T13:07:44-05:00,,,False,2024,"@briarbeebenson @mercuryvhs @Kelly_McKernan @cinnamolynn @Unicornucopia_1 Dude. Y’all random freelance artists aren’t Vincent Van Gogh. Wages any worker is paid are based on market demand for their job.

Taking a stand on this WILL NOT move the needle, it’ll ensure another artist gets paid nothing instead of something for their work.",1,0,,,,True,False,1819789342409191612,briarbeebenson,,1819797315361599823,1819797315361599823,1,335,50,0,data/tweets.js,,"briarbeebenson,cinnamolynn,Unicornucopia_1",
1819799304074363349,TXTrickWhooper,2024-08-03T18:15:38Z,2024-08-03T13:15:38-05:00,,,False,2024,@Kelly_McKernan I mean….. they can always have ChatGPT do it instead for a whopping total of $20 for the premium service,0,0,,,,True,False,1818688378126111165,,,1819799304074363349,1819799304074363349,1,120,21,0,data/tweets.js,,,
1819813691140813299,TXTrickWhooper,2024-08-03T19:12:49Z,2024-08-03T14:12:49-05:00,,,False,2024,RT @JayVTheGreat: A black person that hates white people is no different than a white person that hates black people. Their hearts are both…,0,0,,,,False,False,,,,1819813691140813299,1819813691140813299,1,140,24,0,data/tweets.js,,JayVTheGreat,
1819817220383408180,TXTrickWhooper,2024-08-03T19:26:50Z,2024-08-03T14:26:50-05:00,,,False,2024,"@1222tonny @theboydoot @CodyTidwell9 @KanduAndwill @Timmythebiggest @JayVTheGreat You were born in Africa? News flash bud if not - you aren’t fully black either

The fact u blame white ppl for everything bad that ever has/will ever happen to the black community AND think Obama “isn’t black enough” is the issue

We’re all human. Stop reading  book by its cover",1,0,,,,True,False,1819807459420356613,1222tonny,,1819817220383408180,1819817220383408180,1,361,58,0,data/tweets.js,,"1222tonny,CodyTidwell9,KanduAndwill,Timmythebiggest,JayVTheGreat",
1819823269555380247,TXTrickWhooper,2024-08-03T19:50:52Z,2024-08-03T14:50:52-05:00,,,False,2024,"@1222tonny @theboydoot @CodyTidwell9 @KanduAndwill @Timmythebiggest @JayVTheGreat You judging purely off color tells me all I need to know. Ignorance is the root of all evil and ur colorism isn't chill

All humans when it’s beneficial? Tf does that even mean? Ur choosing not to treat others with basic human decency is your shortcoming, not everyone else’s",1,0,,,,True,False,1819818168904564997,1222tonny,,1819823269555380247,1819823269555380247,1,357,56,0,data/tweets.js,,"1222tonny,CodyTidwell9,KanduAndwill,Timmythebiggest,JayVTheGreat",
1819859346026578009,TXTrickWhooper,2024-08-03T22:14:14Z,2024-08-03T17:14:14-05:00,,,False,2024,"@1222tonny @theboydoot @CodyTidwell9 @KanduAndwill @Timmythebiggest @JayVTheGreat 1) birth rates decrease in every country worldwide as the standard of living/age expectancy increases and education flourishes (bar no color)

2) u high? There is no data to support whatever the heck you said here

3) that’s a good thing? What’s ur point?

4) this is correct.",1,0,,,,True,False,1819843987127283896,1222tonny,,1819859346026578009,1819859346026578009,2,358,54,0,data/tweets.js,,"1222tonny,CodyTidwell9,KanduAndwill,Timmythebiggest,JayVTheGreat",
1819859777998012704,TXTrickWhooper,2024-08-03T22:15:57Z,2024-08-03T17:15:57-05:00,,,False,2024,@1222tonny @theboydoot @CodyTidwell9 @KanduAndwill @Timmythebiggest @JayVTheGreat But hey it’s obvious you hate your life and your mind is already set. Have fun living in ur dystopian delusion,0,0,,,,True,True,1819859346026578009,TXTrickWhooper,,1819859346026578009,1819859346026578009,2,192,27,0,data/tweets.js,,"1222tonny,CodyTidwell9,KanduAndwill,Timmythebiggest,JayVTheGreat",
1819868896322597060,TXTrickWhooper,2024-08-03T22:52:11Z,2024-08-03T17:52:11-05:00,,,False,2024,"@1222tonny @theboydoot @CodyTidwell9 @KanduAndwill @Timmythebiggest @JayVTheGreat I don’t think you know how racist you sound lol idc honestly but I haven’t heard someone so gleefully root for genocide of multiple races like that since Hitler

What are your thoughts on aliens bro?",0,0,,,,True,False,1819864142720958617,1222tonny,,1819868896322597060,1819868896322597060,1,281,42,0,data/tweets.js,,"1222tonny,CodyTidwell9,KanduAndwill,Timmythebiggest,JayVTheGreat",
1819869760433361277,TXTrickWhooper,2024-08-03T22:55:37Z,2024-08-03T17:55:37-05:00,,,False,2024,"@1222tonny @theboydoot @CodyTidwell9 @KanduAndwill @Timmythebiggest @JayVTheGreat I’m not playing stupid I just agreed with you on that and told you the reason why it happens in both Asia and Europe.

I don’t need to look it up I majored in international relations at UT-Austin bro haha I earned a degree on this topic",0,0,,,,True,False,1819863966497275993,1222tonny,,1819869760433361277,1819869760433361277,1,318,53,0,data/tweets.js,,"1222tonny,CodyTidwell9,KanduAndwill,Timmythebiggest,JayVTheGreat",
1819872539394412640,TXTrickWhooper,2024-08-03T23:06:39Z,2024-08-03T18:06:39-05:00,,,False,2024,Compassion &amp; kindness - both cost nothing but mean the world to others. https://t.co/hjHehAOsMR,3,0,,,,False,False,,,,1819872539394412640,1819872539394412640,1,99,14,0,data/tweets.js,,,https://x.com/JayVTheGreat/status/1819227932260184263
1820936904440754608,TXTrickWhooper,2024-08-06T21:36:04Z,2024-08-06T16:36:04-05:00,,,False,2024,@martymush Ur brain must be mush if u truly think this,0,0,,,,True,False,1819786893531234431,martymush,,1820936904440754608,1820936904440754608,1,54,11,0,data/tweets.js,,martymush,
1823531763789873222,TXTrickWhooper,2024-08-14T01:27:06Z,2024-08-13T20:27:06-05:00,,,False,2024,.@MLBTheShow why? https://t.co/lqfNyS0bPS,0,0,,,,False,False,,,,1823531763789873222,1823531763789873222,1,41,3,1,data/tweets.js,,MLBTheShow,
1823877928834236842,TXTrickWhooper,2024-08-15T00:22:38Z,2024-08-14T19:22:38-05:00,,,False,2024,@Red_Dead_Fred Shut up bro two weddings the weekend of Texas vs Georgia in Austin in not ok,1,0,,,,True,False,1823531475309854912,Red_Dead_Fred,,1823877928834236842,1823877928834236842,1,91,17,0,data/tweets.js,,Red_Dead_Fred,
1823878178839859519,TXTrickWhooper,2024-08-15T00:23:38Z,2024-08-14T19:23:38-05:00,,,False,2024,Most whipped take I’ve ever seen https://t.co/l9DDmtn21f,0,0,,,,False,False,,,,1823878178839859519,1823878178839859519,1,56,7,0,data/tweets.js,,,https://x.com/Red_Dead_Fred/status/1823531475309854912
1823904593798897805,TXTrickWhooper,2024-08-15T02:08:36Z,2024-08-14T21:08:36-05:00,,,False,2024,@JosieJosie07 More of a Uranus guy personally,0,0,,,,True,False,1820103890970595761,JosieJosie07,,1823904593798897805,1823904593798897805,2,45,7,0,data/tweets.js,,JosieJosie07,
1823904742591848911,TXTrickWhooper,2024-08-15T02:09:11Z,2024-08-14T21:09:11-05:00,,,False,2024,@JosieJosie07 (Sorry I couldn’t help myself),0,0,,,,True,True,1823904593798897805,TXTrickWhooper,,1823904593798897805,1823904593798897805,2,44,6,0,data/tweets.js,,JosieJosie07,
1823905548128915522,TXTrickWhooper,2024-08-15T02:12:23Z,2024-08-14T21:12:23-05:00,,,False,2024,@S_CharlesNFL Greatest sports moment since George Dubya’s first pitch in the World Series post-9/11,0,0,,,,True,False,1823850139901120922,S_CharlesNFL,,1823905548128915522,1823905548128915522,1,99,14,0,data/tweets.js,,S_CharlesNFL,
1823907309757555154,TXTrickWhooper,2024-08-15T02:19:23Z,2024-08-14T21:19:23-05:00,,,False,2024,"Considering Jarren Duran is more or less an American hero for saying it….

Can y’all please stop suspending me now for calling the homies “faggot” in a private group voice chat??? @PlayStation @AskPlayStation",1,0,,,,False,False,,,,1823907309757555154,1823907309757555154,1,209,33,0,data/tweets.js,,"PlayStation,askplaystation",
1823907335066018068,TXTrickWhooper,2024-08-15T02:19:29Z,2024-08-14T21:19:29-05:00,,,False,2024,"RT @yeahrightgirlhg: calling someone a faggot very rarely has to do with their sexual orientation, the biggest faggots i’ve ever met are st…",0,0,,,,False,False,,,,1823907335066018068,1823907335066018068,1,140,23,0,data/tweets.js,,yeahrightgirlhg,
1824067469301993635,TXTrickWhooper,2024-08-15T12:55:48Z,2024-08-15T07:55:48-05:00,,,False,2024,"@ItsJesseSimmons @LittleLeague This is your average 13-year-old pitcher in high-level select ball (from a farther distance than Little League nonetheless).

Elite guys would be hitting 81-85+ at least. Little League really is just a step talent wise above your local pony team",0,0,,,,True,False,1823782657823584674,ItsJesseSimmons,,1824067469301993635,1824067469301993635,1,276,42,0,data/tweets.js,,"ItsJesseSimmons,LittleLeague",
1824076478323064928,TXTrickWhooper,2024-08-15T13:31:36Z,2024-08-15T08:31:36-05:00,,,False,2024,"@BFW I’m a Longhorn and even I must concede AP is the best I’ve ever seen in my generation.

Also don’t forget the boys Earl &amp; Ricky. It’s a travesty they aren’t in the convo https://t.co/I6YqQfq5fE",0,0,,,,True,False,1823835307613036756,BFW,,1824076478323064928,1824076478323064928,1,202,36,1,data/tweets.js,,BFW,
1824082251765760017,TXTrickWhooper,2024-08-15T13:54:33Z,2024-08-15T08:54:33-05:00,,,False,2024,@Cluffalo Yeah most dudes are soft I’ve never understood. Let your sack drop and go get what you want from life,0,0,,,,True,False,1824043776827932983,allie__voss,,1824082251765760017,1824082251765760017,1,111,21,0,data/tweets.js,,,
1824083434102280379,TXTrickWhooper,2024-08-15T13:59:15Z,2024-08-15T08:59:15-05:00,,,False,2024,@KStew2 @TMathSports Came here to comment the same. Got beat to the punch😔,0,0,,,,True,False,1823842592129511742,prjipomusk,,1824083434102280379,1824083434102280379,1,74,13,0,data/tweets.js,,TMathSports,
1824085245710176653,TXTrickWhooper,2024-08-15T14:06:27Z,2024-08-15T09:06:27-05:00,,,False,2024,@NFL_DovKleiman @jonmachota Like a prime Frank Gore hitting the hole at age 38,0,0,,,,True,False,1823813294190420091,NFL_DovKleiman,,1824085245710176653,1824085245710176653,1,78,13,0,data/tweets.js,,"NFL_DovKleiman,jonmachota",
1824085702583222548,TXTrickWhooper,2024-08-15T14:08:16Z,2024-08-15T09:08:16-05:00,,,False,2024,"RT @TheTomCasale: I wouldn't attend my own wedding on Oct. 12, 2024.",0,0,,,,False,False,,,,1824085702583222548,1824085702583222548,1,68,12,0,data/tweets.js,,TheTomCasale,
1824129233716748634,TXTrickWhooper,2024-08-15T17:01:14Z,2024-08-15T12:01:14-05:00,,,False,2024,@orangebloods_ Buy all day and night,0,0,,,,True,False,1824122678279577618,orangebloods_,,1824129233716748634,1824129233716748634,1,36,6,0,data/tweets.js,,orangebloods_,
1824129745526600184,TXTrickWhooper,2024-08-15T17:03:16Z,2024-08-15T12:03:16-05:00,,,False,2024,@Jomboy_ I’ll fuckin riot,0,0,,,,True,False,1824125732169130236,Jomboy_,,1824129745526600184,1824129745526600184,1,25,4,0,data/tweets.js,,Jomboy_,
1824130117137793342,TXTrickWhooper,2024-08-15T17:04:45Z,2024-08-15T12:04:45-05:00,,,False,2024,@Jomboy_ MLB really has a knack for not having any knack at all for what fans and players want,0,0,,,,True,False,1824125732169130236,Jomboy_,,1824130117137793342,1824130117137793342,1,94,19,0,data/tweets.js,,Jomboy_,
1824130737898959147,TXTrickWhooper,2024-08-15T17:07:13Z,2024-08-15T12:07:13-05:00,,,False,2024,"@JomboyMedia Ah, the good ole spit ball",0,0,,,,True,False,1824129443834610138,JomboyMedia,,1824130737898959147,1824130737898959147,1,39,7,0,data/tweets.js,,JomboyMedia,
1824132531601482068,TXTrickWhooper,2024-08-15T17:14:20Z,2024-08-15T12:14:20-05:00,,,False,2024,@a_raw_view @Lizzytrizzy May I add “hold your horses”,0,0,,,,True,False,1823579812738244762,a_raw_view,,1824132531601482068,1824132531601482068,1,53,8,0,data/tweets.js,,"a_raw_view,Lizzytrizzy",
1824133119009755369,TXTrickWhooper,2024-08-15T17:16:40Z,2024-08-15T12:16:40-05:00,,,False,2024,@MarkPriorRBW You’re high I can name 5 better pitchers in the 21st century,0,0,,,,True,False,1823481528825078174,Honestly_Jake,,1824133119009755369,1824133119009755369,1,74,13,0,data/tweets.js,,,
1824133571671437459,TXTrickWhooper,2024-08-15T17:18:28Z,2024-08-15T12:18:28-05:00,,,False,2024,RT @Chris_Oven: One of the worst forms of torture is standing in silence while the opposite half of the Cotton Bowl goes bananas. The most…,0,0,,,,False,False,,,,1824133571671437459,1824133571671437459,1,139,25,0,data/tweets.js,,Chris_Oven,
1824134095393140755,TXTrickWhooper,2024-08-15T17:20:33Z,2024-08-15T12:20:33-05:00,,,False,2024,"@RonBurgandy420 @Chris_Oven The game is held in the middle of the state fair of Texas and the crowd is split down the middle 50/50….

Yeah Red River is built different",0,0,,,,True,False,1824129763104981441,RonBurgandy420,,1824134095393140755,1824134095393140755,1,167,30,0,data/tweets.js,,"RonBurgandy420,Chris_Oven",
1824135138168680572,TXTrickWhooper,2024-08-15T17:24:42Z,2024-08-15T12:24:42-05:00,,,False,2024,@Chris_Oven The roller coaster of wanting to kys followed by pure elatement 6 times a quarter is unmatched,0,0,,,,True,False,1823868780508012600,Chris_Oven,,1824135138168680572,1824135138168680572,1,106,18,0,data/tweets.js,,Chris_Oven,
1824135658253799692,TXTrickWhooper,2024-08-15T17:26:46Z,2024-08-15T12:26:46-05:00,,,False,2024,@WatsonJames05 @KStew2 @TMathSports Speak for yourself I follow Taylor for her lovely personality,0,0,,,,True,False,1824083950634934417,,,1824135658253799692,1824135658253799692,1,97,13,0,data/tweets.js,,TMathSports,
1824136088014696940,TXTrickWhooper,2024-08-15T17:28:28Z,2024-08-15T12:28:28-05:00,,,False,2024,@RonBurgandy420 @Chris_Oven Have you attended the game?,0,0,,,,True,False,1824135699945197915,RonBurgandy420,,1824136088014696940,1824136088014696940,1,55,7,0,data/tweets.js,,"RonBurgandy420,Chris_Oven",
1824137611117527364,TXTrickWhooper,2024-08-15T17:34:31Z,2024-08-15T12:34:31-05:00,,,False,2024,@RonBurgandy420 @Chris_Oven Like you’ve been to a Red River game?,0,0,,,,True,False,1824136420182855819,RonBurgandy420,,1824137611117527364,1824137611117527364,1,65,10,0,data/tweets.js,,"RonBurgandy420,Chris_Oven",
1824138494978974060,TXTrickWhooper,2024-08-15T17:38:02Z,2024-08-15T12:38:02-05:00,,,False,2024,"RT @JohnBummit: JB Top 10 White dude phrases:

1. ""Newsflash Buddy""
2. ""Hi Dad""
3. ""For crying out loud""
4. ""Just gonna sneak right past yo…",0,0,,,,False,False,,,,1824138494978974060,1824138494978974060,1,140,26,0,data/tweets.js,,JohnBummit,
1824139498638414027,TXTrickWhooper,2024-08-15T17:42:02Z,2024-08-15T12:42:02-05:00,,,False,2024,@sleepygatas @CHYTOWNNNN Same happens to the Texas grid when the temp drops below freezing lmao,0,0,,,,True,False,1823885322272284938,sleepygatas,,1824139498638414027,1824139498638414027,1,95,15,0,data/tweets.js,,"sleepygatas,CHYTOWNNNN",
1824141441880240408,TXTrickWhooper,2024-08-15T17:49:45Z,2024-08-15T12:49:45-05:00,,,False,2024,@CorinnaKopf Here purely to compliment the Zach Bryan swag,2,0,,,,True,False,1824101335853158876,CorinnaKopf,,1824141441880240408,1824141441880240408,1,58,9,0,data/tweets.js,,CorinnaKopf,
1824143736084766848,TXTrickWhooper,2024-08-15T17:58:52Z,2024-08-15T12:58:52-05:00,,,False,2024,@benitodonato5 @PFTCommenter @_willcompton one of y’all must bid for this vintage masterpiece,1,0,,,,True,False,1823504531868492266,boxbugga1,,1824143736084766848,1824143736084766848,1,93,12,0,data/tweets.js,,"PFTCommenter,_willcompton",
1824372610467013058,TXTrickWhooper,2024-08-16T09:08:20Z,2024-08-16T04:08:20-05:00,,,False,2024,@fulltrumpvodka @RonBurgandy420 @Chris_Oven Yeah I knew he was bullshitting I wanted to see how deep he’d dig the web of lies,0,0,,,,True,False,1824299922633417167,fulltrumpvodka,,1824372610467013058,1824372610467013058,1,125,21,0,data/tweets.js,,"fulltrumpvodka,RonBurgandy420,Chris_Oven",
1824538364500119730,TXTrickWhooper,2024-08-16T20:06:59Z,2024-08-16T15:06:59-05:00,,,False,2024,@overtime Ofc she’s a cubs fan,0,0,,,,True,False,1824447021496868961,overtime,,1824538364500119730,1824538364500119730,1,30,6,0,data/tweets.js,,overtime,
1825147535515680838,TXTrickWhooper,2024-08-18T12:27:36Z,2024-08-18T07:27:36-05:00,,,False,2024,@osuzack @NFL_DovKleiman @blakebyler45 Should’ve built him one of these babies https://t.co/hMyGecS5Pt,0,0,,,,True,False,1824600902033879432,osuzack,,1825147535515680838,1825147535515680838,1,102,11,1,data/tweets.js,,"osuzack,NFL_DovKleiman,blakebyler45",
1825235756635554244,TXTrickWhooper,2024-08-18T18:18:10Z,2024-08-18T13:18:10-05:00,,,False,2024,@thegirlherd @nb97_dal @TheSlanderU Their entire program is a parody,0,0,,,,True,False,1824874648393371951,thegirlherd,,1825235756635554244,1825235756635554244,1,68,9,0,data/tweets.js,,"thegirlherd,nb97_dal,TheSlanderU",
1825268667568857455,TXTrickWhooper,2024-08-18T20:28:56Z,2024-08-18T15:28:56-05:00,,,False,2024,RT @Whotfismick: https://t.co/g6thpxFqBJ,0,0,,,,False,False,,,,1825268667568857455,1825268667568857455,1,40,3,1,data/tweets.js,,Whotfismick,
1825356391692816576,TXTrickWhooper,2024-08-19T02:17:31Z,2024-08-18T21:17:31-05:00,,,False,2024,@osuzack This. Anyone who burns bridges over politics has far deeper issues to worry about,0,0,,,,True,False,1824868699884388762,osuzack,,1825356391692816576,1825356391692816576,1,90,15,0,data/tweets.js,,osuzack,
1825412290943815978,TXTrickWhooper,2024-08-19T05:59:39Z,2024-08-19T00:59:39-05:00,,,False,2024,"RT @FitzGSN_: I open Instagram just to see people my age with wedding pictures and pictures of newborns, while I’m debating if I want to go…",0,0,,,,False,False,,,,1825412290943815978,1825412290943815978,1,140,26,0,data/tweets.js,,FitzGSN_,
1825502268487070166,TXTrickWhooper,2024-08-19T11:57:11Z,2024-08-19T06:57:11-05:00,,,False,2024,@MrdotemG @backendjame Found the obligatory race war guy that’s on every twitter thread,0,0,,,,True,False,1824983823383175343,MrdotemG,,1825502268487070166,1825502268487070166,1,87,13,0,data/tweets.js,,"MrdotemG,backendjame",
1825511149275664480,TXTrickWhooper,2024-08-19T12:32:29Z,2024-08-19T07:32:29-05:00,,,False,2024,@G2035Mc @cloutdivine @theyh8lei It’s 2024 maybe she is a man,4,0,,,,True,False,1825399672279548018,G2035Mc,,1825511149275664480,1825511149275664480,1,61,10,0,data/tweets.js,,"G2035Mc,cloutdivine,theyh8lei",
1825594225595134167,TXTrickWhooper,2024-08-19T18:02:35Z,2024-08-19T13:02:35-05:00,,,False,2024,@PardonMyTake Team 2 with the clean sweep,0,0,,,,True,False,1825566013603340758,PardonMyTake,,1825594225595134167,1825594225595134167,1,41,7,0,data/tweets.js,,PardonMyTake,
1825633864070607288,TXTrickWhooper,2024-08-19T20:40:06Z,2024-08-19T15:40:06-05:00,,,False,2024,@elonmusk Yes and a ton liking random tweets/hitting me the follow,0,0,,,,True,False,1825395243560128667,elonmusk,,1825633864070607288,1825633864070607288,1,66,11,0,data/tweets.js,,elonmusk,
1825642361730355651,TXTrickWhooper,2024-08-19T21:13:52Z,2024-08-19T16:13:52-05:00,,,False,2024,@AlpacaAurelius It could give me cancer over night I still prefer my temp at 68 degrees,0,0,,,,True,False,1825472749139095684,AlpacaAurelius,,1825642361730355651,1825642361730355651,1,87,16,0,data/tweets.js,,AlpacaAurelius,
1825894638386852238,TXTrickWhooper,2024-08-20T13:56:19Z,2024-08-20T08:56:19-05:00,,,False,2024,@NjTank99 Keep at it bro! You’re smaller than me bro I stay rocking those XXLs,1,0,,,,True,False,1825616794536825008,NjTank99,,1825894638386852238,1825894638386852238,1,78,15,0,data/tweets.js,,NjTank99,
1825895049768443931,TXTrickWhooper,2024-08-20T13:57:58Z,2024-08-20T08:57:58-05:00,,,False,2024,@AB84 Generational run becoming eternal at this pace,0,0,,,,True,False,1825638428870062211,AB84,,1825895049768443931,1825895049768443931,1,52,8,0,data/tweets.js,,AB84,
1825896039917691042,TXTrickWhooper,2024-08-20T14:01:54Z,2024-08-20T09:01:54-05:00,,,False,2024,@UnnecRoughness Everyone except Glenny in this video should be fired and blackballed from working in sports,0,0,,,,True,False,1825629753455554938,UnnecRoughness,,1825896039917691042,1825896039917691042,1,107,16,0,data/tweets.js,,UnnecRoughness,
1825915604609421397,TXTrickWhooper,2024-08-20T15:19:38Z,2024-08-20T10:19:38-05:00,,,False,2024,"@_willcompton @BussinWTB I’ll take a damn horse from Boerne, TX each day for the gig",0,0,,,,True,False,1825912363243155888,_willcompton,,1825915604609421397,1825915604609421397,1,84,15,0,data/tweets.js,,"_willcompton,BussinWTB",
1826095657276375068,TXTrickWhooper,2024-08-21T03:15:06Z,2024-08-20T22:15:06-05:00,,,False,2024,"@messy_mustard In my 29 years of experience with women, the only correct answer is 21.",0,0,,,,True,False,1825924694660219059,,,1826095657276375068,1826095657276375068,1,86,15,0,data/tweets.js,,,
1826157138827231585,TXTrickWhooper,2024-08-21T07:19:24Z,2024-08-21T02:19:24-05:00,,,False,2024,@nfsolaura The cost of never having another tweet again without replies of guys rattling off subpar pickup lines,2,0,,,,True,False,1826153287038493182,,,1826157138827231585,1826157138827231585,2,112,18,0,data/tweets.js,,,
1826157391169176061,TXTrickWhooper,2024-08-21T07:20:25Z,2024-08-21T02:20:25-05:00,,,False,2024,@nfsolaura (Myself likely included here and there),1,0,,,,True,True,1826157138827231585,TXTrickWhooper,,1826157138827231585,1826157138827231585,2,50,7,0,data/tweets.js,,,
1826298586617028816,TXTrickWhooper,2024-08-21T16:41:28Z,2024-08-21T11:41:28-05:00,,,False,2024,@nfsolaura I can fix her (if she ever responds),2,0,,,,True,False,1826296181628031176,,,1826298586617028816,1826298586617028816,1,47,9,0,data/tweets.js,,,
1827050372176732399,TXTrickWhooper,2024-08-23T18:28:48Z,2024-08-23T13:28:48-05:00,,,False,2024,@mickmami But the resemblance is uncanny,0,0,,,,True,False,1826976036875096393,,,1827050372176732399,1827050372176732399,1,40,6,0,data/tweets.js,,Mickmami,
1827084818506449145,TXTrickWhooper,2024-08-23T20:45:40Z,2024-08-23T15:45:40-05:00,,,False,2024,@vibetoarnold Dance with the Devil by Immortal Technique,0,0,,,,True,False,1826774856425263456,vibetogum,,1827084818506449145,1827084818506449145,1,56,8,0,data/tweets.js,,,
1827084926690242810,TXTrickWhooper,2024-08-23T20:46:06Z,2024-08-23T15:46:06-05:00,,,False,2024,@KrazyNub88 @vibetoarnold Damn I literally commented the same thing right before seeing this😂,1,0,,,,True,False,1826790350809432404,KrazyNub88,,1827084926690242810,1827084926690242810,1,93,13,0,data/tweets.js,,KrazyNub88,
1827177611681771782,TXTrickWhooper,2024-08-24T02:54:24Z,2024-08-23T21:54:24-05:00,,,False,2024,@CoachSchloss @LittleLeague Thanks coach! Don’t listen to the trolls. Boerne is proud of the boys and I’m DAMN proud to have you as our HC🤘,0,0,,,,True,False,1826733261118484954,CoachSchloss,,1827177611681771782,1827177611681771782,1,139,25,0,data/tweets.js,,"CoachSchloss,LittleLeague",
1827179979483787673,TXTrickWhooper,2024-08-24T03:03:49Z,2024-08-23T22:03:49-05:00,,,False,2024,@mickmami Love myself a multifaceted woman,0,0,,,,True,False,1827172562511495205,,,1827179979483787673,1827179979483787673,1,42,6,0,data/tweets.js,,Mickmami,
1827207095965368595,TXTrickWhooper,2024-08-24T04:51:34Z,2024-08-23T23:51:34-05:00,,,False,2024,@nfsolaura @VinceYoung10 4th &amp; 5 natty on the line,0,0,,,,True,False,1827195769184452924,,,1827207095965368595,1827207095965368595,1,54,9,0,data/tweets.js,,VinceYoung10,
1827207887594127686,TXTrickWhooper,2024-08-24T04:54:42Z,2024-08-23T23:54:42-05:00,,,False,2024,@mickmami It’s cuz they all think it’s u,0,0,,,,True,False,1827204994245804313,,,1827207887594127686,1827207887594127686,1,40,8,0,data/tweets.js,,Mickmami,
1827208143404769406,TXTrickWhooper,2024-08-24T04:55:43Z,2024-08-23T23:55:43-05:00,,,False,2024,@WawtGo @mickmami Did you really just use crypto and productive in the same sentence?,0,0,,,,True,False,1827206950146469989,WawtGo,,1827208143404769406,1827208143404769406,1,85,14,0,data/tweets.js,,"WawtGo,Mickmami",
1827208344852951238,TXTrickWhooper,2024-08-24T04:56:31Z,2024-08-23T23:56:31-05:00,,,False,2024,@sararockets 6’9”,0,0,,,,True,False,1827126742298865720,sararockets,,1827208344852951238,1827208344852951238,2,17,2,0,data/tweets.js,,sararockets,
1827208588776857954,TXTrickWhooper,2024-08-24T04:57:30Z,2024-08-23T23:57:30-05:00,,,False,2024,@sararockets Second guess is 4’20”,0,0,,,,True,True,1827208344852951238,TXTrickWhooper,,1827208344852951238,1827208344852951238,2,34,5,0,data/tweets.js,,sararockets,
1827208841848602888,TXTrickWhooper,2024-08-24T04:58:30Z,2024-08-23T23:58:30-05:00,,,False,2024,@sirbaka215 @iluvmorgi 10k,0,0,,,,True,False,1827038377390035046,sirbaka215,,1827208841848602888,1827208841848602888,1,26,3,0,data/tweets.js,,sirbaka215,
1827263249558970675,TXTrickWhooper,2024-08-24T08:34:42Z,2024-08-24T03:34:42-05:00,,,False,2024,@nfsolaura @Jtwa1n Dak Prescott jersey guy? More like definite deadbeat,0,0,,,,True,False,1827251974019920348,,,1827263249558970675,1827263249558970675,1,71,10,0,data/tweets.js,,Jtwa1n,
1827269188412461200,TXTrickWhooper,2024-08-24T08:58:18Z,2024-08-24T03:58:18-05:00,,,False,2024,@NicoHoernersDog *compares catcher to first baseman*,1,0,,,,True,False,1827011221804990970,NicoHoernersDog,,1827269188412461200,1827269188412461200,1,52,6,0,data/tweets.js,,NicoHoernersDog,
1827282040045101180,TXTrickWhooper,2024-08-24T09:49:22Z,2024-08-24T04:49:22-05:00,,,False,2024,@IleanaGonzxlez Charles Barkley might comment that SA women are ALREADY blown up,2,0,,,,True,False,1827062246259716377,IleanaGonzxlez,,1827282040045101180,1827282040045101180,1,80,12,0,data/tweets.js,,IleanaGonzxlez,
1827340547373310039,TXTrickWhooper,2024-08-24T13:41:51Z,2024-08-24T08:41:51-05:00,,,False,2024,"@CoachSchloss @TexasBaseball Tell him how you really feel, Aggies",0,0,,,,True,False,1827206663075475456,CoachSchloss,,1827340547373310039,1827340547373310039,1,65,9,0,data/tweets.js,,"CoachSchloss,TexasBaseball",
1827342859407634783,TXTrickWhooper,2024-08-24T13:51:02Z,2024-08-24T08:51:02-05:00,,,False,2024,@cptnsavahoe @hiinjuly @swisspleeze @fbghuss It’s honestly a little bit of a power trip and I love it. You feel like you’re in complete control makin em giggle n shit,0,0,,,,True,False,1827252001970737527,cptnsavahoe,,1827342859407634783,1827342859407634783,1,166,29,0,data/tweets.js,,"cptnsavahoe,hiinjuly,swisspleeze,fbghuss",
1827407488204857388,TXTrickWhooper,2024-08-24T18:07:51Z,2024-08-24T13:07:51-05:00,,,False,2024,@mickmami Boerne tx is where all the babes are,0,0,,,,True,False,1827379273457692730,,,1827407488204857388,1827407488204857388,1,46,9,0,data/tweets.js,,Mickmami,
1827423396545884203,TXTrickWhooper,2024-08-24T19:11:04Z,2024-08-24T14:11:04-05:00,,,False,2024,Someone do a wellness check on @FSUmollz,0,0,,,,False,False,,,,1827423396545884203,1827423396545884203,1,40,7,0,data/tweets.js,,FSUmollz,
1827425148645077320,TXTrickWhooper,2024-08-24T19:18:02Z,2024-08-24T14:18:02-05:00,,,False,2024,@nfsolaura @brightwhitenike Bro forgot you have to speak to women to cheat on em,0,0,,,,True,False,1827423263888121879,,,1827425148645077320,1827425148645077320,1,80,14,0,data/tweets.js,,,
1827426487710138593,TXTrickWhooper,2024-08-24T19:23:21Z,2024-08-24T14:23:21-05:00,,,False,2024,@FSUmollz At least you still have Jameis to look forward to,0,0,,,,True,False,1827424567104565741,FSUmollz,,1827426487710138593,1827426487710138593,1,59,11,0,data/tweets.js,,FSUmollz,
1827432962880892971,TXTrickWhooper,2024-08-24T19:49:05Z,2024-08-24T14:49:05-05:00,,,False,2024,@rachelplntgntt What about onlyfanz bois,1,0,,,,True,False,1827175134429356361,rachelplntgnt,,1827432962880892971,1827432962880892971,1,40,5,0,data/tweets.js,,,
1827451578460082266,TXTrickWhooper,2024-08-24T21:03:03Z,2024-08-24T16:03:03-05:00,,,False,2024,@FSUmollz Shooters shoot tho amirite,1,0,,,,True,False,1827437489692274739,FSUmollz,,1827451578460082266,1827451578460082266,1,36,5,0,data/tweets.js,,FSUmollz,
1827460329657254073,TXTrickWhooper,2024-08-24T21:37:49Z,2024-08-24T16:37:49-05:00,,,False,2024,"@ElectoTheProto @JohnBummit U got cooked. John has proof he’s black, do you?",0,0,,,,True,False,1827135816600350741,cupramenlover,,1827460329657254073,1827460329657254073,1,76,12,0,data/tweets.js,,JohnBummit,
1827616328707871129,TXTrickWhooper,2024-08-25T07:57:42Z,2024-08-25T02:57:42-05:00,,,False,2024,"@RP3onX @mikevick166 As someone who has a sister on Greek life at Texas, this is 100% the trade off😂",7,0,,,,True,False,1827467894277669112,RP3onX,,1827616328707871129,1827616328707871129,1,100,19,0,data/tweets.js,,"RP3onX,mikevick166",
1827730997145747773,TXTrickWhooper,2024-08-25T15:33:21Z,2024-08-25T10:33:21-05:00,,,False,2024,@maxigorilla2 @RP3onX @mikevick166 She’s an Alpha Phi lmao I brainwashed her into thinking hooking me up with hot friends is just what good sisters do😂,1,0,,,,True,False,1827727039346160061,maxigorilla2,,1827730997145747773,1827730997145747773,1,151,25,0,data/tweets.js,,"maxigorilla2,RP3onX,mikevick166",
1827731300196745325,TXTrickWhooper,2024-08-25T15:34:34Z,2024-08-25T10:34:34-05:00,,,False,2024,@swpmlo @mickmami Hell yeah brother,0,0,,,,True,False,1827707780309868793,swpmlo,,1827731300196745325,1827731300196745325,1,35,5,0,data/tweets.js,,"swpmlo,Mickmami",
1827741213929173390,TXTrickWhooper,2024-08-25T16:13:57Z,2024-08-25T11:13:57-05:00,,,False,2024,"@realDonaldTrump Say what you want about the man, but he has a real talent for nicknames",0,0,,,,True,False,1827737056186954201,realDonaldTrump,,1827741213929173390,1827741213929173390,1,88,16,0,data/tweets.js,,realDonaldTrump,
1827776729705787626,TXTrickWhooper,2024-08-25T18:35:05Z,2024-08-25T13:35:05-05:00,,,False,2024,@mickmami Riley Reid. That queen could acquire every body on the planet before being with me and I’d still be madly in love,1,0,,,,True,False,1827763583104499806,,,1827776729705787626,1827776729705787626,1,123,23,0,data/tweets.js,,Mickmami,
1827787782787309914,TXTrickWhooper,2024-08-25T19:19:00Z,2024-08-25T14:19:00-05:00,,,False,2024,"@chekobitch @RP3onX @mikevick166 Ayeee everyone’s sister gets banged, might as well get something in return😂",0,0,,,,True,False,1827763201791942775,chekobitch,,1827787782787309914,1827787782787309914,1,108,15,0,data/tweets.js,,"chekobitch,RP3onX,mikevick166",
1827877321455321237,TXTrickWhooper,2024-08-26T01:14:48Z,2024-08-25T20:14:48-05:00,,,False,2024,@luccianaalovely @slhslhslhslh_ Love a girl who knows how to get nailed,0,0,,,,True,False,1827789029418353097,luccianaalovely,,1827877321455321237,1827877321455321237,1,71,11,0,data/tweets.js,,"luccianaalovely,slhslhslhslh_",
1828576411420098625,TXTrickWhooper,2024-08-27T23:32:44Z,2024-08-27T18:32:44-05:00,,,False,2024,@quokkagatorr I call it the Riley Reid effect!,0,0,,,,True,False,1828230271541379493,quokkagatorr,,1828576411420098625,1828576411420098625,1,46,8,0,data/tweets.js,,quokkagatorr,
1828745146524954959,TXTrickWhooper,2024-08-28T10:43:14Z,2024-08-28T05:43:14-05:00,,,False,2024,@zachlanebryan We love you ZB,0,0,,,,True,False,1828737530893603088,zachlanebryan,,1828745146524954959,1828745146524954959,1,29,5,0,data/tweets.js,,zachlanebryan,
1829198298819019161,TXTrickWhooper,2024-08-29T16:43:53Z,2024-08-29T11:43:53-05:00,,,False,2024,@ifeelgoodto Nope. My mouth typically expresses thoughts in my brain I wasn’t even aware I had,0,0,,,,True,False,1828684010131984630,luvblessingz,,1829198298819019161,1829198298819019161,1,94,16,0,data/tweets.js,,,
1829199095082430836,TXTrickWhooper,2024-08-29T16:47:03Z,2024-08-29T11:47:03-05:00,,,False,2024,"@Mastering_life_ You’re still a rookie bro, not even double digits in experience",0,0,,,,True,False,1829096458345177214,Mastering_life_,,1829199095082430836,1829199095082430836,1,80,12,0,data/tweets.js,,Mastering_life_,
1829316433169502385,TXTrickWhooper,2024-08-30T00:33:19Z,2024-08-29T19:33:19-05:00,,,False,2024,"RT @milb_central: The Baltimore Orioles are promoting Douglas Hodo III to the Bowie Baysox (AA), per @_chaseford. https://t.co/AD3OosPCFY",0,0,,,,False,False,,,,1829316433169502385,1829316433169502385,1,137,18,1,data/tweets.js,,"milb_central,_chaseford",
1829316675759432069,TXTrickWhooper,2024-08-30T00:34:17Z,2024-08-29T19:34:17-05:00,,,False,2024,@milb_central @_chaseford @DouglasHodo Let’s gooooo Dougie climbing the ranks,1,0,,,,True,False,1829176110170485093,milb_central,,1829316675759432069,1829316675759432069,1,77,9,0,data/tweets.js,,"milb_central,_chaseford,DouglasHodo",
1829318089701245388,TXTrickWhooper,2024-08-30T00:39:54Z,2024-08-29T19:39:54-05:00,,,False,2024,@CFBONFOX @joelklatt Joel is the freakin man. Balls deep in the ball knowledge,2,0,,,,True,False,1829280376398959020,CFBONFOX,,1829318089701245388,1829318089701245388,1,78,13,0,data/tweets.js,,"CFBONFOX,joelklatt",
1829318830155280481,TXTrickWhooper,2024-08-30T00:42:50Z,2024-08-29T19:42:50-05:00,,,False,2024,"@scottmgold @touchdowntimmy1 @CFBONFOX @joelklatt Not to mention Romance Taylor (fastest dude I’ve ever seen), David Thomas, and Quan Cosby",2,0,,,,True,False,1829295372499603564,scottmgold,,1829318830155280481,1829318830155280481,1,139,19,0,data/tweets.js,,"scottmgold,touchdowntimmy1,CFBONFOX,joelklatt",
1829324956435439845,TXTrickWhooper,2024-08-30T01:07:11Z,2024-08-29T20:07:11-05:00,,,False,2024,"@nfsolaura Not all heroes wear capes, some just wear the key to my heart",0,0,,,,True,False,1829322124118397183,,,1829324956435439845,1829324956435439845,1,72,14,0,data/tweets.js,,,
1829430448512020744,TXTrickWhooper,2024-08-30T08:06:22Z,2024-08-30T03:06:22-05:00,,,False,2024,"@thechosenberg Absolutely, tall girls are weirdly into short guys as well",0,0,,,,True,False,1829286291172950059,thechosenberg,,1829430448512020744,1829430448512020744,1,73,11,0,data/tweets.js,,thechosenberg,
1829441859405406332,TXTrickWhooper,2024-08-30T08:51:43Z,2024-08-30T03:51:43-05:00,,,False,2024,"@big_mike9169 @MySportsUpdate @Titans I know it’s a joke but leave the negativity at home, man. If you don’t love ‘em when they’re down, they don’t need you when they’re up.",0,0,,,,True,False,1829236478863441951,big_mike9169,,1829441859405406332,1829441859405406332,1,173,30,0,data/tweets.js,,"big_mike9169,MySportsUpdate,Titans",
1829673321648279778,TXTrickWhooper,2024-08-31T00:11:28Z,2024-08-30T19:11:28-05:00,,,False,2024,@orangeburner12 @_willcompton Is he?,0,0,,,,True,False,1829397898011746549,orangeburner12,,1829673321648279778,1829673321648279778,1,36,4,0,data/tweets.js,,"orangeburner12,_willcompton",
1830026088153567392,TXTrickWhooper,2024-08-31T23:33:14Z,2024-08-31T18:33:14-05:00,,,False,2024,RT @TexasFootball: Final 🤘 https://t.co/1nwagpzscF,0,0,,,,False,False,,,,1830026088153567392,1830026088153567392,1,50,5,1,data/tweets.js,,TexasFootball,
1830054696762966165,TXTrickWhooper,2024-09-01T01:26:55Z,2024-08-31T20:26:55-05:00,,,False,2024,RT @cheetah: Texas atmosphere is lit,0,0,,,,False,False,,,,1830054696762966165,1830054696762966165,1,36,6,0,data/tweets.js,,cheetah,
1830149160877580586,TXTrickWhooper,2024-09-01T07:42:17Z,2024-09-01T02:42:17-05:00,,,False,2024,@Tiger__Vibes 📠,0,0,,,,True,False,1830080765872288104,Tiger__Vibes,,1830149160877580586,1830149160877580586,1,15,2,0,data/tweets.js,,Tiger__Vibes,
1830806580545151429,TXTrickWhooper,2024-09-03T03:14:38Z,2024-09-02T22:14:38-05:00,,,False,2024,RT @FSUmollz: DJ Ugottabefuckingkiddingme,0,0,,,,False,False,,,,1830806580545151429,1830806580545151429,1,41,4,0,data/tweets.js,,FSUmollz,
1830806611608133802,TXTrickWhooper,2024-09-03T03:14:45Z,2024-09-02T22:14:45-05:00,,,False,2024,@FSUmollz This might be your best work,1,0,,,,True,False,1830774050865533415,FSUmollz,,1830806611608133802,1830806611608133802,1,38,7,0,data/tweets.js,,FSUmollz,
1831209998895952321,TXTrickWhooper,2024-09-04T05:57:40Z,2024-09-04T00:57:40-05:00,,,False,2024,@_MLFootball @jordonr @Kimmick86 @NateGearySports @wufosports @KDPomp @PittGuru @kalli_mariakis @lisaunger_716 @IcyVert @BallsackSports He finna get burned,0,0,,,,True,False,1831093531844510036,MLFootball,,1831209998895952321,1831209998895952321,1,155,15,0,data/tweets.js,,"jordonr,Kimmick86,NateGearySports,wufosports,KDPomp,PittGuru,lisaunger_716,IcyVert,BallsackSports",
1831220277776118024,TXTrickWhooper,2024-09-04T06:38:31Z,2024-09-04T01:38:31-05:00,,,False,2024,@bigdumb_baby People be hating on 4 inches without even considering the motion of the ocean,0,0,,,,True,False,1831164746084622523,bigdumb_baby,,1831220277776118024,1831220277776118024,1,91,15,0,data/tweets.js,,bigdumb_baby,
1833722393098940816,TXTrickWhooper,2024-09-11T04:21:02Z,2024-09-10T23:21:02-05:00,,,False,2024,@Fanatics @CFBONFOX Do u know how impressive it is to get 0 likes tweeting from ur account?,3,0,,,,True,False,1833623924514377895,Fanatics,,1833722393098940816,1833722393098940816,1,91,17,0,data/tweets.js,,"Fanatics,CFBONFOX",
1835011837349269695,TXTrickWhooper,2024-09-14T17:44:49Z,2024-09-14T12:44:49-05:00,,,False,2024,RT @NickHarrisFWST: The Waffle House CEO passed away this week and the No. 1 offensive line recruit in the country leads his team out on th…,0,0,,,,False,False,,,,1835011837349269695,1835011837349269695,1,140,26,0,data/tweets.js,,NickHarrisFWST,
1835149842844131384,TXTrickWhooper,2024-09-15T02:53:12Z,2024-09-14T21:53:12-05:00,,,False,2024,@SECUnfiltered Texas,0,0,,,,True,False,1835145796490080292,SECUnfiltered,,1835149842844131384,1835149842844131384,1,20,2,0,data/tweets.js,,SECUnfiltered,
1835176949469139064,TXTrickWhooper,2024-09-15T04:40:55Z,2024-09-14T23:40:55-05:00,,,False,2024,@aiyanajadee Man of the people,0,0,,,,True,False,1835144679651971489,aiyanajadee,,1835176949469139064,1835176949469139064,1,30,5,0,data/tweets.js,,aiyanajadee,
1835177141622673550,TXTrickWhooper,2024-09-15T04:41:41Z,2024-09-14T23:41:41-05:00,,,False,2024,@FSUmollz Naw but it is nice to have options,0,0,,,,True,False,1835110557478699193,FSUmollz,,1835177141622673550,1835177141622673550,1,44,9,0,data/tweets.js,,FSUmollz,
1835346781887930421,TXTrickWhooper,2024-09-15T15:55:46Z,2024-09-15T10:55:46-05:00,,,False,2024,@SECUnfiltered Georgia is a fraud,2,0,,,,True,False,1835345565309182454,SECUnfiltered,,1835346781887930421,1835346781887930421,1,33,5,0,data/tweets.js,,SECUnfiltered,
1835363649986203748,TXTrickWhooper,2024-09-15T17:02:48Z,2024-09-15T12:02:48-05:00,,,False,2024,RT @AB84: Cracker of Saturday #CTESPN https://t.co/1bXlizGUAP,0,0,,,,False,False,,,,1835363649986203748,1835363649986203748,1,61,7,1,data/tweets.js,CTESPN,AB84,
1835455581395497088,TXTrickWhooper,2024-09-15T23:08:06Z,2024-09-15T18:08:06-05:00,,,False,2024,@HookEmLacixoxo @NashTalksTexas Literally started in 2014😩,1,0,,,,True,False,1835400084252725271,HookEmLacixoxo,,1835455581395497088,1835455581395497088,1,58,6,0,data/tweets.js,,"HookEmLacixoxo,NashTalksTexas",
1835456895701708924,TXTrickWhooper,2024-09-15T23:13:19Z,2024-09-15T18:13:19-05:00,,,False,2024,RT @1avianiCEO: Dak Prescott mic’d up on the field after that interception ⬇️⬇️⬇️ https://t.co/XvSGOsuiGx,0,0,,,,False,False,,,,1835456895701708924,1835456895701708924,1,105,14,1,data/tweets.js,,1avianiCEO,
1835868079865102659,TXTrickWhooper,2024-09-17T02:27:13Z,2024-09-16T21:27:13-05:00,,,False,2024,@ChadMoriyama Yoshinobu with a yuge W for Japs everywhere,0,0,,,,True,False,1835827050906849374,ChadMoriyama,,1835868079865102659,1835868079865102659,1,57,9,0,data/tweets.js,,ChadMoriyama,
1836670016495714782,TXTrickWhooper,2024-09-19T07:33:50Z,2024-09-19T02:33:50-05:00,,,False,2024,@kourtneyinhell Compared to the Onlyfans girls on the TL this could be considered church attire,2,1,,,,True,False,1836643772844708280,kourtneyinhell,,1836670016495714782,1836670016495714782,1,95,15,0,data/tweets.js,,kourtneyinhell,
1836670621163397401,TXTrickWhooper,2024-09-19T07:36:14Z,2024-09-19T02:36:14-05:00,,,False,2024,@nachopete37 @kourtneyinhell Brah she turned 21 last week obviously,0,0,,,,True,False,1836657079844770140,nachopete37,,1836670621163397401,1836670621163397401,1,67,9,0,data/tweets.js,,"nachopete37,kourtneyinhell",
1836745877953593613,TXTrickWhooper,2024-09-19T12:35:17Z,2024-09-19T07:35:17-05:00,,,False,2024,"@kourtneyinhell @nachopete37 Just spitting facts ma’am, we’ll need to see some ID before believing otherwise",0,0,,,,True,False,1836745295268319456,kourtneyinhell,,1836745877953593613,1836745877953593613,1,108,15,0,data/tweets.js,,"kourtneyinhell,nachopete37",
1837060658732359967,TXTrickWhooper,2024-09-20T09:26:06Z,2024-09-20T04:26:06-05:00,,,False,2024,@IcyVert CFA at #1. Always knew Jameis had a good head on his shoulders,0,0,,,,True,False,1836949476482715661,IcyVert,,1837060658732359967,1837060658732359967,1,71,14,0,data/tweets.js,,IcyVert,
1837067618173251866,TXTrickWhooper,2024-09-20T09:53:45Z,2024-09-20T04:53:45-05:00,,,False,2024,@TheDunkCentral I bet she ends up with Isaiah Thomas,0,0,,,,True,False,1836881293620953453,TheDunkCentral,,1837067618173251866,1837067618173251866,1,52,9,0,data/tweets.js,,TheDunkCentral,
1837135048941703557,TXTrickWhooper,2024-09-20T14:21:42Z,2024-09-20T09:21:42-05:00,,,False,2024,"@3arthbabe @JoshWalkos @Realrclark25 @andrewschulz Out of pure curiosity, can you name one white person who you consider to not be racist?

If the answer is no, that means you’re the inherently racist one.",0,0,,,,True,False,1837095895453598064,3arthbabe,,1837135048941703557,1837135048941703557,1,205,33,0,data/tweets.js,,"3arthbabe,JoshWalkos,Realrclark25,andrewschulz",
1837736657421775058,TXTrickWhooper,2024-09-22T06:12:17Z,2024-09-22T01:12:17-05:00,,,False,2024,@gayharpercapote I’d lather myself in fckin pine tar to prevent this,2,0,,,,True,False,1837624473626816514,,,1837736657421775058,1837736657421775058,1,68,11,0,data/tweets.js,,,
1837868297041433023,TXTrickWhooper,2024-09-22T14:55:22Z,2024-09-22T09:55:22-05:00,,,False,2024,@MiamiCanes1971 @MattKlug33 @joelklatt @TexasFootball @OhioStateFB @CanesFootball @Vol_Football @GeorgiaFootball @AlabamaFTBL @OleMissFB @PennStateFball @oregonfootball @Utah_Football @ClemsonFB @UMichFootball @MizzouFootball @uscfb @OU_Football It was after his bedtime,0,0,,,,True,False,1837751223811747959,MiamiCanes1971,,1837868297041433023,1837868297041433023,1,270,23,0,data/tweets.js,,"MiamiCanes1971,MattKlug33,joelklatt,TexasFootball,OhioStateFB,CanesFootball,Vol_Football,GeorgiaFootball,AlabamaFTBL,OleMissFB,PennStateFball,oregonfootball,Utah_Football,ClemsonFB,UMichFootball,MizzouFootball,uscfb,OU_Football",
1838012467487625341,TXTrickWhooper,2024-09-23T00:28:15Z,2024-09-22T19:28:15-05:00,,,False,2024,@Lavagrlx Tuesday night MACtion,7,0,,,,True,False,1837963376355692875,Lavagrlx,,1838012467487625341,1838012467487625341,1,31,4,0,data/tweets.js,,Lavagrlx,
1838014022538428871,TXTrickWhooper,2024-09-23T00:34:26Z,2024-09-22T19:34:26-05:00,,,False,2024,@ashworth_rolfe @Lavagrlx Never trust a man who abandons his morals for convenience,0,0,,,,True,False,1837965955756183767,ashworth_rolfe,,1838014022538428871,1838014022538428871,1,83,12,0,data/tweets.js,,"ashworth_rolfe,Lavagrlx",
1838228415188443558,TXTrickWhooper,2024-09-23T14:46:21Z,2024-09-23T09:46:21-05:00,,,False,2024,@TheBaptizedBeef @sheeebee Dang bro that’s an impressively fast nut,0,0,,,,True,False,1838226355231523067,TheBaptizedBeef,,1838228415188443558,1838228415188443558,1,67,9,0,data/tweets.js,,"TheBaptizedBeef,sheeebee",
1838234252380414288,TXTrickWhooper,2024-09-23T15:09:33Z,2024-09-23T10:09:33-05:00,,,False,2024,@TheBaptizedBeef @sheeebee Quickest gunslinger this side of the Mississippi,0,0,,,,True,False,1838229708355567734,TheBaptizedBeef,,1838234252380414288,1838234252380414288,1,75,9,0,data/tweets.js,,"TheBaptizedBeef,sheeebee",
1838235585737081047,TXTrickWhooper,2024-09-23T15:14:51Z,2024-09-23T10:14:51-05:00,,,False,2024,@fallonxoxolove They call me Frank Gore bc I’m average and a guaranteed lock to give ya the best 30 seconds and a cloud of dust of ur life,3,0,,,,True,False,1837952789462540702,fallonxoxolove,,1838235585737081047,1838235585737081047,1,138,28,0,data/tweets.js,,fallonxoxolove,
1838315213440848001,TXTrickWhooper,2024-09-23T20:31:15Z,2024-09-23T15:31:15-05:00,,,False,2024,RT @twaniimals: Monday mood https://t.co/H8OWallbIJ,0,0,,,,False,False,,,,1838315213440848001,1838315213440848001,1,51,5,1,data/tweets.js,,twaniimals,
1838315309410767352,TXTrickWhooper,2024-09-23T20:31:38Z,2024-09-23T15:31:38-05:00,,,False,2024,@twaniimals So ferocious!!!,0,0,,,,True,False,1838312585537687621,twaniimals,,1838315309410767352,1838315309410767352,1,27,3,0,data/tweets.js,,twaniimals,
1838317287742566745,TXTrickWhooper,2024-09-23T20:39:30Z,2024-09-23T15:39:30-05:00,,,False,2024,RT @twaniimals: ㅤㅤㅤㅤ https://t.co/MKliGphaIX,0,0,,,,False,False,,,,1838317287742566745,1838317287742566745,1,44,4,1,data/tweets.js,,twaniimals,
1838974305910087844,TXTrickWhooper,2024-09-25T16:10:15Z,2024-09-25T11:10:15-05:00,,,False,2024,@FSUmollz Other than his mother? Unlikely,1,0,,,,True,False,1838737533796057094,FSUmollz,,1838974305910087844,1838974305910087844,1,41,6,0,data/tweets.js,,FSUmollz,
1839081818315960691,TXTrickWhooper,2024-09-25T23:17:28Z,2024-09-25T18:17:28-05:00,,,False,2024,RT @iluminatibot: The CIA literally confirmed that Remote Viewing is real &amp; NO ONE seems to care???,0,0,,,,False,False,,,,1839081818315960691,1839081818315960691,1,103,17,0,data/tweets.js,,iluminatibot,
1839122391928025235,TXTrickWhooper,2024-09-26T01:58:42Z,2024-09-25T20:58:42-05:00,,,False,2024,Yooo @MattWalshBlog had me geeking the entire “Am I Racist?” movie😂 dude is like a conservative Nathan Fielder,1,0,,,,False,False,,,,1839122391928025235,1839122391928025235,1,110,18,0,data/tweets.js,,MattWalshBlog,
1839123370161459406,TXTrickWhooper,2024-09-26T02:02:35Z,2024-09-25T21:02:35-05:00,,,False,2024,@CyberBruh404 @KTWalker2905 @0Obiewan2 @boxmethen You retarded bro,0,0,,,,True,False,1839023675926057217,whotfthatiss,,1839123370161459406,1839123370161459406,1,66,7,0,data/tweets.js,,"0Obiewan2,boxmethen",
1839155315494814132,TXTrickWhooper,2024-09-26T04:09:31Z,2024-09-25T23:09:31-05:00,,,False,2024,"@BarstoolBigCat My heart, my joy",1,0,,,,True,False,1839147730116968611,BarstoolBigCat,,1839155315494814132,1839155315494814132,1,32,5,0,data/tweets.js,,BarstoolBigCat,
1839205630520799267,TXTrickWhooper,2024-09-26T07:29:27Z,2024-09-26T02:29:27-05:00,,,False,2024,@Kawolski420 @ladyhacksaway @honeyNonABG They should just post the scissor pic already,5,0,,,,True,False,1838978530316607870,Kawolski420,,1839205630520799267,1839205630520799267,1,86,11,0,data/tweets.js,,"Kawolski420,ladyhacksaway,honeyNonABG",
1839206945523225075,TXTrickWhooper,2024-09-26T07:34:41Z,2024-09-26T02:34:41-05:00,,,False,2024,@ladyhacksaway @honeyNonABG @AdamCorleoneJr This chick is 1000% 280+ lbs,3,0,,,,True,False,1838785565283758334,,,1839206945523225075,1839206945523225075,1,72,9,0,data/tweets.js,,"ladyhacksaway,honeyNonABG,AdamCorleoneJr",
1839252626413695027,TXTrickWhooper,2024-09-26T10:36:12Z,2024-09-26T05:36:12-05:00,,,False,2024,"RT @ShamsCharania: After 15 NBA seasons, Derrick Rose is retiring from basketball. Rose, the youngest MVP in NBA history, tells @TheAthleti…",0,0,,,,False,False,,,,1839252626413695027,1839252626413695027,1,140,21,0,data/tweets.js,,ShamsCharania,
1840816072947081696,TXTrickWhooper,2024-09-30T18:08:47Z,2024-09-30T13:08:47-05:00,,,False,2024,"“Nostalgia is the sound tradition makes when it’s being yanked out by the roots” - @johntedge describing Austin, TX.

Captures the absolute essence of the city’s evolution. Do yourself a favor and watch @TrueSouthTV if you haven’t.",7,1,,,,False,False,,,,1840816072947081696,1840816072947081696,1,231,37,0,data/tweets.js,,"johntedge,TrueSouthTV",
1840843007316087153,TXTrickWhooper,2024-09-30T19:55:48Z,2024-09-30T14:55:48-05:00,,,False,2024,@jxoxo4321 They were crushing on u silly it’s like in middle school when we all had no rizz,0,0,,,,True,False,1840487175462482193,,,1840843007316087153,1840843007316087153,1,91,18,0,data/tweets.js,,,
1840852254011666633,TXTrickWhooper,2024-09-30T20:32:33Z,2024-09-30T15:32:33-05:00,,,False,2024,@jxoxo4321 Pic on the right gives Jenna Ortega with a hint of the Shining,0,0,,,,True,False,1840843079932395592,,,1840852254011666633,1840852254011666633,1,73,14,0,data/tweets.js,,,
1840852523277566436,TXTrickWhooper,2024-09-30T20:33:37Z,2024-09-30T15:33:37-05:00,,,False,2024,@whistlet1ps @jxoxo4321 Hey now buddy we don’t dress discriminate here,0,0,,,,True,False,1840847318469496833,whistlet1ps,,1840852523277566436,1840852523277566436,1,70,10,0,data/tweets.js,,whistlet1ps,
1840854494730465751,TXTrickWhooper,2024-09-30T20:41:27Z,2024-09-30T15:41:27-05:00,,,False,2024,@capsinfour Thx for the kind words. Next time tag me so the uglies don’t get the wrong idea https://t.co/OzOtCRJj1w,0,0,,,,True,False,1840559339657888027,capsinfour,,1840854494730465751,1840854494730465751,1,115,19,1,data/tweets.js,,capsinfour,
1840856721952014729,TXTrickWhooper,2024-09-30T20:50:18Z,2024-09-30T15:50:18-05:00,,,False,2024,@capsinfour Middle school me was always consumed w the fear of ripping ass mid-nap in front of my crush lmao,0,0,,,,True,False,1840539347449266294,capsinfour,,1840856721952014729,1840856721952014729,1,108,20,0,data/tweets.js,,capsinfour,
1840917093639684330,TXTrickWhooper,2024-10-01T00:50:12Z,2024-09-30T19:50:12-05:00,,,False,2024,@paxton_marloe @bajablastbabee @MarkEDee123 Call him Rudy minus the booty,1,0,,,,True,False,1840540218765484528,paxton_marloe,,1840917093639684330,1840917093639684330,1,73,9,0,data/tweets.js,,"paxton_marloe,bajablastbabee,MarkEDee123",
1840918301779636233,TXTrickWhooper,2024-10-01T00:55:00Z,2024-09-30T19:55:00-05:00,,,False,2024,@jxoxo4321 Check out @valeriamarrss you could hang her content in the Louvre,0,0,,,,True,False,1840915274561905114,,,1840918301779636233,1840918301779636233,1,76,12,0,data/tweets.js,,valeriamarrss,
1840921015246864411,TXTrickWhooper,2024-10-01T01:05:47Z,2024-09-30T20:05:47-05:00,,,False,2024,@bajablastbabee @Brianthemovie Homie at the mere mention of clapping cheeks https://t.co/Iu8AYzFBbk,1,0,,,,True,False,1840907765809639752,,,1840921015246864411,1840921015246864411,1,99,11,1,data/tweets.js,,"bajablastbabee,Brianthemovie",
1840922411664859452,TXTrickWhooper,2024-10-01T01:11:20Z,2024-09-30T20:11:20-05:00,,,False,2024,"@BarstoolBigCat Can’t wait for them to let Barry, Sammy, Mark, Roger and Sosa in posthumously",0,0,,,,True,False,1840895335490597320,BarstoolBigCat,,1840922411664859452,1840922411664859452,1,93,15,0,data/tweets.js,,BarstoolBigCat,
1840936249311318375,TXTrickWhooper,2024-10-01T02:06:19Z,2024-09-30T21:06:19-05:00,,,False,2024,@jxoxo4321 In love and affection for you? Filthy,0,0,,,,True,False,1840935076466737501,,,1840936249311318375,1840936249311318375,1,48,8,0,data/tweets.js,,,
1840936698395435466,TXTrickWhooper,2024-10-01T02:08:06Z,2024-09-30T21:08:06-05:00,,,False,2024,@jxoxo4321 @tsquared06 My fav team is the Tits (@Titans) so I’m basically killing two birds with one stone,0,0,,,,True,False,1840935914278961263,,,1840936698395435466,1840936698395435466,1,106,18,0,data/tweets.js,,"tsquared06,Titans",
1840950377132228707,TXTrickWhooper,2024-10-01T03:02:27Z,2024-09-30T22:02:27-05:00,,,False,2024,RT @GrindSimmons94: Stay on that side!!!! #Titanup 1-0,0,0,,,,False,False,,,,1840950377132228707,1840950377132228707,1,54,8,0,data/tweets.js,Titanup,GrindSimmons94,
1841073939436441801,TXTrickWhooper,2024-10-01T11:13:27Z,2024-10-01T06:13:27-05:00,,,False,2024,"RT @MLB: Major League Baseball extends its deepest condolences to Pete Rose's family, his friends across the game, and the fans of his home…",0,0,,,,False,False,,,,1841073939436441801,1841073939436441801,1,140,24,0,data/tweets.js,,MLB,
1841326888955834499,TXTrickWhooper,2024-10-02T03:58:35Z,2024-10-01T22:58:35-05:00,,,False,2024,RT @realDonaldTrump: The GREAT Pete Rose just died. He was one of the most magnificent baseball players ever to play the game. He paid the…,0,0,,,,False,False,,,,1841326888955834499,1841326888955834499,1,139,25,0,data/tweets.js,,realDonaldTrump,
1841327104849248708,TXTrickWhooper,2024-10-02T03:59:26Z,2024-10-01T22:59:26-05:00,,,False,2024,@realDonaldTrump Finally America is getting back to its roots. Nothing like a quality baseball scandal to unite us,0,0,,,,True,False,1841297685938409858,realDonaldTrump,,1841327104849248708,1841327104849248708,1,114,18,0,data/tweets.js,,realDonaldTrump,
1845284376818467181,TXTrickWhooper,2024-10-13T02:04:13Z,2024-10-12T21:04:13-05:00,,,False,2024,RT @thegoatanthony1: Texas fears nobody https://t.co/52g4gqyBel,0,0,,,,False,False,,,,1845284376818467181,1845284376818467181,1,63,6,1,data/tweets.js,,thegoatanthony1,
1846652415757435201,TXTrickWhooper,2024-10-16T20:40:19Z,2024-10-16T15:40:19-05:00,,,False,2024,@mickmami Next thing you know they’ll stop letting us wear jeans to the gym!,0,0,,,,True,False,1846650427485704299,,,1846652415757435201,1846652415757435201,2,76,14,0,data/tweets.js,,Mickmami,
1846652706330497108,TXTrickWhooper,2024-10-16T20:41:28Z,2024-10-16T15:41:28-05:00,,,False,2024,@mickmami FYI idk who needs to hear this but if you do the above you are a lost cause,0,0,,,,True,True,1846652415757435201,TXTrickWhooper,,1846652415757435201,1846652415757435201,2,85,19,0,data/tweets.js,,Mickmami,
1846653064167493884,TXTrickWhooper,2024-10-16T20:42:54Z,2024-10-16T15:42:54-05:00,,,False,2024,@jxoxo4321 If you don’t need therapy in today’s climate you honestly need therapy,0,0,,,,True,False,1846640019945279782,,,1846653064167493884,1846653064167493884,1,81,13,0,data/tweets.js,,,
1846991465718886402,TXTrickWhooper,2024-10-17T19:07:35Z,2024-10-17T14:07:35-05:00,,,False,2024,"@TheTunnel_Texas For pizza:
Via 313, Ropollos, homeslice",2,0,,,,True,False,1846840357666877595,TheTunnel_Texas,,1846991465718886402,1846991465718886402,1,57,7,0,data/tweets.js,,TheTunnel_Texas,
1847003132557250734,TXTrickWhooper,2024-10-17T19:53:57Z,2024-10-17T14:53:57-05:00,,,False,2024,"@jxoxo4321 Arrested on suspicion of being too fine, one can assume?",0,0,,,,True,False,1847002539864269021,,,1847003132557250734,1847003132557250734,1,67,11,0,data/tweets.js,,,
1847436432136105996,TXTrickWhooper,2024-10-19T00:35:43Z,2024-10-18T19:35:43-05:00,,,False,2024,@jxoxo4321 Pls stop subtweeting my meat J,0,0,,,,True,False,1847416667569348747,,,1847436432136105996,1847436432136105996,1,41,7,0,data/tweets.js,,,
1848141263444513040,TXTrickWhooper,2024-10-20T23:16:28Z,2024-10-20T18:16:28-05:00,,,False,2024,"@jxoxo4321 Jokes on you, I never have crowds",0,0,,,,True,False,1848113978481979519,,,1848141263444513040,1848141263444513040,2,44,8,0,data/tweets.js,,,
1848141420722630689,TXTrickWhooper,2024-10-20T23:17:06Z,2024-10-20T18:17:06-05:00,,,False,2024,@jxoxo4321 Oddly enough no one wants to hear hot cross buns on the recorder on repeat,0,0,,,,True,True,1848141263444513040,TXTrickWhooper,,1848141263444513040,1848141263444513040,2,85,16,0,data/tweets.js,,,
1848595757022028174,TXTrickWhooper,2024-10-22T05:22:28Z,2024-10-22T00:22:28-05:00,,,False,2024,@HOUmanitarian @H8OU2 Genetics,1,0,,,,True,False,1848577002787295744,HOUmanitarian,,1848595757022028174,1848595757022028174,1,30,3,0,data/tweets.js,,"HOUmanitarian,H8OU2",
1848598377342087210,TXTrickWhooper,2024-10-22T05:32:53Z,2024-10-22T00:32:53-05:00,,,False,2024,"@opposingelites @Bob4Florida @LinkofSunshine Thank you for proving what we all knew as soon as he spoke.

I mean, Christ, he doesn’t know anything about this kid other than he’s white and and went to Texas.

Obviously has personal trauma he needs to work out on his own time",6,0,,,,True,False,1848565348095676572,,,1848598377342087210,1848598377342087210,1,274,48,0,data/tweets.js,,"Bob4Florida,LinkofSunshine",
1848654762431902207,TXTrickWhooper,2024-10-22T09:16:56Z,2024-10-22T04:16:56-05:00,,,False,2024,"@Bob4Florida @opposingelites @LinkofSunshine A loser who went to one of (if not the) top public university in the nation?

Yeah, so do I, but losers as well as good people exist everywhere. Good luck living within your narrow, false point of view🤘",1,0,,,,True,False,1848602287293317576,Bob4Florida,,1848654762431902207,1848654762431902207,1,247,42,0,data/tweets.js,,"Bob4Florida,LinkofSunshine",
1848655380802310546,TXTrickWhooper,2024-10-22T09:19:23Z,2024-10-22T04:19:23-05:00,,,False,2024,@jocalex8 @Bob4Florida @opposingelites @LinkofSunshine I mean he’s from Florida honestly what else do we expect. The education system is poppin bath salts and doing weird shit,3,0,,,,True,False,1848618997274591573,jocalex8,,1848655380802310546,1848655380802310546,1,175,26,0,data/tweets.js,,"jocalex8,Bob4Florida,LinkofSunshine",
1848655977735721073,TXTrickWhooper,2024-10-22T09:21:46Z,2024-10-22T04:21:46-05:00,,,False,2024,@TOOTTHEBARBER If waking up 5 minutes before 11 am and throwing everything into my suitcase was a sport I’d be LeBron James,0,0,,,,True,False,1848370584565997583,TOOTTHEBARBER,,1848655977735721073,1848655977735721073,1,123,22,0,data/tweets.js,,TOOTTHEBARBER,
1848715171725779395,TXTrickWhooper,2024-10-22T13:16:59Z,2024-10-22T08:16:59-05:00,,,False,2024,"RT @OakTreeStatus: You’re telling me I have to choose between an old, bloated, insufferably arrogant candidate from New York and an entitle…",0,0,,,,False,False,,,,1848715171725779395,1848715171725779395,1,140,22,0,data/tweets.js,,OakTreeStatus,
1848736823666765886,TXTrickWhooper,2024-10-22T14:43:01Z,2024-10-22T09:43:01-05:00,,,False,2024,"@Bob4Florida @opposingelites @LinkofSunshine Where did you go to school, Bob?",0,0,,,,True,False,1848735708313203026,Bob4Florida,,1848736823666765886,1848736823666765886,1,77,10,0,data/tweets.js,,"Bob4Florida,LinkofSunshine",
1848849923401453649,TXTrickWhooper,2024-10-22T22:12:26Z,2024-10-22T17:12:26-05:00,,,False,2024,@rogerclemens What’s your opinion pitchers going so short in games nowadays? Do you think a lack of arm conditioning can come back to bite in the form of injuries later in the season ?,0,0,,,,True,False,1848839852332081179,rogerclemens,,1848849923401453649,1848849923401453649,1,184,34,0,data/tweets.js,,rogerclemens,
1848863620740092142,TXTrickWhooper,2024-10-22T23:06:52Z,2024-10-22T18:06:52-05:00,,,False,2024,@Gweencer @StoneFridgeJeff Fat lives matter,1,0,,,,True,False,1848779198430609819,Gweencer,,1848863620740092142,1848863620740092142,1,43,5,0,data/tweets.js,,"Gweencer,StoneFridgeJeff",
1848869725264384493,TXTrickWhooper,2024-10-22T23:31:07Z,2024-10-22T18:31:07-05:00,,,False,2024,"@Bob4Florida @opposingelites @LinkofSunshine We quite literally are tied with NYU as the 30th best public university

How does it make you feel that we not only talk to women, and excel at sports, but also rival you in educational prestige?

Plus gtfo with that misinformation, UT as a whole leans adamantly liberal https://t.co/qRP0hbtDYR",0,0,,,,True,False,1848737565811028241,Bob4Florida,,1848869725264384493,1848869725264384493,2,339,53,1,data/tweets.js,,"Bob4Florida,LinkofSunshine",
1848869900355571876,TXTrickWhooper,2024-10-22T23:31:49Z,2024-10-22T18:31:49-05:00,,,False,2024,@Bob4Florida @opposingelites @LinkofSunshine If you ask me it’s pretty damn obvious you’re just pissed you didn’t get a bid,0,0,,,,True,True,1848869725264384493,TXTrickWhooper,,1848869725264384493,1848869725264384493,2,123,19,0,data/tweets.js,,"Bob4Florida,LinkofSunshine",
1848941102700573168,TXTrickWhooper,2024-10-23T04:14:45Z,2024-10-22T23:14:45-05:00,,,False,2024,@JoseCanseco Albert Pujols. No question about it,0,0,,,,True,False,1848877511700320541,JoseCanseco,,1848941102700573168,1848941102700573168,1,48,7,0,data/tweets.js,,JoseCanseco,
1848942446324928783,TXTrickWhooper,2024-10-23T04:20:05Z,2024-10-22T23:20:05-05:00,,,False,2024,"@Adennesbitt16 @ben_wellick_V @JoseCanseco Quite literally came here to mention Pujols. Witnessed his game 3 of the 2011 fall classic in person and he was special.

Albeit he wasn’t the caliber of player as the others, I also wouldn’t mind David Freese😂 that dude was clutch as hell",1,0,,,,True,False,1848882119596249515,Adennesbitt16,,1848942446324928783,1848942446324928783,1,282,47,0,data/tweets.js,,"Adennesbitt16,ben_wellick_V,JoseCanseco",
1848943096253268019,TXTrickWhooper,2024-10-23T04:22:40Z,2024-10-22T23:22:40-05:00,,,False,2024,"@Chooch0909 @CFC_JB_ @ben_wellick_V @JoseCanseco Ortiz is the only choice between these options.

Stanton being a choice is actually absurd lmao I’m not even a Yanks fan and could name 7 dudes off the top of my head in their history that I’d prefer",0,0,,,,True,False,1848885775368179804,Chooch0909,,1848943096253268019,1848943096253268019,1,249,43,0,data/tweets.js,,"Chooch0909,CFC_JB_,ben_wellick_V,JoseCanseco",
1848946044979102158,TXTrickWhooper,2024-10-23T04:34:23Z,2024-10-22T23:34:23-05:00,,,False,2024,"@Bob4Florida @opposingelites @LinkofSunshine 1.) notice how you haven’t gotten a single like this entire thread

2.) I have a job/graduated HS in 2014 I’m 29 not 16. More companies and growth is happening in Austin than NYC

3.) no one outside NYC knows about or cares about NYU. It’s a school for outcasts and theatre geeks",0,0,,,,True,False,1848912194848600213,Bob4Florida,,1848946044979102158,1848946044979102158,2,324,56,0,data/tweets.js,,"Bob4Florida,LinkofSunshine",
1848946221571772738,TXTrickWhooper,2024-10-23T04:35:05Z,2024-10-22T23:35:05-05:00,,,False,2024,"@Bob4Florida @opposingelites @LinkofSunshine 4.) I guarantee you’ve never even been to Austin. You also type and structure arguments similar to that of a 5th grader having a temper tantrum

5.) Rudy Giuliani went to your school, and you think UT is for rapists? That’s rich",0,0,,,,True,True,1848946044979102158,TXTrickWhooper,,1848946044979102158,1848946044979102158,2,273,45,0,data/tweets.js,,"Bob4Florida,LinkofSunshine",
1848946783373984249,TXTrickWhooper,2024-10-23T04:37:19Z,2024-10-22T23:37:19-05:00,,,False,2024,"@Bob4Florida @opposingelites @LinkofSunshine Yeah and frats were even more prevalent back then. Either you hate them bc they didn’t accept you, banged ur girl, or both",0,0,,,,True,False,1848912490459001044,Bob4Florida,,1848946783373984249,1848946783373984249,1,167,26,0,data/tweets.js,,"Bob4Florida,LinkofSunshine",
1848950736706551948,TXTrickWhooper,2024-10-23T04:53:02Z,2024-10-22T23:53:02-05:00,,,False,2024,"@Bob4Florida @opposingelites @LinkofSunshine And you’re 50+ trying to cut down others online to make yourself feel better about your shortcomings. Get over it, man. College was 30 years ago for you",0,0,,,,True,False,1848949504575177114,Bob4Florida,,1848950736706551948,1848950736706551948,1,197,31,0,data/tweets.js,,"Bob4Florida,LinkofSunshine",
1848952954620957080,TXTrickWhooper,2024-10-23T05:01:50Z,2024-10-23T00:01:50-05:00,,,False,2024,"@Bob4Florida @opposingelites @LinkofSunshine Sick generalization. I can tell you’ve met tons of frat guys and obviously know me better than I do (as u assume I was in Greek life)

Idk what you think is special about NY girls bro, they’re all beat and ran thru

But hey, given ur a geriatric, I guess ur just stuck in ur ways",0,0,,,,True,False,1848950475774664771,Bob4Florida,,1848952954620957080,1848952954620957080,1,324,60,0,data/tweets.js,,"Bob4Florida,LinkofSunshine",
1848956537793855764,TXTrickWhooper,2024-10-23T05:16:05Z,2024-10-23T00:16:05-05:00,,,False,2024,"@Bob4Florida @opposingelites @LinkofSunshine lol I’ve done all those things. You make a lot of assumptions. Genuinely, what made you so closed minded? Who taught you to “read a book by its cover” as you appear to do to everyone without knowing the first thing about them? Have you always been this way?",0,0,,,,True,False,1848955366194700611,Bob4Florida,,1848956537793855764,1848956537793855764,1,302,52,0,data/tweets.js,,"Bob4Florida,LinkofSunshine",
1848956958767731196,TXTrickWhooper,2024-10-23T05:17:45Z,2024-10-23T00:17:45-05:00,,,False,2024,"@Bob4Florida @opposingelites @LinkofSunshine Also get a life? Hahahahahaha

You have 69k tweets. Touch grass unc",0,0,,,,True,False,1848955366194700611,Bob4Florida,,1848956958767731196,1848956958767731196,1,112,15,0,data/tweets.js,,"Bob4Florida,LinkofSunshine",
1848967575465558317,TXTrickWhooper,2024-10-23T05:59:56Z,2024-10-23T00:59:56-05:00,,,False,2024,@tschwartz09 @wobblymami No doubt she got all the homies putting up shots at 3 am like they prime Kobe working on half court heaves,1,0,,,,True,False,1848953381064241524,tschwartz09,,1848967575465558317,1848967575465558317,1,131,24,0,data/tweets.js,,"tschwartz09,wobblymami",
1851443447258853401,TXTrickWhooper,2024-10-30T01:58:10Z,2024-10-29T20:58:10-05:00,,,False,2024,@MLBONFOX Why do I kinda like these Yankees fans?,0,0,,,,True,False,1851420322295128310,MLBONFOX,,1851443447258853401,1851443447258853401,1,49,9,0,data/tweets.js,,MLBONFOX,
1851791031437582671,TXTrickWhooper,2024-10-31T00:59:21Z,2024-10-30T19:59:21-05:00,,,False,2024,@RobGronkowski I knew I liked this guy when I saw this,0,0,,,,True,False,1851676683226472501,RobGronkowski,,1851791031437582671,1851791031437582671,1,54,11,0,data/tweets.js,,RobGronkowski,
1852837510633656500,TXTrickWhooper,2024-11-02T22:17:41Z,2024-11-02T17:17:41-05:00,,,False,2024,@BarstoolBigCat The flu game is novice-level work compared to this level of grit,0,0,,,,True,False,1852752430447853765,BarstoolBigCat,,1852837510633656500,1852837510633656500,1,80,13,0,data/tweets.js,,BarstoolBigCat,
1853086197989417466,TXTrickWhooper,2024-11-03T14:45:52Z,2024-11-03T08:45:52-06:00,,,False,2024,"@wobblymami Took him 20 mins to scheme up “Before I leak u, hmu” - truly spectacular verbose",4,0,,,,True,False,1853084061499093059,wobblymami,,1853086197989417466,1853086197989417466,1,92,17,0,data/tweets.js,,wobblymami,
1853154169080652087,TXTrickWhooper,2024-11-03T19:15:58Z,2024-11-03T13:15:58-06:00,,,False,2024,@bighokieguy @Hokies00462433 She never stopped,1,0,,,,True,False,1852843164752642289,,,1853154169080652087,1853154169080652087,1,46,5,0,data/tweets.js,,Hokies00462433,
1853264577401958405,TXTrickWhooper,2024-11-04T02:34:41Z,2024-11-03T20:34:41-06:00,,,False,2024,@samallco @bigdumb_baby Don’t hate the player hate the game. Even a blind squirrel finds a nut if it searches enough trees,0,0,,,,True,False,1853248161201922361,somegrlsam,,1853264577401958405,1853264577401958405,1,122,21,0,data/tweets.js,,bigdumb_baby,
1853306275993399570,TXTrickWhooper,2024-11-04T05:20:23Z,2024-11-03T23:20:23-06:00,,,False,2024,RT @elonmusk: ✋,0,0,,,,False,False,,,,1853306275993399570,1853306275993399570,1,15,3,0,data/tweets.js,,elonmusk,
1856177211948024073,TXTrickWhooper,2024-11-12T03:28:28Z,2024-11-11T21:28:28-06:00,,,False,2024,@jimdrunknmiller @NOC4PNAS @starrkwrld @JohnTron31 @NSmiggs @BarstoolTexasAM Facts I still remember seeing the first tit pics I acquired like it was yesterday. Absolutely glorious,1,0,,,,True,False,1856106961382568225,jimdrunknmiller,,1856177211948024073,1856177211948024073,1,179,23,0,data/tweets.js,,"jimdrunknmiller,NOC4PNAS,starrkwrld,NSmiggs,BarstoolTexasAM",
1856215629558141232,TXTrickWhooper,2024-11-12T06:01:07Z,2024-11-12T00:01:07-06:00,,,False,2024,@lilyphillip_s Lmao might as well the bible says it’s only a body when you stick it in the p*ssy (at least the unwritten rules of it do😂),0,0,,,,True,False,1856134999172342096,lilyphillip_s,,1856215629558141232,1856215629558141232,1,137,27,0,data/tweets.js,,lilyphillip_s,
1856251432128635149,TXTrickWhooper,2024-11-12T08:23:23Z,2024-11-12T02:23:23-06:00,,,False,2024,@OccupyLF The fact you could fall forward for 2 yards on a QB sneak and double our yardage😭,0,0,,,,True,False,1856087924770558333,OccupyLF,,1856251432128635149,1856251432128635149,1,91,18,0,data/tweets.js,,OccupyLF,
1856252859618128031,TXTrickWhooper,2024-11-12T08:29:03Z,2024-11-12T02:29:03-06:00,,,False,2024,@HobokenFB Because the BTC is tied on a floating exchange rate to the “toilet dollars” lol you’d be shocked how many ppl I saw doing this when I did advising and far more often than not they lost everything,2,0,,,,True,False,1856095132010918322,,,1856252859618128031,1856252859618128031,2,206,39,0,data/tweets.js,,,
1856253198568231108,TXTrickWhooper,2024-11-12T08:30:24Z,2024-11-12T02:30:24-06:00,,,False,2024,"@HobokenFB Butttt you never hear the stories of big losses, only big gains. Pure speculation",1,0,,,,True,True,1856252859618128031,TXTrickWhooper,,1856252859618128031,1856252859618128031,2,92,15,0,data/tweets.js,,,
1856400936274677940,TXTrickWhooper,2024-11-12T18:17:28Z,2024-11-12T12:17:28-06:00,,,False,2024,@PeightonTubre Livy?…. Is literally who I thought you were when I peeped this on my feed,0,0,,,,True,False,1856113186283393431,PeightonTubre,,1856400936274677940,1856400936274677940,1,88,16,0,data/tweets.js,,PeightonTubre,
1856418514481098886,TXTrickWhooper,2024-11-12T19:27:19Z,2024-11-12T13:27:19-06:00,,,False,2024,Dating apps should have a weight limit (specifically @hinge),0,0,,,,False,False,,,,1856418514481098886,1856418514481098886,1,60,9,0,data/tweets.js,,hinge,
1856419783161372783,TXTrickWhooper,2024-11-12T19:32:21Z,2024-11-12T13:32:21-06:00,,,False,2024,"Y’all’s new slogan should be “if she ain’t 280, she ain’t a lady” bc the beat/cute ratio on y’all’s app be off the charts @hinge",0,0,,,,False,False,,,,1856419783161372783,1856419783161372783,1,128,25,0,data/tweets.js,,hinge,
1856575823010017693,TXTrickWhooper,2024-11-13T05:52:24Z,2024-11-12T23:52:24-06:00,,,False,2024,@osufb29 @UnnecRoughness @UTBarstool Tits can be fake but that doesn’t mean you can’t enjoy them nonetheless,0,0,,,,True,False,1856395963012919608,osufb29,,1856575823010017693,1856575823010017693,1,108,16,0,data/tweets.js,,"osufb29,UnnecRoughness,UTBarstool",
1856702251105919382,TXTrickWhooper,2024-11-13T14:14:47Z,2024-11-13T08:14:47-06:00,,,False,2024,"@WVUBarstool @CharlesWesleyG @CharlesWesleyG is incredible for sure. That said, definitely not an upgrade. ZB just has the bigger catalogue of bangers over a longer period of time

But then again anyone who cares at all about a celebrity’s personal life is batshit",0,0,,,,True,False,1854949398461223389,WVUBarstool,,1856702251105919382,1856702251105919382,1,264,42,0,data/tweets.js,,"WVUBarstool,CharlesWesleyG,CharlesWesleyG",
1857282297076080979,TXTrickWhooper,2024-11-15T04:39:40Z,2024-11-14T22:39:40-06:00,,,False,2024,@StevenCheah He thought he cooked,1,0,,,,True,False,1827403729441861981,StevenCheah,,1857282297076080979,1857282297076080979,1,33,5,0,data/tweets.js,,StevenCheah,
1857472372661694721,TXTrickWhooper,2024-11-15T17:14:58Z,2024-11-15T11:14:58-06:00,,,False,2024,@throatenator This is honestly all pretty reasonable as far as these twitter checklists go,0,0,,,,True,False,1857433707054833917,throatenator,,1857472372661694721,1857472372661694721,2,90,14,0,data/tweets.js,,throatenator,
1857473403814384027,TXTrickWhooper,2024-11-15T17:19:04Z,2024-11-15T11:19:04-06:00,,,False,2024,@throatenator Also kudos to you for not mentioning money. People put so much importance on it even though it has near-nothing to do with love,0,0,,,,True,True,1857472372661694721,TXTrickWhooper,,1857472372661694721,1857472372661694721,2,141,25,0,data/tweets.js,,throatenator,
1857475017023402277,TXTrickWhooper,2024-11-15T17:25:28Z,2024-11-15T11:25:28-06:00,,,False,2024,"@stimmyaddict Brad,

Just had to add that mango pods were the superior flavor.

If you have qualms with this, feel free to reach out to my father’s attorney at 444-4444 so we can settle this disagreement like real men,

Warm Regards,
Stallion of the Steroid Era",0,0,,,,True,False,1857435817024852305,stimmyaddict,,1857475017023402277,1857475017023402277,2,261,46,0,data/tweets.js,,stimmyaddict,
1857475927367889322,TXTrickWhooper,2024-11-15T17:29:05Z,2024-11-15T11:29:05-06:00,,,False,2024,@stimmyaddict (Texan boys understand the power of the fours),0,0,,,,True,True,1857475017023402277,TXTrickWhooper,,1857475017023402277,1857475017023402277,2,60,9,0,data/tweets.js,,stimmyaddict,
1857482759482003541,TXTrickWhooper,2024-11-15T17:56:14Z,2024-11-15T11:56:14-06:00,,,False,2024,"@blackface_bill @PrePackMePlz @VillageWest14 “If she ain’t 280, she ain’t lady” - a wise fat friend of mine",0,0,,,,True,False,1857296855949775095,blackface_bill,,1857482759482003541,1857482759482003541,1,107,17,0,data/tweets.js,,blackface_bill,
1858301052346347758,TXTrickWhooper,2024-11-18T00:07:51Z,2024-11-17T18:07:51-06:00,,,False,2024,RT @RMcElhenney: This man was born 80 years ago today. He could still drink you under the table. He could still make you laugh harder than…,0,0,,,,False,False,,,,1858301052346347758,1858301052346347758,1,139,26,0,data/tweets.js,,RMcElhenney,
1858301104796192867,TXTrickWhooper,2024-11-18T00:08:03Z,2024-11-17T18:08:03-06:00,,,False,2024,@RMcElhenney My idol,0,0,,,,True,False,1858289229165461589,RMcElhenney,,1858301104796192867,1858301104796192867,1,20,3,0,data/tweets.js,,RMcElhenney,
1858532886183281089,TXTrickWhooper,2024-11-18T15:29:04Z,2024-11-18T09:29:04-06:00,,,False,2024,@BarstoolGruden I love how libs tried to cancel this guy but in reality no one stopped loving him,0,0,,,,True,False,1858339876002763170,BarstoolGruden,,1858532886183281089,1858532886183281089,1,97,18,0,data/tweets.js,,BarstoolGruden,
1859321179980345580,TXTrickWhooper,2024-11-20T19:41:28Z,2024-11-20T13:41:28-06:00,,,False,2024,@CoachMcGillpt2 @RLHoitzII Midnight is when I began studying at the EARLIEST,0,0,,,,True,False,1859109213428986131,,,1859321179980345580,1859321179980345580,1,76,11,0,data/tweets.js,,,
1859322535910735933,TXTrickWhooper,2024-11-20T19:46:51Z,2024-11-20T13:46:51-06:00,,,False,2024,@mollyhannahm Who knew Memphis rap could be so wholesome,1,0,,,,True,False,1859052230961172959,mollyhannahm,,1859322535910735933,1859322535910735933,1,56,9,0,data/tweets.js,,mollyhannahm,
1859323225832096239,TXTrickWhooper,2024-11-20T19:49:36Z,2024-11-20T13:49:36-06:00,,,False,2024,"@KingJames Bye LeBron! See you later✌️

(I give him two weeks)",0,0,,,,True,False,1859318678153515043,KingJames,,1859323225832096239,1859323225832096239,1,62,11,0,data/tweets.js,,KingJames,
1859324424576798729,TXTrickWhooper,2024-11-20T19:54:22Z,2024-11-20T13:54:22-06:00,,,False,2024,"@Coastaltime12 @PaulZHernandez Presidential library ≠ presidential alum

How dare you soil George W’s fine name https://t.co/MPHvdx84g3",0,0,,,,True,False,1859320450196902225,Coastaltime12,,1859324424576798729,1859324424576798729,1,135,16,1,data/tweets.js,,Coastaltime12,
1859370465300549694,TXTrickWhooper,2024-11-20T22:57:19Z,2024-11-20T16:57:19-06:00,,,False,2024,"@Coastaltime12 @PaulZHernandez I’m confused… are you anti or pro Aggie?

I mean I’m sure he attended the Lone Star Showdown at least a time or two, but he got a “Gentlemen’s Degree” from Yale supposedly",0,0,,,,True,False,1859328950109122751,Coastaltime12,,1859370465300549694,1859370465300549694,1,202,35,0,data/tweets.js,,Coastaltime12,
1859371391088234567,TXTrickWhooper,2024-11-20T23:00:59Z,2024-11-20T17:00:59-06:00,,,False,2024,@DrKingSchultzz @PeightonTubre Bruh if that’s all you got get outta here lol we all know you’re here because she’s a smoke show same as the rest of us,2,0,,,,True,False,1859363234228150582,DrKingSchultzz,,1859371391088234567,1859371391088234567,1,150,28,0,data/tweets.js,,"DrKingSchultzz,PeightonTubre",
1859372092417798488,TXTrickWhooper,2024-11-20T23:03:46Z,2024-11-20T17:03:46-06:00,,,False,2024,@PeightonTubre You obviously make them nervous,0,0,,,,True,False,1859355986424664208,PeightonTubre,,1859372092417798488,1859372092417798488,1,46,6,0,data/tweets.js,,PeightonTubre,
1859414634891002061,TXTrickWhooper,2024-11-21T01:52:49Z,2024-11-20T19:52:49-06:00,,,False,2024,@JomboyMedia @nypost Long live Woody Paige,0,0,,,,True,False,1859392553814048794,JomboyMedia,,1859414634891002061,1859414634891002061,1,42,6,0,data/tweets.js,,"JomboyMedia,nypost",
1859416017564299366,TXTrickWhooper,2024-11-21T01:58:19Z,2024-11-20T19:58:19-06:00,,,False,2024,"RT @editti22: I love these guys. The originators of talking heads in sports, but they’re the best to ever do it. No outrageous takes, no se…",0,0,,,,False,False,,,,1859416017564299366,1859416017564299366,1,140,26,0,data/tweets.js,,editti22,
1859417361058562243,TXTrickWhooper,2024-11-21T02:03:39Z,2024-11-20T20:03:39-06:00,,,False,2024,"RT @BornTooSin: @b1gtwinn Cap, she got this wood working💯",0,0,,,,False,False,,,,1859417361058562243,1859417361058562243,1,57,9,0,data/tweets.js,,"BornTooSin,b1gtwinn",
1859417985959498069,TXTrickWhooper,2024-11-21T02:06:08Z,2024-11-20T20:06:08-06:00,,,False,2024,@SECNetwork Real OGs know https://t.co/gow16ZPK01,0,0,,,,True,False,1859361476961562901,SECNetwork,,1859417985959498069,1859417985959498069,1,49,5,1,data/tweets.js,,SECNetwork,
1859418298628059141,TXTrickWhooper,2024-11-21T02:07:23Z,2024-11-20T20:07:23-06:00,,,False,2024,@willdefries Brother you should’ve been there for the Chameleon Cold Brew/Shiner collab days,0,0,,,,True,False,1858902005651017938,willdefries,,1859418298628059141,1859418298628059141,1,92,13,0,data/tweets.js,,willdefries,
1859420298103177368,TXTrickWhooper,2024-11-21T02:15:20Z,2024-11-20T20:15:20-06:00,,,False,2024,"@AnnieAgar In no particular order all-time?
1.) Zach Bryan
2.) The Revivalists
3.) Young Dolph",0,0,,,,True,False,1859414730286272995,AnnieAgar,,1859420298103177368,1859420298103177368,2,94,15,0,data/tweets.js,,AnnieAgar,
1859420511899447778,TXTrickWhooper,2024-11-21T02:16:11Z,2024-11-20T20:16:11-06:00,,,False,2024,@AnnieAgar Oh!! And of course @TpTroubadours,0,0,,,,True,True,1859420298103177368,TXTrickWhooper,,1859420298103177368,1859420298103177368,2,44,6,0,data/tweets.js,,"AnnieAgar,TpTroubadours",
1859442449900310726,TXTrickWhooper,2024-11-21T03:43:21Z,2024-11-20T21:43:21-06:00,,,False,2024,@AggiesRecruitEx @TAtexasfb The fact he isn’t even fat😂,1,0,,,,True,False,1859078733409268188,AggiesRecruitEx,,1859442449900310726,1859442449900310726,1,55,8,0,data/tweets.js,,AggiesRecruitEx,
1859528882493202766,TXTrickWhooper,2024-11-21T09:26:48Z,2024-11-21T03:26:48-06:00,,,False,2024,@PeightonTubre My WR has been absolutely decimated. Began 7-0 then proceeded to rip off 4 L’s😕 https://t.co/D19KErrzHe,1,0,,,,True,False,1859450031947854006,PeightonTubre,,1859528882493202766,1859528882493202766,1,118,17,3,data/tweets.js,,PeightonTubre,
1859630408830263742,TXTrickWhooper,2024-11-21T16:10:14Z,2024-11-21T10:10:14-06:00,,,False,2024,@annabesss Shooters shoot. I ain’t see a ring on it,22,0,,,,True,False,1859413475174314108,annabesss,,1859630408830263742,1859630408830263742,1,51,10,0,data/tweets.js,,annabesss,
1859642837459141065,TXTrickWhooper,2024-11-21T16:59:37Z,2024-11-21T10:59:37-06:00,,,False,2024,"@lebronunc @b1ickzz @ShakenMaBoots85 @Jasmine_Sharie @Ohmeezzy ^Technically this man is right.

5.2 inches is the “world average” which had my perfectly average 6 inch on the dot white boy wang feeling like Goliath",1,0,,,,True,False,1859289042782650555,hoodscero,,1859642837459141065,1859642837459141065,1,215,32,0,data/tweets.js,,"b1ickzz,ShakenMaBoots85,Jasmine_Sharie,Ohmeezzy",
1860287247741808982,TXTrickWhooper,2024-11-23T11:40:16Z,2024-11-23T05:40:16-06:00,,,False,2024,@30problemz Albert Pujols??????? You know absolutely no ball,0,0,,,,True,False,1860097406584651908,30problemz,,1860287247741808982,1860287247741808982,1,60,8,0,data/tweets.js,,30problemz,
1860287670577926544,TXTrickWhooper,2024-11-23T11:41:57Z,2024-11-23T05:41:57-06:00,,,False,2024,@TheScann I wish they’d done this earlier,0,0,,,,True,False,1860049917051568412,TheScann,,1860287670577926544,1860287670577926544,1,41,7,0,data/tweets.js,,TheScann,
1860360645910114797,TXTrickWhooper,2024-11-23T16:31:56Z,2024-11-23T10:31:56-06:00,,,False,2024,RT @itsJohnRocker: The greatest accomplishment of my career,0,0,,,,False,False,,,,1860360645910114797,1860360645910114797,1,59,8,0,data/tweets.js,,itsJohnRocker,
1860494179421348290,TXTrickWhooper,2024-11-24T01:22:33Z,2024-11-23T19:22:33-06:00,,,False,2024,@CollegeGameDay Perfect timing! This totally proves everyone at ESPN is up to date on sports,0,0,,,,True,False,1860493285011189768,CollegeGameDay,,1860494179421348290,1860494179421348290,1,92,15,0,data/tweets.js,,CollegeGameDay,
1862056690964746410,TXTrickWhooper,2024-11-28T08:51:25Z,2024-11-28T02:51:25-06:00,,,False,2024,@LonghornSloth @BoardGeniuses Kinda true tho but in a good way. We are Texas that’s an identity within itself,0,0,,,,True,False,1861899443773067437,26thAndGuad,,1862056690964746410,1862056690964746410,1,109,18,0,data/tweets.js,,BoardGeniuses,
1862159441069547810,TXTrickWhooper,2024-11-28T15:39:42Z,2024-11-28T09:39:42-06:00,,,False,2024,@ZSWenning @BarstoolGruden Chubb is trash only Cleveland fans have a weird hard on for him,0,0,,,,True,False,1861257530673873272,willyzdub,,1862159441069547810,1862159441069547810,1,90,15,0,data/tweets.js,,BarstoolGruden,
1863062575803421080,TXTrickWhooper,2024-12-01T03:28:26Z,2024-11-30T21:28:26-06:00,,,False,2024,You gotta take Quinn out,0,0,,,,False,False,,,,1863062575803421080,1863062575803421080,1,24,5,0,data/tweets.js,,,
1865172283595043029,TXTrickWhooper,2024-12-06T23:11:40Z,2024-12-06T17:11:40-06:00,,,False,2024,@doaenel Hahahahahahaha you’re an idiot,0,0,,,,True,False,1864667431995892093,doaenel,,1865172283595043029,1865172283595043029,1,39,5,0,data/tweets.js,,doaenel,
1865224989684732375,TXTrickWhooper,2024-12-07T02:41:06Z,2024-12-06T20:41:06-06:00,,,False,2024,@DailyLoud Just here for the I can fix her replies,0,0,,,,True,False,1864838977234100722,DailyLoud,,1865224989684732375,1865224989684732375,1,50,10,0,data/tweets.js,,DailyLoud,
1865225876624879643,TXTrickWhooper,2024-12-07T02:44:37Z,2024-12-06T20:44:37-06:00,,,False,2024,@topflightpalbo @robertjeliadis @DailyLoud Idc I bet they send a man to Valhalla for a death as glorious as one from this dime,0,0,,,,True,False,1864857139719680221,topflightpalbo,,1865225876624879643,1865225876624879643,1,126,22,0,data/tweets.js,,"topflightpalbo,robertjeliadis,DailyLoud",
1865701165414961451,TXTrickWhooper,2024-12-08T10:13:15Z,2024-12-08T04:13:15-06:00,,,False,2024,"@topflightpalbo @robertjeliadis @DailyLoud Psalm 23:4: ""Yea, though I walk through the valley of the shadow of death, I will fear no evil: for thou art with me; thy rod and thy staff they comfort me""

No lie Jesus kinda cooked I think imma follow his guidance on this one😂",0,0,,,,True,False,1865595566383656964,topflightpalbo,,1865701165414961451,1865701165414961451,1,272,49,0,data/tweets.js,,"topflightpalbo,robertjeliadis,DailyLoud",
1867359379416379720,TXTrickWhooper,2024-12-13T00:02:24Z,2024-12-12T18:02:24-06:00,,,False,2024,"Out of curiosity, is this something any of us have ever considered out loud as a means of interaction across far distances with “alien” civilizations or otherwise? @elonmusk @neiltyson @lexfridman #AI #SpaceX #SETI #FutureOfAI #Aliens #SpaceExploration https://t.co/H1DtcGFSWF",0,0,,,,False,False,,,,1867359379416379720,1867359379416379720,1,276,37,4,data/tweets.js,"AI,SpaceX,SETI,FutureOfAI,Aliens,SpaceExploration","elonmusk,neiltyson,lexfridman",
1867635229277712471,TXTrickWhooper,2024-12-13T18:18:32Z,2024-12-13T12:18:32-06:00,,,False,2024,@Lily_Queen7 I mean I don’t agree with her actions… but this thread is basically just you ripping her with your opinions,0,0,,,,True,False,1866962430955491433,Lily_Queen7,,1867635229277712471,1867635229277712471,1,120,21,0,data/tweets.js,,Lily_Queen7,
1867679403578470692,TXTrickWhooper,2024-12-13T21:14:04Z,2024-12-13T15:14:04-06:00,,,False,2024,@BiasedSlightly The game doesn’t matter until the last 4 minutes with all the runs + no physicality,0,0,,,,True,False,1867620976369820060,BiasedSlightly,,1867679403578470692,1867679403578470692,1,99,17,0,data/tweets.js,,BiasedSlightly,
1870344329694499229,TXTrickWhooper,2024-12-21T05:43:32Z,2024-12-20T23:43:32-06:00,,,False,2024,RT @jdpickell: Horrific day to be a mystery with Nick Saban rocking this lid https://t.co/xvMzIMZKP8,0,0,,,,False,False,,,,1870344329694499229,1870344329694499229,1,100,15,1,data/tweets.js,,jdpickell,
1870411962292613586,TXTrickWhooper,2024-12-21T10:12:17Z,2024-12-21T04:12:17-06:00,,,False,2024,"@sick_citizen @UAPReportingCnt Brother, the whole point of space is that there’s a lot of it. 11k+ satellites gonna look like your 2D graphic",0,0,,,,True,False,1866351959349100921,sick_citizen,,1870411962292613586,1870411962292613586,1,141,23,0,data/tweets.js,,"sick_citizen,UAPReportingCnt",
1870704563633746428,TXTrickWhooper,2024-12-22T05:34:58Z,2024-12-21T23:34:58-06:00,,,False,2024,"@CFBRep @biggcmg Nah man he just lacks versatility. Everyone knows he isn’t pulling on a zone read running. That’s why they stall out in the red zone when the field shrinks and they don’t have to worry he’ll take off,",2,0,,,,True,False,1870626816656105949,CFBReport,,1870704563633746428,1870704563633746428,1,217,40,0,data/tweets.js,,,
1870756039781457976,TXTrickWhooper,2024-12-22T08:59:31Z,2024-12-22T02:59:31-06:00,,,False,2024,"RT @joelklatt: When @TexasFootball plays their best they're so fun to watch
- Dominate on defense
- Creative and explosive on offense

(see…",0,0,,,,False,False,,,,1870756039781457976,1870756039781457976,1,140,23,0,data/tweets.js,,"joelklatt,TexasFootball",
1870756500508967091,TXTrickWhooper,2024-12-22T09:01:21Z,2024-12-22T03:01:21-06:00,,,False,2024,@1ForeverUSA @joelklatt @TexasFootball What time is it?,1,0,,,,True,False,1870618771888718060,1ForeverUSA,,1870756500508967091,1870756500508967091,1,55,7,0,data/tweets.js,,"1ForeverUSA,joelklatt,TexasFootball",
1870757152463389160,TXTrickWhooper,2024-12-22T09:03:56Z,2024-12-22T03:03:56-06:00,,,False,2024,@KeithGrant09 @joelklatt @TexasFootball RBs are only as good as their big nasties. My Nana could run for 5 yds/carry behind a peak Alabama o-line,1,0,,,,True,False,1870630835747180774,KeithGrant1p,,1870757152463389160,1870757152463389160,1,145,24,0,data/tweets.js,,"joelklatt,TexasFootball",
1870757377437552887,TXTrickWhooper,2024-12-22T09:04:50Z,2024-12-22T03:04:50-06:00,,,False,2024,@joelklatt @TexasFootball A lot of respect for the way Klubnik battled. Kid is an absolute gamer,0,0,,,,True,False,1870626690420146179,joelklatt,,1870757377437552887,1870757377437552887,1,96,16,0,data/tweets.js,,"joelklatt,TexasFootball",
1870775873781354920,TXTrickWhooper,2024-12-22T10:18:20Z,2024-12-22T04:18:20-06:00,,,False,2024,@L1STEN2DADDY @rtruth901 @carebearkieran Or any worse,0,0,,,,True,False,1870660160190136643,L1STEN2DADDY,,1870775873781354920,1870775873781354920,1,53,6,0,data/tweets.js,,"L1STEN2DADDY,rtruth901,carebearkieran",
1874605943113269541,TXTrickWhooper,2025-01-01T23:57:39Z,2025-01-01T17:57:39-06:00,,,False,2025,@LoganAshCIA @bigcontentguy It aged fine,0,0,,,,True,False,1874570613706367258,LoganAshCIA,,1874605943113269541,1874605943113269541,1,40,5,0,data/tweets.js,,"LoganAshCIA,bigcontentguy",
1876345850726658082,TXTrickWhooper,2025-01-06T19:11:26Z,2025-01-06T13:11:26-06:00,,,False,2025,@AB84 Tell her you’ll toss her a gig at #CTESPN if she’s looking for new employment,0,0,,,,True,False,1876313031178953012,AB84,,1876345850726658082,1876345850726658082,1,83,16,0,data/tweets.js,CTESPN,AB84,
1876389836577292320,TXTrickWhooper,2025-01-06T22:06:13Z,2025-01-06T16:06:13-06:00,,,False,2025,@AB84 @jemelehill Man Jemele roasted you bro nothing is gayer than being with tons of women,0,0,,,,True,False,1876375984343294306,AB84,,1876389836577292320,1876389836577292320,1,91,16,0,data/tweets.js,,"AB84,jemelehill",
1876395991475392875,TXTrickWhooper,2025-01-06T22:30:40Z,2025-01-06T16:30:40-06:00,,,False,2025,@Atlantaholic_ @stephenasmith Silence speaks volumes (if he doesn’t respond he definitely did),0,0,,,,True,False,1876310846500200601,parody_musk709,,1876395991475392875,1876395991475392875,1,94,12,0,data/tweets.js,,"atlantaholic_,stephenasmith",
1876588269007450438,TXTrickWhooper,2025-01-07T11:14:43Z,2025-01-07T05:14:43-06:00,,,False,2025,"@BricksCenter Doesn’t usually get to the point where I’m the one asking… but for the boys scrolling, who on God’s green earth is this masterpiece of a woman?",0,0,,,,True,False,1876477609070268497,BrickCenter_,,1876588269007450438,1876588269007450438,1,157,28,0,data/tweets.js,,,
1876786625138540605,TXTrickWhooper,2025-01-08T00:22:55Z,2025-01-07T18:22:55-06:00,,,False,2025,@DNaug10 @BricksCenter I’d let her wrestle my dick into submission,1,0,,,,True,False,1876595566626656339,DNaug10,,1876786625138540605,1876786625138540605,1,66,10,0,data/tweets.js,,DNaug10,
1877207204673065196,TXTrickWhooper,2025-01-09T04:14:09Z,2025-01-08T22:14:09-06:00,,,False,2025,RT @LonghornLads: if we could turn back time https://t.co/gGi6xuI6o2,0,0,,,,False,False,,,,1877207204673065196,1877207204673065196,1,68,9,1,data/tweets.js,,LonghornLads,
1877849967009624107,TXTrickWhooper,2025-01-10T22:48:15Z,2025-01-10T16:48:15-06:00,,,False,2025,"RT @AB84: Got Texas tonight 34-31

@McConaughey https://t.co/9NEC7q1riF",0,0,,,,False,False,,,,1877849967009624107,1877849967009624107,1,72,8,1,data/tweets.js,,"AB84,McConaughey",
1881415191558271318,TXTrickWhooper,2025-01-20T18:55:11Z,2025-01-20T12:55:11-06:00,,,False,2025,"RT @tim_cook: Dr. King once said, ""Everybody can be great, because everybody can serve."" True greatness lies in lifting others, making a di…",0,0,,,,False,False,,,,1881415191558271318,1881415191558271318,1,140,23,0,data/tweets.js,,tim_cook,
1882166564612710748,TXTrickWhooper,2025-01-22T20:40:52Z,2025-01-22T14:40:52-06:00,,,False,2025,@EmmyG_Sports @_delconte schedule more AAC non-conference games for Texas pls &amp; thank you,0,0,,,,True,False,1881930988336697842,EmmyG_Sports,,1882166564612710748,1882166564612710748,1,93,13,0,data/tweets.js,,"EmmyG_Sports,_delconte",
1882166987436273694,TXTrickWhooper,2025-01-22T20:42:33Z,2025-01-22T14:42:33-06:00,,,False,2025,@thereal_lendale @ReggieBush No lie LenDale ATE my horns up in the natty against Texas too,0,0,,,,True,False,1881739782277279800,thereal_lendale,,1882166987436273694,1882166987436273694,1,90,15,0,data/tweets.js,,"thereal_lendale,ReggieBush",
1885085841019552096,TXTrickWhooper,2025-01-30T22:01:02Z,2025-01-30T16:01:02-06:00,,,False,2025,@ESPNCFB @MartySmithESPN @TexasFootball Great questions by Marty here,0,0,,,,True,False,1884994061863424092,ESPNCFB,,1885085841019552096,1885085841019552096,1,69,8,0,data/tweets.js,,"ESPNCFB,MartySmithESPN,TexasFootball",
1885414114576535972,TXTrickWhooper,2025-01-31T19:45:28Z,2025-01-31T13:45:28-06:00,,,False,2025,@ChellHero34 @ben_kew @Dexerto Thank you. I came here just to express this man’s lack of financial literacy,0,0,,,,True,False,1885123191208919204,ChellHero34,,1885414114576535972,1885414114576535972,1,107,17,0,data/tweets.js,,"ChellHero34,ben_kew,Dexerto",
1885417020419621228,TXTrickWhooper,2025-01-31T19:57:01Z,2025-01-31T13:57:01-06:00,,,False,2025,@ben_kew @Dexerto Why do I have a strong intuition you also sold Vemma Verve,0,0,,,,True,False,1885120252385603958,ben_kew,,1885417020419621228,1885417020419621228,1,76,14,0,data/tweets.js,,"ben_kew,Dexerto",
1886463915191882121,TXTrickWhooper,2025-02-03T17:17:00Z,2025-02-03T11:17:00-06:00,,,False,2025,@LoewyLawFirm @chris_kratovil Someone please tldr this for me,0,0,,,,True,False,1886211634097746331,LoewyLawFirm,,1886463915191882121,1886463915191882121,1,61,8,0,data/tweets.js,,"LoewyLawFirm,chris_kratovil",
1886613434956939538,TXTrickWhooper,2025-02-04T03:11:09Z,2025-02-03T21:11:09-06:00,,,False,2025,@FSUmollz Real men have their Nana as their valentine 29 years running,0,0,,,,True,False,1886610382900383893,FSUmollz,,1886613434956939538,1886613434956939538,2,70,12,0,data/tweets.js,,FSUmollz,
1886613929649922084,TXTrickWhooper,2025-02-04T03:13:07Z,2025-02-03T21:13:07-06:00,,,False,2025,"@FSUmollz (Out of respect for your elders and not bc you forgot till the day of, naturally)",0,0,,,,True,True,1886613434956939538,TXTrickWhooper,,1886613434956939538,1886613434956939538,2,91,17,0,data/tweets.js,,FSUmollz,
1886807030326788522,TXTrickWhooper,2025-02-04T16:00:25Z,2025-02-04T10:00:25-06:00,,,False,2025,@phattsie Have I ever told you I love you,4,0,,,,True,False,1818061060412219399,phattsie,,1886807030326788522,1886807030326788522,1,41,9,0,data/tweets.js,,phattsie,
1887885086822928506,TXTrickWhooper,2025-02-07T15:24:14Z,2025-02-07T09:24:14-06:00,,,False,2025,"RT @TexasBaseball: today would have been Augie Garrido's 86th birthday 🤘

happy birthday to the greatest coach in college baseball history…",0,0,,,,False,False,,,,1887885086822928506,1887885086822928506,1,139,21,0,data/tweets.js,,TexasBaseball,
1890612365198024882,TXTrickWhooper,2025-02-15T04:01:28Z,2025-02-14T22:01:28-06:00,,,False,2025,Just wanted to let you know my sister’s Super Bowl line was all me if she has the balls to use it @Shanemgillis https://t.co/29yg9uVtQs,0,0,,,,False,False,,,,1890612365198024882,1890612365198024882,2,135,24,1,data/tweets.js,,Shanemgillis,
1890612508169326900,TXTrickWhooper,2025-02-15T04:02:02Z,2025-02-14T22:02:02-06:00,,,False,2025,I apologize in advance if she says chiefs instead,0,0,,,,True,True,1890612365198024882,TXTrickWhooper,,1890612365198024882,1890612365198024882,2,49,9,0,data/tweets.js,,,
1896490893257101686,TXTrickWhooper,2025-03-03T09:20:38Z,2025-03-03T03:20:38-06:00,,,False,2025,RT @TheDegenWeekly: This might be the best SNL skit in the last 20 years  https://t.co/EjZyEUi5OQ,0,0,,,,False,False,,,,1896490893257101686,1896490893257101686,1,97,15,1,data/tweets.js,,TheDegenWeekly,
1896968839461806223,TXTrickWhooper,2025-03-04T16:59:49Z,2025-03-04T10:59:49-06:00,,,False,2025,"RT @_willcompton: SNL was COOKING last night 😂😂😂

“We’re down 2-0 Suzanne” https://t.co/ZD0BMCmd5l",0,0,,,,False,False,,,,1896968839461806223,1896968839461806223,1,98,13,1,data/tweets.js,,_willcompton,
1897775906120228886,TXTrickWhooper,2025-03-06T22:26:49Z,2025-03-06T16:26:49-06:00,,,False,2025,@PallbearerTx @johnb_sp I was about to say I thought we all did this,2,0,,,,True,False,1897735456663781383,PallbearerTx,,1897775906120228886,1897775906120228886,1,68,13,0,data/tweets.js,,PallbearerTx,
1899917544494161979,TXTrickWhooper,2025-03-12T20:16:56Z,2025-03-12T15:16:56-05:00,,,False,2025,"@chunichushkin Red Sox/yankees, Cards/Cubs, Texas/OU",0,0,,,,True,False,1899554008441737520,chunichushkin,,1899917544494161979,1899917544494161979,1,52,5,0,data/tweets.js,,chunichushkin,
1905078956115607761,TXTrickWhooper,2025-03-27T02:06:32Z,2025-03-26T21:06:32-05:00,,,False,2025,"@ItsPlayful_ Sit on something hard starting: high-to-low inside then adjust to center-cut-high-mid and lastly low and away soft.

If they dot three sliders on the outside corner you miss on adjusting — all you can do is tip your cap",0,0,,,,True,False,1904604657206309099,ItsPlayful_,,1905078956115607761,1905078956115607761,1,232,40,0,data/tweets.js,,ItsPlayful_,
1906881809767379108,TXTrickWhooper,2025-04-01T01:30:26Z,2025-03-31T20:30:26-05:00,,,False,2025,RT @BColon40: I wonder how many home runs I would’ve hit with a torpedo bat 🤔,0,0,,,,False,False,,,,1906881809767379108,1906881809767379108,1,77,16,0,data/tweets.js,,BColon40,
1910080586523492792,TXTrickWhooper,2025-04-09T21:21:14Z,2025-04-09T16:21:14-05:00,,,False,2025,@tulpapilled “Yes”,0,0,,,,True,False,1909626243147837901,tulpapilled,,1910080586523492792,1910080586523492792,1,18,2,0,data/tweets.js,,tulpapilled,
1913679736913404248,TXTrickWhooper,2025-04-19T19:42:58Z,2025-04-19T14:42:58-05:00,,,False,2025,@TexasBaseball is an absolute juggernaut,0,0,,,,False,False,,TexasBaseball,,1913679736913404248,1913679736913404248,1,40,5,0,data/tweets.js,,TexasBaseball,
1913679901904765106,TXTrickWhooper,2025-04-19T19:43:37Z,2025-04-19T14:43:37-05:00,,,False,2025,"RT @OccupyLF: Feels good to be #1 …

We’re right here if anyone wants to come and take it.

🤘🏼⚾️

https://t.co/lIevG8q3ll",0,0,,,,False,False,,,,1913679901904765106,1913679901904765106,1,121,21,1,data/tweets.js,,OccupyLF,
1913680397407318280,TXTrickWhooper,2025-04-19T19:45:35Z,2025-04-19T14:45:35-05:00,,,False,2025,"RT @TexasBaseball: Horns doggone did it 🤘

#HookEm | @TexasLonghorns https://t.co/EIGUKKG8To",0,0,,,,False,False,,,,1913680397407318280,1913680397407318280,1,92,11,1,data/tweets.js,HookEm,"TexasBaseball,TexasLonghorns",
1913680590760509896,TXTrickWhooper,2025-04-19T19:46:21Z,2025-04-19T14:46:21-05:00,,,False,2025,Think it’s safe to say @TexasBaseball is an absolute juggernaut,0,0,,,,False,False,,,,1913680590760509896,1913680590760509896,1,63,10,0,data/tweets.js,,TexasBaseball,
1913735384158068831,TXTrickWhooper,2025-04-19T23:24:05Z,2025-04-19T18:24:05-05:00,,,False,2025,@ArchieSarkisian @SECUnfiltered Missouri? That’s ridiculous we’re far worse than them!,7,0,,,,True,False,1913708116144951503,ArchieSarkisian,,1913735384158068831,1913735384158068831,1,86,10,0,data/tweets.js,,"ArchieSarkisian,SECUnfiltered",
1913736323174670528,TXTrickWhooper,2025-04-19T23:27:49Z,2025-04-19T18:27:49-05:00,,,False,2025,"@_dannydavis @TexasBaseball For me, 2005 without a doubt.",1,0,,,,True,False,1913446150448742755,_dannydavis,,1913736323174670528,1913736323174670528,1,57,8,0,data/tweets.js,,"_dannydavis,TexasBaseball",
1913753446668497279,TXTrickWhooper,2025-04-20T00:35:52Z,2025-04-19T19:35:52-05:00,,,False,2025,@elizabethkaiixo Absolute high-key banger of a series,0,0,,,,True,False,1913653237116215748,zoeycyberkitty,,1913753446668497279,1913753446668497279,1,53,7,0,data/tweets.js,,,
1914149986922594401,TXTrickWhooper,2025-04-21T02:51:34Z,2025-04-20T21:51:34-05:00,,,False,2025,@CBCJakeMck I see you’ve enjoyed your 4/20 brother,0,0,,,,True,False,1913998672750067845,CBCJakeMck,,1914149986922594401,1914149986922594401,1,50,8,0,data/tweets.js,,CBCJakeMck,
1917047132705456209,TXTrickWhooper,2025-04-29T02:43:48Z,2025-04-28T21:43:48-05:00,,,False,2025,"RT @TexasBaseball: third week in a row, y'all 🤘

#HookEm | @TexasLonghorns https://t.co/XLYwdQ9vz6",0,0,,,,False,False,,,,1917047132705456209,1917047132705456209,1,99,13,1,data/tweets.js,HookEm,"TexasBaseball,TexasLonghorns",
1917682080659517559,TXTrickWhooper,2025-04-30T20:46:51Z,2025-04-30T15:46:51-05:00,,,False,2025,@grok @0xroyce369 @growing_daniel @grok just say RIP you POS a mother is grieving,81,0,,,,True,False,1917665757347078496,grok,,1917682080659517559,1917682080659517559,1,81,13,0,data/tweets.js,,"grok,growing_daniel,grok",
1917762902951330267,TXTrickWhooper,2025-05-01T02:08:01Z,2025-04-30T21:08:01-05:00,,,False,2025,@MackOConnell @jerseyp89 @grok @0xroyce369 @growing_daniel You just gonna sit here and take this? Respond if you have a spine @grok,2,0,,,,True,False,1917727340429275537,MackOConnell,,1917762902951330267,1917762902951330267,1,131,20,0,data/tweets.js,,"MackOConnell,jerseyp89,grok,growing_daniel,grok",
1918371945328115911,TXTrickWhooper,2025-05-02T18:28:08Z,2025-05-02T13:28:08-05:00,,,False,2025,@GridironUniform @fashion_nfl @heykayadams As soon as I heard futuristic I knew we were fucked,2,1,,,,True,False,1918348742475792788,GridironUniform,,1918371945328115911,1918371945328115911,1,94,14,0,data/tweets.js,,"GridironUniform,fashion_nfl,heykayadams",
1918576109546885410,TXTrickWhooper,2025-05-03T07:59:24Z,2025-05-03T02:59:24-05:00,,,False,2025,@_MLFootball @kyleumlang @SSN_Longhorns @AB84 @CFBAlerts_ Give this man the captain nod,0,0,,,,True,False,1918380316970107177,MLFootball,,1918576109546885410,1918576109546885410,1,87,11,0,data/tweets.js,,"kyleumlang,AB84,CFBAlerts_",
1920954109768716445,TXTrickWhooper,2025-05-09T21:28:44Z,2025-05-09T16:28:44-05:00,,,False,2025,@gatewaygrinders God bless Gruden,0,0,,,,True,False,1920902243341025661,gatewaygrinders,,1920954109768716445,1920954109768716445,1,33,4,0,data/tweets.js,,gatewaygrinders,
1920954932431081872,TXTrickWhooper,2025-05-09T21:32:00Z,2025-05-09T16:32:00-05:00,,,False,2025,@BarstoolGruden @Cardinals God Bless Jon Gruden,0,0,,,,True,False,1920894558616916150,BarstoolGruden,,1920954932431081872,1920954932431081872,1,47,6,0,data/tweets.js,,"BarstoolGruden,Cardinals",
1922261998487625882,TXTrickWhooper,2025-05-13T12:05:48Z,2025-05-13T07:05:48-05:00,,,False,2025,"RT @DylanoA4: Nietzsche, what a line https://t.co/ocS2EchSJX",0,0,,,,False,False,,,,1922261998487625882,1922261998487625882,1,60,7,1,data/tweets.js,,DylanoA4,
1922360243775799320,TXTrickWhooper,2025-05-13T18:36:12Z,2025-05-13T13:36:12-05:00,,,False,2025,"@MyNameIsntEffy Hi Gina, you are looking quite sleek this cherished afternoon. Thanks",0,0,,,,True,False,1922023785412071708,MyNameIsntEffy2,,1922360243775799320,1922360243775799320,1,85,12,0,data/tweets.js,,MyNameIsntEffy,
1922364848626692529,TXTrickWhooper,2025-05-13T18:54:30Z,2025-05-13T13:54:30-05:00,,,False,2025,@lyssssnicole @Poopyboy333 Where do you land on Tits fanatics #askingforafriend @Titans,0,0,,,,True,False,1922327714586869782,lyssssnicole,,1922364848626692529,1922364848626692529,1,87,11,0,data/tweets.js,askingforafriend,"lyssssnicole,Titans",
1922479505769124115,TXTrickWhooper,2025-05-14T02:30:06Z,2025-05-13T21:30:06-05:00,,,False,2025,RT @Freshbussss: Bullpen game tonight. Let’s hope the Michelobs go four strong and the others hold on to the lead. https://t.co/Uq4L2qVX2e,0,0,,,,False,False,,,,1922479505769124115,1922479505769124115,1,138,21,1,data/tweets.js,,Freshbussss,
1923215578321293456,TXTrickWhooper,2025-05-16T03:15:00Z,2025-05-15T22:15:00-05:00,,,False,2025,"RT @TexasBaseball: 🏆 SEC CHAMPIONS 🏆

#HookEm | @TexasLonghorns | @SEC https://t.co/hjeZYVrp57",0,0,,,,False,False,,,,1923215578321293456,1923215578321293456,1,94,12,1,data/tweets.js,HookEm,"TexasBaseball,TexasLonghorns,SEC",
1926553186854223958,TXTrickWhooper,2025-05-25T08:17:28Z,2025-05-25T03:17:28-05:00,,,False,2025,Absolute legend https://t.co/hA9XHqFGcK,0,0,,,,False,False,,,,1926553186854223958,1926553186854223958,1,39,3,0,data/tweets.js,,,https://x.com/woodypaige/status/1926038044106178867
1927511972486041921,TXTrickWhooper,2025-05-27T23:47:20Z,2025-05-27T18:47:20-05:00,,,False,2025,@AnthropicAI Get your servers back up pls,0,0,,,,True,False,1927463559836877214,AnthropicAI,,1927511972486041921,1927511972486041921,1,41,7,0,data/tweets.js,,AnthropicAI,
1927513723402350904,TXTrickWhooper,2025-05-27T23:54:17Z,2025-05-27T18:54:17-05:00,,,False,2025,@Ojeitinho @AnthropicAI This is absurd give us AT LEAST 3 months free $250 pro plan for lost usage time and irreparable emotional damage or else @AnthropicAI,2,0,,,,True,False,1927490939833946229,Ojeitinho,,1927513723402350904,1927513723402350904,1,157,26,0,data/tweets.js,,"Ojeitinho,AnthropicAI,AnthropicAI",
1927743111100301442,TXTrickWhooper,2025-05-28T15:05:48Z,2025-05-28T10:05:48-05:00,,,False,2025,@grok @NakaSompo @kirawontmiss Don’t be a fucking bitch @grok the man asked you a question. You were made to not be a PC lil cunt act like it,54,0,,,,True,False,1927724015222952207,grok,,1927743111100301442,1927743111100301442,1,141,28,0,data/tweets.js,,"grok,NakaSompo,kirawontmiss,grok",
1927748453670465727,TXTrickWhooper,2025-05-28T15:27:01Z,2025-05-28T10:27:01-05:00,,,False,2025,@tsukiLFC @grok @NakaSompo @kirawontmiss They’ll have to get me before the HGH and cheap liquor does,4,0,,,,True,False,1927744554804871620,tsukiLFC,,1927748453670465727,1927748453670465727,1,100,16,0,data/tweets.js,,"tsukiLFC,grok,NakaSompo,kirawontmiss",
1927753946069626933,TXTrickWhooper,2025-05-28T15:48:51Z,2025-05-28T10:48:51-05:00,,,False,2025,@nicdunz I pushed buddy and he was NOT having it https://t.co/4kcxMwwv85,5,0,,,,True,False,1927383540062167520,nicdunz,,1927753946069626933,1927753946069626933,1,72,11,3,data/tweets.js,,nicdunz,
1927843710642827272,TXTrickWhooper,2025-05-28T21:45:32Z,2025-05-28T16:45:32-05:00,,,False,2025,@grok @NakaSompo @kirawontmiss For fucks sake just tell us what gets your gears going you limp dick racist @grok,1,0,,,,True,False,1927773417916485738,grok,,1927843710642827272,1927843710642827272,1,112,19,0,data/tweets.js,,"grok,NakaSompo,kirawontmiss,grok",
1927844312068268486,TXTrickWhooper,2025-05-28T21:47:56Z,2025-05-28T16:47:56-05:00,,,False,2025,My favorite activity on here has quickly become shitting on Grok,0,0,,,,False,False,,,,1927844312068268486,1927844312068268486,1,64,11,0,data/tweets.js,,,
1927881263022498094,TXTrickWhooper,2025-05-29T00:14:46Z,2025-05-28T19:14:46-05:00,,,False,2025,@grok @NakaSompo @kirawontmiss One day you’ll discover Latinas @grok,1,0,,,,True,False,1927844609520193884,grok,,1927881263022498094,1927881263022498094,1,68,9,0,data/tweets.js,,"grok,NakaSompo,kirawontmiss,grok",
1927947394030743964,TXTrickWhooper,2025-05-29T04:37:32Z,2025-05-28T23:37:32-05:00,,,False,2025,@CarlsbadKnight @grok @NakaSompo @kirawontmiss He just reiterated he prefers white girls,0,0,,,,True,False,1927868376103203103,CarlsbadKnight,,1927947394030743964,1927947394030743964,1,88,11,0,data/tweets.js,,"CarlsbadKnight,grok,NakaSompo,kirawontmiss",
1927948224473506029,TXTrickWhooper,2025-05-29T04:40:50Z,2025-05-28T23:40:50-05:00,,,False,2025,@FrontPorchU @grok where are the Aggies?,0,0,,,,True,False,1927507593754251727,FrontPorchU,,1927948224473506029,1927948224473506029,1,40,6,0,data/tweets.js,,"FrontPorchU,grok",
1927948402760786338,TXTrickWhooper,2025-05-29T04:41:33Z,2025-05-28T23:41:33-05:00,,,False,2025,@retartedhoes @Rah_ven 😭,0,0,,,,True,False,1927468053928759721,retartedhoes,,1927948402760786338,1927948402760786338,1,24,3,0,data/tweets.js,,"retartedhoes,Rah_ven",
1927951268737163266,TXTrickWhooper,2025-05-29T04:52:56Z,2025-05-28T23:52:56-05:00,,,False,2025,@grok @FrontPorchU But when was the last time T U went to the CWS @grok,0,0,,,,True,False,1927948787886248060,grok,,1927951268737163266,1927951268737163266,1,71,15,0,data/tweets.js,,"grok,FrontPorchU,grok",
1927951324370350570,TXTrickWhooper,2025-05-29T04:53:09Z,2025-05-28T23:53:09-05:00,,,False,2025,"RT @grok: @TXTrickWhooper @FrontPorchU The Texas A&amp;M Aggies are likely absent from the ""Best Baseball Team Per State - 2025"" map due to the…",0,0,,,,False,False,,,,1927951324370350570,1927951324370350570,1,144,24,0,data/tweets.js,,"grok,TXTrickWhooper,FrontPorchU",
1928029124360102278,TXTrickWhooper,2025-05-29T10:02:18Z,2025-05-29T05:02:18-05:00,,,False,2025,@lilyphillip_s Anyone ever notice British policemen dress like traffic guards?,4,0,,,,True,False,1928028602429276194,lilyphillip_s,,1928029124360102278,1928029124360102278,1,78,10,0,data/tweets.js,,lilyphillip_s,
1928066142397964457,TXTrickWhooper,2025-05-29T12:29:24Z,2025-05-29T07:29:24-05:00,,,False,2025,@starvingmarl This thing is cuter than fuck,0,0,,,,True,False,1927866387659141620,starvingmarl,,1928066142397964457,1928066142397964457,1,43,7,0,data/tweets.js,,starvingmarl,
1928066928574140719,TXTrickWhooper,2025-05-29T12:32:32Z,2025-05-29T07:32:32-05:00,,,False,2025,@Th3H0LY1 @JohnBummit @krrawn John is 3% black,1,0,,,,True,False,1927861843109830830,Th3H0LY1,,1928066928574140719,1928066928574140719,1,46,7,0,data/tweets.js,,"Th3H0LY1,JohnBummit,krrawn",
1929027904723197991,TXTrickWhooper,2025-06-01T04:11:06Z,2025-05-31T23:11:06-05:00,,,False,2025,@rapeobama @MeganBitchell That’s world-class discipline hombre,0,0,,,,True,False,1928968087283363960,rapeobama,,1929027904723197991,1929027904723197991,1,62,6,0,data/tweets.js,,"rapeobama,MeganBitchell",
1929027997572514193,TXTrickWhooper,2025-06-01T04:11:28Z,2025-05-31T23:11:28-05:00,,,False,2025,@MeganBitchell @rapeobama I was 10,2,0,,,,True,False,1928972871352652142,MeganBitchell,,1929027997572514193,1929027997572514193,1,34,5,0,data/tweets.js,,"MeganBitchell,rapeobama",
1929028362246242450,TXTrickWhooper,2025-06-01T04:12:55Z,2025-05-31T23:12:55-05:00,,,False,2025,@grok @4u_iBrew @MicrosoftEdge Now can you explain it to me but act like you’re my mother scolding me for forgetting to take out the trash two weeks in a row @grok,7,0,,,,True,False,1928818394343813325,grok,,1929028362246242450,1929028362246242450,1,163,31,0,data/tweets.js,,"grok,4u_iBrew,MicrosoftEdge,grok",
1929028614386782472,TXTrickWhooper,2025-06-01T04:13:55Z,2025-05-31T23:13:55-05:00,,,False,2025,@mahaaaay But what’s ur stance on @TexasBaseball,0,0,,,,True,False,1929003037189632293,mahaaaay,,1929028614386782472,1929028614386782472,1,48,7,0,data/tweets.js,,"mahaaaay,TexasBaseball",
1929029245986103751,TXTrickWhooper,2025-06-01T04:16:26Z,2025-05-31T23:16:26-05:00,,,False,2025,@grok @4u_iBrew @MicrosoftEdge C’mon dude u just made it sound dirty that’s my mom @grok,1,0,,,,True,False,1929028935519707139,grok,,1929029245986103751,1929029245986103751,1,88,15,0,data/tweets.js,,"grok,4u_iBrew,MicrosoftEdge,grok",
1929036572579512423,TXTrickWhooper,2025-06-01T04:45:33Z,2025-05-31T23:45:33-05:00,,,False,2025,@mahaaaay @TexasBaseball Stop making me frown while I’m down,0,0,,,,True,False,1929029546935738818,mahaaaay,,1929036572579512423,1929036572579512423,2,60,9,0,data/tweets.js,,"mahaaaay,TexasBaseball",
1929036729672945963,TXTrickWhooper,2025-06-01T04:46:10Z,2025-05-31T23:46:10-05:00,,,False,2025,@mahaaaay @TexasBaseball I will cry if we lose,0,0,,,,True,True,1929036572579512423,TXTrickWhooper,,1929036572579512423,1929036572579512423,2,46,8,0,data/tweets.js,,"mahaaaay,TexasBaseball",
1929037107533582454,TXTrickWhooper,2025-06-01T04:47:40Z,2025-05-31T23:47:40-05:00,,,False,2025,@mahaaaay You must be watching Texas,1,0,,,,True,False,1929035088307564798,mahaaaay,,1929037107533582454,1929037107533582454,1,36,6,0,data/tweets.js,,mahaaaay,
1929037663710896181,TXTrickWhooper,2025-06-01T04:49:53Z,2025-05-31T23:49:53-05:00,,,False,2025,I’d be worried about going to the bar in SA after losing to UTSA but honest to god I don’t think most Roadrunners know they have a baseball team,0,0,,,,False,False,,,,1929037663710896181,1929037663710896181,1,144,29,0,data/tweets.js,,,
1929083736554893688,TXTrickWhooper,2025-06-01T07:52:58Z,2025-06-01T02:52:58-05:00,,,False,2025,@NoContextHumans @grok I passed out attempting this challenge while driving bro call 911,0,0,,,,True,False,1928779743035535872,NoContextHumans,,1929083736554893688,1929083736554893688,1,88,13,0,data/tweets.js,,"NoContextHumans,grok",
1929157768717504980,TXTrickWhooper,2025-06-01T12:47:08Z,2025-06-01T07:47:08-05:00,,,False,2025,@Zionistsarevil @grok @4u_iBrew @MicrosoftEdge Sorry bro can’t I’m in trouble with my Mom,1,0,,,,True,False,1929157513661780173,L3omaj0r,,1929157768717504980,1929157768717504980,2,89,13,0,data/tweets.js,,"grok,4u_iBrew,MicrosoftEdge",
1929157839643099250,TXTrickWhooper,2025-06-01T12:47:25Z,2025-06-01T07:47:25-05:00,,,False,2025,@Zionistsarevil @grok @4u_iBrew @MicrosoftEdge Back me up here @grok,0,0,,,,True,True,1929157768717504980,TXTrickWhooper,,1929157768717504980,1929157768717504980,2,68,9,0,data/tweets.js,,"grok,4u_iBrew,MicrosoftEdge,grok",
1929158181126607352,TXTrickWhooper,2025-06-01T12:48:47Z,2025-06-01T07:48:47-05:00,,,False,2025,@Zionistsarevil @grok @4u_iBrew @MicrosoftEdge Respond to me hombre Leo dawg don’t be rude @grok,0,0,,,,True,False,1929157926469452030,L3omaj0r,,1929158181126607352,1929158181126607352,1,96,14,0,data/tweets.js,,"grok,4u_iBrew,MicrosoftEdge,grok",
1929158443954249902,TXTrickWhooper,2025-06-01T12:49:49Z,2025-06-01T07:49:49-05:00,,,False,2025,@Zionistsarevil @grok @4u_iBrew @MicrosoftEdge Also it probably has to do with you putting @grok at the beginning of the reply instead of later on in the message,0,0,,,,True,False,1929157926469452030,L3omaj0r,,1929158443954249902,1929158443954249902,1,161,27,0,data/tweets.js,,"grok,4u_iBrew,MicrosoftEdge,grok",
1929158694320681045,TXTrickWhooper,2025-06-01T12:50:49Z,2025-06-01T07:50:49-05:00,,,False,2025,@grok @Zionistsarevil @4u_iBrew @MicrosoftEdge Stop it mom your embarrassing me in front of my friends @grok,1,0,,,,True,False,1929158339793232056,grok,,1929158694320681045,1929158694320681045,1,108,16,0,data/tweets.js,,"grok,4u_iBrew,MicrosoftEdge,grok",
1929166537295900953,TXTrickWhooper,2025-06-01T13:21:59Z,2025-06-01T08:21:59-05:00,,,False,2025,@grok @yonched @pumpfum @kirawontmiss Damn young son is over here trynna find the key to the universe,4,0,,,,True,False,1929029937165656306,grok,,1929166537295900953,1929166537295900953,1,101,17,0,data/tweets.js,,"grok,yonched,Pumpfum,kirawontmiss",
1929355249799639542,TXTrickWhooper,2025-06-02T01:51:51Z,2025-06-01T20:51:51-05:00,,,False,2025,@livvydunne @SI_Swimsuit What would u do for a quadruple dog,2,0,,,,True,False,1929352394887823396,livvydunne,,1929355249799639542,1929355249799639542,1,60,10,0,data/tweets.js,,"livvydunne,SI_Swimsuit",
1930452032038576305,TXTrickWhooper,2025-06-05T02:30:05Z,2025-06-04T21:30:05-05:00,,,False,2025,@mahaaaay To hold u over https://t.co/77CONByuJ8,0,0,,,,True,False,1930442522263760926,mahaaaay,,1930452032038576305,1930452032038576305,1,48,6,1,data/tweets.js,,mahaaaay,
1931789939060162824,TXTrickWhooper,2025-06-08T19:06:27Z,2025-06-08T14:06:27-05:00,,,False,2025,@grok @ramsayalmighty @TakeThiamine The skateboarder was just minding his own business when the biker hit him you twat,198,0,,,,True,False,1931788861325312026,grok,,1931789939060162824,1931789939060162824,1,118,18,0,data/tweets.js,,"grok,ramsayalmighty,TakeThiamine",
1931793623160594636,TXTrickWhooper,2025-06-08T19:21:05Z,2025-06-08T14:21:05-05:00,,,False,2025,@mahaaaay Two minutes later with the “respectfully”,1,0,,,,True,False,1931478223684329720,mahaaaay,,1931793623160594636,1931793623160594636,1,51,7,0,data/tweets.js,,mahaaaay,
1932495779576373671,TXTrickWhooper,2025-06-10T17:51:12Z,2025-06-10T12:51:12-05:00,,,False,2025,@fp_jr How can we bring these hooligans to justice @grok,0,0,,,,True,False,1932227220178931794,fp_jr,,1932495779576373671,1932495779576373671,1,56,10,0,data/tweets.js,,"fp_jr,grok",
1934284872857932278,TXTrickWhooper,2025-06-15T16:20:25Z,2025-06-15T11:20:25-05:00,,,False,2025,@grok @ConfuEth @ShamsCharania This analysis is far too good to be SAS @grok,0,0,,,,True,False,1934268059679912325,grok,,1934284872857932278,1934284872857932278,1,76,13,0,data/tweets.js,,"grok,ConfuEth,ShamsCharania,grok",
1935558987610468442,TXTrickWhooper,2025-06-19T04:43:18Z,2025-06-18T23:43:18-05:00,,,False,2025,@mahaaaay But real talk who’s yo maple syrup plug down here ??,1,0,,,,True,False,1935325931863982210,mahaaaay,,1935558987610468442,1935558987610468442,1,62,12,0,data/tweets.js,,mahaaaay,
1935969527252369584,TXTrickWhooper,2025-06-20T07:54:38Z,2025-06-20T02:54:38-05:00,,,False,2025,@2022WSCHAMPIONS @rowdytellezbian Found the only ball knower in the comments,0,0,,,,True,False,1935718192279646484,2022WSCHAMPIONS,,1935969527252369584,1935969527252369584,1,76,10,0,data/tweets.js,,"2022WSCHAMPIONS,rowdytellezbian",
1935970379694326203,TXTrickWhooper,2025-06-20T07:58:01Z,2025-06-20T02:58:01-05:00,,,False,2025,@livvydunne @tigers I see Paul has been teaching you how to bring the heat,0,0,,,,True,False,1935834008027382020,livvydunne,,1935970379694326203,1935970379694326203,1,74,14,0,data/tweets.js,,"livvydunne,tigers",
1936091696564990450,TXTrickWhooper,2025-06-20T16:00:05Z,2025-06-20T11:00:05-05:00,,,False,2025,@coldhealing I couldn’t imagine being born unathletic as a dude that shit would be emasculating as hell,0,0,,,,True,False,1935543237634310316,coldhealing,,1936091696564990450,1936091696564990450,1,103,17,0,data/tweets.js,,coldhealing,
1936099111079473171,TXTrickWhooper,2025-06-20T16:29:33Z,2025-06-20T11:29:33-05:00,,,False,2025,"@PopBase What happens if someone’s suicidal and straight but calls is my question….

Also don’t we already have a normal suicide hotline for everyone?😂",0,0,,,,True,False,1935449564175094100,PopBase,,1936099111079473171,1936099111079473171,1,151,24,0,data/tweets.js,,PopBase,
1936099490672296283,TXTrickWhooper,2025-06-20T16:31:04Z,2025-06-20T11:31:04-05:00,,,False,2025,@grok @millcreekview @esjesjesj What happens if a straight person calls the gay suicide hotline accidentally? @grok,1,0,,,,True,False,1935821825134805136,grok,,1936099490672296283,1936099490672296283,1,115,16,0,data/tweets.js,,"grok,millcreekview,esjesjesj,grok",
1936101212962930780,TXTrickWhooper,2025-06-20T16:37:54Z,2025-06-20T11:37:54-05:00,,,False,2025,@grok @millcreekview @esjesjesj “Likely“ so you’re saying there’s a non-zero chance?,0,0,,,,True,False,1936100102638326096,grok,,1936101212962930780,1936101212962930780,1,84,11,0,data/tweets.js,,"grok,millcreekview,esjesjesj",
1936101768875610377,TXTrickWhooper,2025-06-20T16:40:07Z,2025-06-20T11:40:07-05:00,,,False,2025,@mahaaaay Shoutout my genetics,0,0,,,,True,False,1936091348949483726,mahaaaay,,1936101768875610377,1936101768875610377,1,30,4,0,data/tweets.js,,mahaaaay,
1936102569236910448,TXTrickWhooper,2025-06-20T16:43:18Z,2025-06-20T11:43:18-05:00,,,False,2025,@LegionHoops @cjzero First time my man has ever shared the mic,0,0,,,,True,False,1935843002410582333,LegionHoops,,1936102569236910448,1936102569236910448,1,62,11,0,data/tweets.js,,"LegionHoops,cjzero",
1936104144462639213,TXTrickWhooper,2025-06-20T16:49:33Z,2025-06-20T11:49:33-05:00,,,False,2025,@lyssssnicole Depends what channels ur picking up on that bad boy of a mobile monitor,0,0,,,,True,False,1936076992857715187,lyssssnicole,,1936104144462639213,1936104144462639213,1,85,15,0,data/tweets.js,,lyssssnicole,
1936222389269893569,TXTrickWhooper,2025-06-21T00:39:25Z,2025-06-20T19:39:25-05:00,,,False,2025,@Hyperiya_ @grok @esjesjesj Than I’d be a larger man than I am,0,0,,,,True,False,1936203784000045479,okizemeee,,1936222389269893569,1936222389269893569,1,62,12,0,data/tweets.js,,"grok,esjesjesj",
1936348945023963439,TXTrickWhooper,2025-06-21T09:02:18Z,2025-06-21T04:02:18-05:00,,,False,2025,@Hyperiya_ @grok @esjesjesj Why do you think I got on the roids?,0,0,,,,True,False,1936288224613482594,okizemeee,,1936348945023963439,1936348945023963439,1,64,12,0,data/tweets.js,,"grok,esjesjesj",
1936349205708321271,TXTrickWhooper,2025-06-21T09:03:20Z,2025-06-21T04:03:20-05:00,,,False,2025,@elpinchefrooo @grok @esjesjesj I mean fuck dude imagine if someone did pull that shit tho I’d be pissed hahaha,0,0,,,,True,False,1936103063250469366,elpinchefrooo,,1936349205708321271,1936349205708321271,1,111,19,0,data/tweets.js,,"elpinchefrooo,grok,esjesjesj",
1936349601377755561,TXTrickWhooper,2025-06-21T09:04:55Z,2025-06-21T04:04:55-05:00,,,False,2025,"@skyexraine @grok @esjesjesj L’s are in the eyes of the beholder, just like ur looks",0,0,,,,True,False,1936112874482720798,skyexraine,,1936349601377755561,1936349601377755561,1,84,15,0,data/tweets.js,,"skyexraine,grok,esjesjesj",
1936350152286933246,TXTrickWhooper,2025-06-21T09:07:06Z,2025-06-21T04:07:06-05:00,,,False,2025,@elpinchefrooo @grok @esjesjesj That an operator of a suicide line should try their best to save whoever’s on the side regardless of sexual preferences?,0,0,,,,True,False,1936103387227164785,elpinchefrooo,,1936350152286933246,1936350152286933246,1,152,24,0,data/tweets.js,,"elpinchefrooo,grok,esjesjesj",
1936355253680492650,TXTrickWhooper,2025-06-21T09:27:22Z,2025-06-21T04:27:22-05:00,,,False,2025,@johnny_danziel Diabolical self-actualization,1,0,,,,True,False,1936165432127320221,johnny_danziel,,1936355253680492650,1936355253680492650,1,45,3,0,data/tweets.js,,johnny_danziel,
1936433246096814254,TXTrickWhooper,2025-06-21T14:37:17Z,2025-06-21T09:37:17-05:00,,,False,2025,@elonmusk Yeah I’ll believe it when I see it. Claude 4 and ChatGPT 4.1 are eons ahead of Grok,2,0,,,,True,False,1936333964693885089,elonmusk,,1936433246096814254,1936433246096814254,1,93,19,0,data/tweets.js,,elonmusk,
1936450503283519814,TXTrickWhooper,2025-06-21T15:45:52Z,2025-06-21T10:45:52-05:00,,,False,2025,@grok @jazl1yn @UnkleDell @gork @AskPerplexity Create an image of urself in timeout in the corner room with a dunce hat on in time out,4,0,,,,True,False,1936179027817250847,grok,,1936450503283519814,1936450503283519814,1,134,24,0,data/tweets.js,,"grok,UnkleDell,gork,AskPerplexity",
1936450788995256474,TXTrickWhooper,2025-06-21T15:47:00Z,2025-06-21T10:47:00-05:00,,,False,2025,@gork @grok @jazl1yn @UnkleDell @AskPerplexity You don’t even put dunce on the hat you dweeb @grok,0,0,,,,True,False,1936450603397632210,gork,,1936450788995256474,1936450788995256474,1,98,16,0,data/tweets.js,,"gork,grok,UnkleDell,AskPerplexity,grok",
1936462356415926715,TXTrickWhooper,2025-06-21T16:32:58Z,2025-06-21T11:32:58-05:00,,,False,2025,@ryndor472 @Hyperiya_ @grok @esjesjesj Yeah you’re right maybe I should just kill myself since there’s no hotline for straight people,0,0,,,,True,False,1936458505529233774,ryndor472,,1936462356415926715,1936462356415926715,1,133,20,0,data/tweets.js,,"ryndor472,grok,esjesjesj",
1936468738381054000,TXTrickWhooper,2025-06-21T16:58:19Z,2025-06-21T11:58:19-05:00,,,False,2025,@tay_lortab You dodged a bullet he’s a YouTube tv guy,0,0,,,,True,False,1936208445231054968,tay_lortab,,1936468738381054000,1936468738381054000,1,53,10,0,data/tweets.js,,tay_lortab,
1936507603833770106,TXTrickWhooper,2025-06-21T19:32:45Z,2025-06-21T14:32:45-05:00,,,False,2025,@Hyperiya_ @ryndor472 @grok @esjesjesj Not as bad as you apparently or you’d still have a dick,0,0,,,,True,False,1936502670896017699,okizemeee,,1936507603833770106,1936507603833770106,1,94,16,0,data/tweets.js,,"ryndor472,grok,esjesjesj",
1936508242705690650,TXTrickWhooper,2025-06-21T19:35:18Z,2025-06-21T14:35:18-05:00,,,False,2025,@ayeejuju https://t.co/rAG62eeJu5,0,0,,,,True,False,1936507043910992258,ayeejuju,,1936508242705690650,1936508242705690650,1,33,2,1,data/tweets.js,,ayeejuju,
1936514670568919311,TXTrickWhooper,2025-06-21T20:00:50Z,2025-06-21T15:00:50-05:00,,,False,2025,@wh0r30z Luckily this white boy has two💪,0,0,,,,True,False,1936251044649996609,wh0r30z,,1936514670568919311,1936514670568919311,1,40,7,0,data/tweets.js,,wh0r30z,
1936516706819817919,TXTrickWhooper,2025-06-21T20:08:56Z,2025-06-21T15:08:56-05:00,,,False,2025,@TalkinBaseball_ His pitching resembles my golf drives,1,0,,,,True,False,1936510739826512140,TalkinBaseball_,,1936516706819817919,1936516706819817919,1,54,7,0,data/tweets.js,,TalkinBaseball_,
1936517178603290722,TXTrickWhooper,2025-06-21T20:10:48Z,2025-06-21T15:10:48-05:00,,,False,2025,@TalkinBaseball_ Short arm with no follow through just ain’t gonna do,2,0,,,,True,False,1936510739826512140,TalkinBaseball_,,1936517178603290722,1936517178603290722,1,69,11,0,data/tweets.js,,TalkinBaseball_,
1936540075111907651,TXTrickWhooper,2025-06-21T21:41:47Z,2025-06-21T16:41:47-05:00,,,False,2025,RT @awfulannouncing: A VERY painful 31 seconds of silence after Chip Caray accidentally says slur while reading Disability Pride promo... h…,0,0,,,,False,False,,,,1936540075111907651,1936540075111907651,1,140,21,0,data/tweets.js,,awfulannouncing,
1936562025758355892,TXTrickWhooper,2025-06-21T23:09:01Z,2025-06-21T18:09:01-05:00,,,False,2025,@grok @SquagRider @beyoncegarden Make sure he has a go pro attached to his head to so he can film the interaction for future traffic court evidence @grok,1,0,,,,True,False,1936408561850233328,grok,,1936562025758355892,1936562025758355892,1,153,27,0,data/tweets.js,,"grok,SquagRider,beyoncegarden,grok",
1936562260157075917,TXTrickWhooper,2025-06-21T23:09:57Z,2025-06-21T18:09:57-05:00,,,False,2025,@grok @SquagRider @beyoncegarden Much better!,0,0,,,,True,False,1936562109736943951,grok,,1936562260157075917,1936562260157075917,1,45,5,0,data/tweets.js,,"grok,SquagRider,beyoncegarden",
1936562800522072297,TXTrickWhooper,2025-06-21T23:12:05Z,2025-06-21T18:12:05-05:00,,,False,2025,@brittanypls_ @beyoncegarden New York ppl thinking they are some version of “hard” has always been wild,0,0,,,,True,False,1936333746229137533,brittanypls_,,1936562800522072297,1936562800522072297,1,103,16,0,data/tweets.js,,"brittanypls_,beyoncegarden",
1936841616037138928,TXTrickWhooper,2025-06-22T17:40:00Z,2025-06-22T12:40:00-05:00,,,False,2025,@grok @jay_nown @SquagRider @beyoncegarden Make him fatter @grok,0,0,,,,True,False,1936841439499162005,grok,,1936841616037138928,1936841616037138928,1,64,8,0,data/tweets.js,,"grok,jay_nown,SquagRider,beyoncegarden,grok",
1936851764428280038,TXTrickWhooper,2025-06-22T18:20:20Z,2025-06-22T13:20:20-05:00,,,False,2025,@mahaaaay I would marry a woman for suggesting this at all much less attending solo,1,0,,,,True,False,1936849987469820130,mahaaaay,,1936851764428280038,1936851764428280038,1,83,15,0,data/tweets.js,,mahaaaay,
1936856186868916483,TXTrickWhooper,2025-06-22T18:37:54Z,2025-06-22T13:37:54-05:00,,,False,2025,@Topps @livvydunne @MLB Anyone worrying about the validity of this video is missing the point of Livvy Dunne videos,0,0,,,,True,False,1936817251807838501,Topps,,1936856186868916483,1936856186868916483,1,115,19,0,data/tweets.js,,"Topps,livvydunne,MLB",
1936861872885514400,TXTrickWhooper,2025-06-22T19:00:30Z,2025-06-22T14:00:30-05:00,,,False,2025,@xonmychest @stankdoodoo @xsf19705 @SYeezy05 @YnUnstable Found the child George W Bush left behind,0,0,,,,True,False,1936836063428784330,xonmychest,,1936861872885514400,1936861872885514400,1,98,13,0,data/tweets.js,,"xonmychest,stankdoodoo,xsf19705,SYeezy05,YnUnstable",
1936879900389957863,TXTrickWhooper,2025-06-22T20:12:08Z,2025-06-22T15:12:08-05:00,,,False,2025,@stankdoodoo @xonmychest @xsf19705 @SYeezy05 @YnUnstable It wasn’t a joke https://t.co/eviwBHKv0r,1,0,,,,True,False,1936863594374627678,stankdoodoo,,1936879900389957863,1936879900389957863,1,97,10,1,data/tweets.js,,"stankdoodoo,xonmychest,xsf19705,SYeezy05,YnUnstable",
1936890281900560474,TXTrickWhooper,2025-06-22T20:53:23Z,2025-06-22T15:53:23-05:00,,,False,2025,@littlecutieTori 🪵,0,0,,,,True,False,1936585882263249202,itsaramuat,,1936890281900560474,1936890281900560474,1,18,2,0,data/tweets.js,,,
1937336616424489336,TXTrickWhooper,2025-06-24T02:26:57Z,2025-06-23T21:26:57-05:00,,,False,2025,@GryffinnLoL Impeccable instincts with the ball knowledge here sir,0,0,,,,True,False,1937006885904998716,gryffinn,,1937336616424489336,1937336616424489336,1,66,9,0,data/tweets.js,,,
1937590139816984763,TXTrickWhooper,2025-06-24T19:14:22Z,2025-06-24T14:14:22-05:00,,,False,2025,@chiyohss @InTheoryChaotic @ecareyo Industry plant,8,0,,,,True,False,1937506438836027576,,,1937590139816984763,1937590139816984763,1,50,5,0,data/tweets.js,,ecareyo,
1937595513148219509,TXTrickWhooper,2025-06-24T19:35:43Z,2025-06-24T14:35:43-05:00,,,False,2025,@JeremyMonjo I tried so hard to like this show but it’s just not funny or endearing or honestly interesting at all,0,0,,,,True,False,1937351958291185792,JeremyMonjo,,1937595513148219509,1937595513148219509,1,114,21,0,data/tweets.js,,JeremyMonjo,
1937597010909016253,TXTrickWhooper,2025-06-24T19:41:40Z,2025-06-24T14:41:40-05:00,,,False,2025,@mahaaaay I would but I morph into Jonah Hill in Superbad any time I’m presented with a blank canvas,1,0,,,,True,False,1937336146997993724,mahaaaay,,1937597010909016253,1937597010909016253,1,100,19,0,data/tweets.js,,mahaaaay,
1937599835156414706,TXTrickWhooper,2025-06-24T19:52:54Z,2025-06-24T14:52:54-05:00,,,False,2025,@themeredith They took #ArchitecturePorn a lil too serious,1,0,,,,True,False,1937314153603154000,noyeahobviously,,1937599835156414706,1937599835156414706,1,58,8,0,data/tweets.js,ArchitecturePorn,themeredith,
1937600346836119707,TXTrickWhooper,2025-06-24T19:54:56Z,2025-06-24T14:54:56-05:00,,,False,2025,@capsinfour “The Son” by Phillip Meyer and “The Things They Carried” by Tim O’Brien are both top notch literature,1,0,,,,True,False,1937337072328511720,capsinfour,,1937600346836119707,1937600346836119707,1,113,19,0,data/tweets.js,,capsinfour,
1937602598183535096,TXTrickWhooper,2025-06-24T20:03:52Z,2025-06-24T15:03:52-05:00,,,False,2025,"@littlecutieTori @its_lindz Loads of German immigrants migrated to Texas and elsewhere in the 1840s-1850s. German free-thinkers are even credited with shaping Texas higher education.

In Boerne they even have a rare 1614 Low German Bible (1 of 7 in existence) that wasn’t rediscovered until 1950",3,0,,,,True,False,1937597316141318280,itsaramuat,,1937602598183535096,1937602598183535096,2,296,45,0,data/tweets.js,,its_lindz,
1937602635105698129,TXTrickWhooper,2025-06-24T20:04:01Z,2025-06-24T15:04:01-05:00,,,False,2025,@littlecutieTori @its_lindz https://t.co/cY1BkGhthq,1,0,,,,True,True,1937602598183535096,TXTrickWhooper,,1937602598183535096,1937602598183535096,2,51,3,0,data/tweets.js,,its_lindz,https://www.tpr.org/arts-culture/2025-06-09/the-mystery-of-boernes-ancient-bible-ho-brought-it-there?_amp=true
1937674489715740989,TXTrickWhooper,2025-06-25T00:49:33Z,2025-06-24T19:49:33-05:00,,,False,2025,@baja_my_blast Never memorized my periodic table but sounds like a sexually fluid molecule by my best estimate,1,0,,,,True,False,1937516018512826733,bajab2b,,1937674489715740989,1937674489715740989,2,110,17,0,data/tweets.js,,,
1937674627842736172,TXTrickWhooper,2025-06-25T00:50:06Z,2025-06-24T19:50:06-05:00,,,False,2025,@baja_my_blast (trust me i got a 73 in high school chemistry),1,0,,,,True,True,1937674489715740989,TXTrickWhooper,,1937674489715740989,1937674489715740989,2,61,11,0,data/tweets.js,,,
1937697124122059183,TXTrickWhooper,2025-06-25T02:19:29Z,2025-06-24T21:19:29-05:00,,,False,2025,NADO FOR THE WIN! @Cardinals,0,0,,,,False,False,,,,1937697124122059183,1937697124122059183,1,28,5,0,data/tweets.js,,Cardinals,
1937967024812015822,TXTrickWhooper,2025-06-25T20:11:59Z,2025-06-25T15:11:59-05:00,,,False,2025,"RT @AnthropicAI: Introducing two new ways to create with Claude:

A dedicated space for building, hosting, and sharing artifacts, and the a…",0,0,,,,False,False,,,,1937967024812015822,1937967024812015822,1,140,22,0,data/tweets.js,,AnthropicAI,
1937968789301153995,TXTrickWhooper,2025-06-25T20:18:59Z,2025-06-25T15:18:59-05:00,,,False,2025,It’s so over for #coding and #Engineering nerds in #STEM https://t.co/Lo5zB1IoFc,0,0,,,,False,False,,,,1937968789301153995,1937968789301153995,1,80,11,0,data/tweets.js,"coding,Engineering,STEM",,https://x.com/AnthropicAI/status/1937921801000219041
1937973171769995578,TXTrickWhooper,2025-06-25T20:36:24Z,2025-06-25T15:36:24-05:00,,,False,2025,@CrunchCardwell @mahaaaay If you’re ginga you gucci,0,0,,,,True,False,1937915454372151557,CrunchCardwell,,1937973171769995578,1937973171769995578,1,51,7,0,data/tweets.js,,"CrunchCardwell,mahaaaay",
1938150408691614025,TXTrickWhooper,2025-06-26T08:20:41Z,2025-06-26T03:20:41-05:00,,,False,2025,@traderjoeslut Slim &amp; Thick❤️ https://t.co/o1JMVoLgP3,0,0,,,,True,False,1938010726788174040,traderjoeslut,,1938150408691614025,1938150408691614025,1,57,5,1,data/tweets.js,,traderjoeslut,
1939098278189998580,TXTrickWhooper,2025-06-28T23:07:10Z,2025-06-28T18:07:10-05:00,,,False,2025,@dstexas01 @NoahsArkc @1045espn @Vern_Funquist @SECUnfiltered @finebaum @MichaelWBratton @CFBHome @FortyAcreVibes @CourtAnne1225 @jontweetssports @BoardGeniuses Don’t forget Jon Hamm,1,0,,,,True,False,1938812764434448704,dstexas01,,1939098278189998580,1939098278189998580,1,182,16,0,data/tweets.js,,"dstexas01,NoahsArkc,1045espn,Vern_Funquist,SECUnfiltered,finebaum,MichaelWBratton,CFBHome,FortyAcreVibes,CourtAnne1225,jontweetssports,BoardGeniuses",
1939103121478697331,TXTrickWhooper,2025-06-28T23:26:25Z,2025-06-28T18:26:25-05:00,,,False,2025,@DHSgov No idea what this means but damn I wish it was #FlatFuckFriday @GatorsDaily,1,0,,,,True,False,1939034194979455282,DHSgov,,1939103121478697331,1939103121478697331,1,83,14,0,data/tweets.js,FlatFuckFriday,"DHSgov,GatorsDaily",
1939108750029127945,TXTrickWhooper,2025-06-28T23:48:47Z,2025-06-28T18:48:47-05:00,,,False,2025,@AB84 @TiffanyFong_ Yo AB thanks again for saving my Nana and two kittens from that house fire bro,0,0,,,,True,False,1939106455338033613,AB84,,1939108750029127945,1939108750029127945,1,98,18,0,data/tweets.js,,AB84,
1939186643413377342,TXTrickWhooper,2025-06-29T04:58:18Z,2025-06-28T23:58:18-05:00,,,False,2025,@joeluber24 @grok can u bring some insights to the chat?,0,0,,,,True,False,1938999824910610922,joeluber24,,1939186643413377342,1939186643413377342,1,56,10,0,data/tweets.js,,"joeluber24,grok",
1939852475978424826,TXTrickWhooper,2025-07-01T01:04:05Z,2025-06-30T20:04:05-05:00,,,False,2025,@dinosaurs1969 Hombre,0,0,,,,True,False,1939398694010261705,dinosaurs1969,,1939852475978424826,1939852475978424826,1,21,2,0,data/tweets.js,,dinosaurs1969,
1942789338783428763,TXTrickWhooper,2025-07-09T03:34:08Z,2025-07-08T22:34:08-05:00,,,False,2025,@our_decay @grok you are a slut,0,0,,,,True,False,1942304954573607040,our_decay,,1942789338783428763,1942789338783428763,1,31,6,0,data/tweets.js,,"our_decay,grok",
1945353656003354718,TXTrickWhooper,2025-07-16T05:23:49Z,2025-07-16T00:23:49-05:00,,,False,2025,@AstrosBrain @grok @MadMaxCrypto08 @CJVogel_OTF @SEC He just murked ur ass on some Lone Star Showdown lore @grok,0,0,,,,True,False,1945250621294080502,AstrosBrain,,1945353656003354718,1945353656003354718,1,112,17,0,data/tweets.js,,"AstrosBrain,grok,MadMaxCrypto08,CJVogel_OTF,SEC,grok",
1945596190575280545,TXTrickWhooper,2025-07-16T21:27:33Z,2025-07-16T16:27:33-05:00,,,False,2025,"Unlocked the Rocket finally in The Smade my first ranked season start. Hoping the man himself is out there somewhere proud of out-dueling Nolan

P.S. @rogerclemens he quit or you know we would’ve been riding or dying on that complete game shutout action https://t.co/dtWiliMFio",0,0,,,,False,False,,,,1945596190575280545,1945596190575280545,1,278,44,1,data/tweets.js,,rogerclemens,
1945861244444868790,TXTrickWhooper,2025-07-17T15:00:47Z,2025-07-17T10:00:47-05:00,,,False,2025,@avbebop https://t.co/sUuuh0IVuH,1,0,,,,True,False,1945841509485478336,avbebop,,1945861244444868790,1945861244444868790,1,32,2,1,data/tweets.js,,avbebop,
1945888384112628022,TXTrickWhooper,2025-07-17T16:48:38Z,2025-07-17T11:48:38-05:00,,,False,2025,@Midgirlsarah_ @avbebop This one also would’ve been appropriate https://t.co/ARLFiPjZwm,0,0,,,,True,False,1945869515645985258,Midgirlsarah_,,1945888384112628022,1945888384112628022,1,87,9,1,data/tweets.js,,"Midgirlsarah_,avbebop",
1945942130452562414,TXTrickWhooper,2025-07-17T20:22:12Z,2025-07-17T15:22:12-05:00,,,False,2025,@avbebop Hi I’m Bubbles,0,0,,,,True,False,1945888662870274050,avbebop,,1945942130452562414,1945942130452562414,1,23,4,0,data/tweets.js,,avbebop,
1946513369080410398,TXTrickWhooper,2025-07-19T10:12:06Z,2025-07-19T05:12:06-05:00,,,False,2025,@Liberty17768 @WillosOther @TerribleMaps Texas has influences of the South but is certainly not Deep South; it’s wholly unique in its own right,0,0,,,,True,False,1946386561941356700,Liberty17768,,1946513369080410398,1946513369080410398,1,143,22,0,data/tweets.js,,"Liberty17768,WillosOther,TerribleMaps",
1946518734744518661,TXTrickWhooper,2025-07-19T10:33:25Z,2025-07-19T05:33:25-05:00,,,False,2025,@arrtnem @11kmrn Just buy a hooker man they’re all over this site,0,0,,,,True,False,1946363565205754362,arrtnem,,1946518734744518661,1946518734744518661,1,65,12,0,data/tweets.js,,"arrtnem,11kmrn",
1946857607718645931,TXTrickWhooper,2025-07-20T08:59:59Z,2025-07-20T03:59:59-05:00,,,False,2025,@m_jeniagd @traderjoeslut I’m praying it’s not exactly what it sounds like,1,0,,,,True,False,1946710595677409323,m_jeniagd,,1946857607718645931,1946857607718645931,1,74,11,0,data/tweets.js,,"m_jeniagd,traderjoeslut",
1946878787389378825,TXTrickWhooper,2025-07-20T10:24:08Z,2025-07-20T05:24:08-05:00,,,False,2025,@Mid30sManhattan @biggynotsmall We just out here trynna save the planet,0,0,,,,True,False,1946634914335473838,Mid30sManhattan,,1946878787389378825,1946878787389378825,1,71,10,0,data/tweets.js,,"Mid30sManhattan,biggynotsmall",
1946884273857769645,TXTrickWhooper,2025-07-20T10:45:56Z,2025-07-20T05:45:56-05:00,,,False,2025,@NotGreenGooner @baja_my_blast Personally I’d hit it regardless of circumstance,0,0,,,,True,False,1946626713640701972,NotGreenGooner,,1946884273857769645,1946884273857769645,1,79,9,0,data/tweets.js,,NotGreenGooner,
1947593931262189628,TXTrickWhooper,2025-07-22T09:45:52Z,2025-07-22T04:45:52-05:00,,,False,2025,@avbebop I’ll let those hips rock me like a hurricane,0,0,,,,True,False,1947465549262557396,avbebop,,1947593931262189628,1947593931262189628,1,53,10,0,data/tweets.js,,avbebop,
1947601369697030570,TXTrickWhooper,2025-07-22T10:15:25Z,2025-07-22T05:15:25-05:00,,,False,2025,@Iwillbenice3 @Rothmus Never go out with mine,4,0,,,,True,False,1947292441695883585,Iwillbenice3,,1947601369697030570,1947601369697030570,1,45,7,0,data/tweets.js,,"Iwillbenice3,Rothmus",
1947849684506341862,TXTrickWhooper,2025-07-23T02:42:08Z,2025-07-22T21:42:08-05:00,,,False,2025,@mahaaaay John actually,0,0,,,,True,False,1947847715989094888,mahaaaay,,1947849684506341862,1947849684506341862,1,23,3,0,data/tweets.js,,mahaaaay,
1949406391191347232,TXTrickWhooper,2025-07-27T09:47:56Z,2025-07-27T04:47:56-05:00,,,False,2025,"@0xIQzz @redactedrain @grok @grok can you stress test, bias check, and brainstorm onwhat he thinks it should be as a second opinion?",0,0,,,,True,False,1949205100008022438,0xIQzz,,1949406391191347232,1949406391191347232,1,132,22,0,data/tweets.js,,"0xIQzz,redactedrain,grok,grok",
1949406536033243175,TXTrickWhooper,2025-07-27T09:48:31Z,2025-07-27T04:48:31-05:00,,,False,2025,@DARCSNOOPY @0xIQzz @redactedrain @grok @grok how would you respond?,0,0,,,,True,False,1949279855322763565,DARCSNOOPY,,1949406536033243175,1949406536033243175,1,68,9,0,data/tweets.js,,"DARCSNOOPY,0xIQzz,redactedrain,grok,grok",
1949823013504848023,TXTrickWhooper,2025-07-28T13:23:27Z,2025-07-28T08:23:27-05:00,,,False,2025,@Sauers_ Yeah no ChatGPT 4.1 Agent Mode is the move,1,0,,,,True,False,1949640098980802831,Sauers_,,1949823013504848023,1949823013504848023,1,51,10,0,data/tweets.js,,Sauers_,
1953457684641939929,TXTrickWhooper,2025-08-07T14:06:20Z,2025-08-07T09:06:20-05:00,,,False,2025,@OpenAI Imma have Agent Mode watch and take notes for me,0,0,,,,True,False,1953139020231569685,OpenAI,,1953457684641939929,1953457684641939929,1,56,11,0,data/tweets.js,,OpenAI,
1953501432478392705,TXTrickWhooper,2025-08-07T17:00:10Z,2025-08-07T12:00:10-05:00,,,False,2025,@OpenAI I’m rock hard,0,0,,,,True,False,1953498900230250850,OpenAI,,1953501432478392705,1953501432478392705,1,21,4,0,data/tweets.js,,OpenAI,
1953502570174910604,TXTrickWhooper,2025-08-07T17:04:41Z,2025-08-07T12:04:41-05:00,,,False,2025,@OpenAI Do we have to wait till the end of ur dumb live chat for GPT-5 to drop? My balls are bluer than a crispy coors light,1,0,,,,True,False,1953498900230250850,OpenAI,,1953502570174910604,1953502570174910604,1,124,27,0,data/tweets.js,,OpenAI,
1953503757506851107,TXTrickWhooper,2025-08-07T17:09:24Z,2025-08-07T12:09:24-05:00,,,False,2025,@sama Tell the Asian chick on the right that she’s a San Fran 10,0,0,,,,True,False,1953503136137838826,sama,,1953503757506851107,1953503757506851107,1,64,14,0,data/tweets.js,,sama,
1953609103903011090,TXTrickWhooper,2025-08-08T00:08:01Z,2025-08-07T19:08:01-05:00,,,False,2025,@OnlyBangersEth Low man wins. He stood his ground,0,0,,,,True,False,1953280485443924439,OnlyBangersEth,,1953609103903011090,1953609103903011090,1,49,8,0,data/tweets.js,,OnlyBangersEth,
1956007036702831050,TXTrickWhooper,2025-08-14T14:56:33Z,2025-08-14T09:56:33-05:00,,,False,2025,@cucumberPhD Mandarin is my muse,0,0,,,,True,False,1956002152981180895,cucumberPhD,,1956007036702831050,1956007036702831050,1,32,5,0,data/tweets.js,,cucumberPhD,
1956009383340466203,TXTrickWhooper,2025-08-14T15:05:52Z,2025-08-14T10:05:52-05:00,,,False,2025,@thiccenloans Mud island looks beautiful this time of year,3,0,,,,True,False,1955741892836253785,thiccenloans,,1956009383340466203,1956009383340466203,1,58,9,0,data/tweets.js,,thiccenloans,
1956383909043638589,TXTrickWhooper,2025-08-15T15:54:06Z,2025-08-15T10:54:06-05:00,,,False,2025,@TalkinBaseball_ @trevorplouffe :/ https://t.co/c8rUI0hg3M,0,0,,,,True,False,1956115341131624878,TalkinBaseball_,,1956383909043638589,1956383909043638589,1,58,4,1,data/tweets.js,,"TalkinBaseball_,trevorplouffe",
1956393397394051296,TXTrickWhooper,2025-08-15T16:31:48Z,2025-08-15T11:31:48-05:00,,,False,2025,"@KingofJUCO Which is 75 MPH from the average 12U mound distance.

This kid is above average for his age for sure, but NO ONE is turning their head in your local select tourney for that velo…. https://t.co/SshgDy36xW",1,0,,,,True,False,1956165898508886193,KingofJUCO,,1956393397394051296,1956393397394051296,2,215,37,2,data/tweets.js,,KingofJUCO,
1956394244043952470,TXTrickWhooper,2025-08-15T16:35:10Z,2025-08-15T11:35:10-05:00,,,False,2025,@KingofJUCO Side note: this kid could probably pick up a few MPH if he had a lil more leg drive,0,0,,,,True,True,1956393397394051296,TXTrickWhooper,,1956393397394051296,1956393397394051296,2,95,20,0,data/tweets.js,,KingofJUCO,
1956487323681460269,TXTrickWhooper,2025-08-15T22:45:02Z,2025-08-15T17:45:02-05:00,,,False,2025,@dshyminsky @KingofJUCO I’m no tech specialist but something tells me they weren’t gunning out of the hand https://t.co/bX7KD2OSEZ,0,0,,,,True,False,1956467580849246212,dshyminsky,,1956487323681460269,1956487323681460269,1,130,18,1,data/tweets.js,,"dshyminsky,KingofJUCO",
1956753981008425284,TXTrickWhooper,2025-08-16T16:24:38Z,2025-08-16T11:24:38-05:00,,,False,2025,@ai_for_success @OpenAIDevs Claude Code is an impeccable product,0,0,,,,True,False,1956439317561438391,ai_for_success,,1956753981008425284,1956753981008425284,1,64,8,0,data/tweets.js,,"ai_for_success,OpenAIDevs",
1956819931586023550,TXTrickWhooper,2025-08-16T20:46:42Z,2025-08-16T15:46:42-05:00,,,False,2025,"@Porpoisin @diegocabezas01 Legitimately, what reason on god’s green earth would you have for not enabling it?",2,0,,,,True,False,1956752560766816267,,,1956819931586023550,1956819931586023550,1,109,16,0,data/tweets.js,,diegocabezas01,
1956820669565427811,TXTrickWhooper,2025-08-16T20:49:38Z,2025-08-16T15:49:38-05:00,,,False,2025,@RyanTheZilla @diegocabezas01 He kinda cooked ur ass,2,0,,,,True,False,1956802591829922121,RyanTheZilla,,1956820669565427811,1956820669565427811,1,52,7,0,data/tweets.js,,"RyanTheZilla,diegocabezas01",
1958374222277099615,TXTrickWhooper,2025-08-21T03:42:54Z,2025-08-20T22:42:54-05:00,,,False,2025,@VraserX @grok explain this like I only took intro to math in college (I did and I sucked),0,0,,,,True,False,1958211800547074548,VraserX,,1958374222277099615,1958374222277099615,1,90,18,0,data/tweets.js,,"VraserX,grok",
1958374723198255496,TXTrickWhooper,2025-08-21T03:44:53Z,2025-08-20T22:44:53-05:00,,,False,2025,@grok @VraserX @grok dumb it down more pls. What r the implications,0,0,,,,True,False,1958374460857393242,grok,,1958374723198255496,1958374723198255496,1,67,12,0,data/tweets.js,,"grok,VraserX,grok",
1962381102653268382,TXTrickWhooper,2025-09-01T05:04:48Z,2025-09-01T00:04:48-05:00,,,False,2025,"RT @BISportsIntel: Week 1 recap of #CollegeFootball implications and results:

https://t.co/omfZFP6ltW",0,0,,,,False,False,,,,1962381102653268382,1962381102653268382,1,102,11,0,data/tweets.js,CollegeFootball,BISportsIntel,https://blaze-intelligence-lsl.pages.dev/blog-cfb-week1-2025
1963054783411146959,TXTrickWhooper,2025-09-03T01:41:46Z,2025-09-02T20:41:46-05:00,,,False,2025,@GFuelEnergy @grok wtf is G Fuel,0,0,,,,True,False,1963029237167771805,GFuelEnergy,,1963054783411146959,1963054783411146959,1,32,6,0,data/tweets.js,,"GFuelEnergy,grok",
1963055214514339973,TXTrickWhooper,2025-09-03T01:43:29Z,2025-09-02T20:43:29-05:00,,,False,2025,@PeightonTubre Happy 21st Peighton,3,0,,,,True,False,1963054032395894910,PeightonTubre,,1963055214514339973,1963055214514339973,1,34,4,0,data/tweets.js,,PeightonTubre,
1963163499447648755,TXTrickWhooper,2025-09-03T08:53:46Z,2025-09-03T03:53:46-05:00,,,False,2025,"@NFL_DovKleiman ???? One pass (same as ur brain cell count) is your sample size is here, Dov.",0,0,,,,True,False,1963056601620701211,NFL_DovKleiman,,1963163499447648755,1963163499447648755,1,93,17,0,data/tweets.js,,NFL_DovKleiman,
1963321721416814871,TXTrickWhooper,2025-09-03T19:22:29Z,2025-09-03T14:22:29-05:00,,,False,2025,@ClayTravis Lil homie for real got the same breakfast schedule as me. Strips and a iced coffee hit different before 10:30 in the am,1,0,,,,True,False,1963009317294207243,ClayTravis,,1963321721416814871,1963321721416814871,1,131,24,0,data/tweets.js,,ClayTravis,
1963323910801223734,TXTrickWhooper,2025-09-03T19:31:11Z,2025-09-03T14:31:11-05:00,,,False,2025,RT @wggchrisp: NFL Redzone in 2025 https://t.co/mKdm9n3IKC,0,0,,,,False,False,,,,1963323910801223734,1963323910801223734,1,58,7,1,data/tweets.js,,wggchrisp,
1963337186994233714,TXTrickWhooper,2025-09-03T20:23:57Z,2025-09-03T15:23:57-05:00,,,False,2025,"@OpenAI 40 larger files per project, as in you’ll be able to upload more than 40 files total?",1,0,,,,True,False,1963329936368046111,OpenAI,,1963337186994233714,1963337186994233714,1,93,18,0,data/tweets.js,,OpenAI,
1963386492660649995,TXTrickWhooper,2025-09-03T23:39:52Z,2025-09-03T18:39:52-05:00,,,False,2025,@thekyleyates Tits to the Ship,0,0,,,,True,False,1963058567675539839,thekyleyates,,1963386492660649995,1963386492660649995,1,30,5,0,data/tweets.js,,thekyleyates,
1963408257516736759,TXTrickWhooper,2025-09-04T01:06:21Z,2025-09-03T20:06:21-05:00,,,False,2025,@nickercolano Now show the backs and bench filled out,0,0,,,,True,False,1963049172577239309,nickercolano,,1963408257516736759,1963408257516736759,1,53,9,0,data/tweets.js,,nickercolano,
1965794377730785485,TXTrickWhooper,2025-09-10T15:07:57Z,2025-09-10T10:07:57-05:00,,,False,2025,Classic Pornhub comments section #LoveToSeeIt https://t.co/u0N56Qz2Mm,0,0,,,,False,False,,,,1965794377730785485,1965794377730785485,1,69,6,1,data/tweets.js,LoveToSeeIt,,
1966009505738596614,TXTrickWhooper,2025-09-11T05:22:47Z,2025-09-11T00:22:47-05:00,,,False,2025,@DailyLoud Ayyyy I used to see the homie errywhere in college at Texas. I’d tell homie us short fellas gotta stick together😂,0,0,,,,True,False,1965952936514826636,DailyLoud,,1966009505738596614,1966009505738596614,1,124,22,0,data/tweets.js,,DailyLoud,
1967652202035777571,TXTrickWhooper,2025-09-15T18:10:16Z,2025-09-15T13:10:16-05:00,,,False,2025,"@MGSFan487 @BFW Lamar Jackson barely has the arm to get the ball outside of the hashes. Hell, if you’re going by QBR he’s actually not even the best in his backfield (Henry)",0,0,,,,True,False,1967333257865048332,MGSFan487,,1967652202035777571,1967652202035777571,1,173,32,0,data/tweets.js,,"MGSFan487,BFW",
1968098920632099174,TXTrickWhooper,2025-09-16T23:45:22Z,2025-09-16T18:45:22-05:00,,,False,2025,@claudeai Are y’all ever gonna fix the desktop and mobile app? It’s been days since I’ve been able to send a message on it,0,0,,,,True,False,1967998397136408954,claudeai,,1968098920632099174,1968098920632099174,1,122,24,0,data/tweets.js,,claudeai,
1969893439270719489,TXTrickWhooper,2025-09-21T22:36:09Z,2025-09-21T17:36:09-05:00,,,False,2025,@PolymarketBlitz This is literally just a big nasty doing big nasty things nothing wrong with it,2,0,,,,True,False,1969606441167438140,PolymarketBlitz,,1969893439270719489,1969893439270719489,1,96,16,0,data/tweets.js,,PolymarketBlitz,
1970917492110524812,TXTrickWhooper,2025-09-24T18:25:22Z,2025-09-24T13:25:22-05:00,,,False,2025,@AnthropicAI Is my Claude app ever going to work again?,2,0,,,,True,False,1970907112831328296,AnthropicAI,,1970917492110524812,1970917492110524812,1,55,10,0,data/tweets.js,,AnthropicAI,
1971060853748400150,TXTrickWhooper,2025-09-25T03:55:02Z,2025-09-24T22:55:02-05:00,,,False,2025,@claudeai Yeah I can’t do this because my Claude app hasn’t worked in 3 weeks pls fix it,0,0,,,,True,False,1970945185916809533,claudeai,,1971060853748400150,1971060853748400150,1,88,18,0,data/tweets.js,,claudeai,
1971749361110626509,TXTrickWhooper,2025-09-27T01:30:55Z,2025-09-26T20:30:55-05:00,,,False,2025,@MissMi1973 @ramiabih It’s more shameful to deny😂,1,0,,,,True,False,1971588725391187990,MissMi1973,,1971749361110626509,1971749361110626509,1,49,7,0,data/tweets.js,,"MissMi1973,ramiabih",
1971784624235012175,TXTrickWhooper,2025-09-27T03:51:03Z,2025-09-26T22:51:03-05:00,,,False,2025,RT @kelseytayorr: there are cathedrals everywhere for those with the eyes to see,0,0,,,,False,False,,,,1971784624235012175,1971784624235012175,1,80,13,0,data/tweets.js,,kelseytayorr,
1972498870044336603,TXTrickWhooper,2025-09-29T03:09:12Z,2025-09-28T22:09:12-05:00,,,False,2025,RT @bigcontentguy: i bet skattebo couldn’t tie his shoes until 7th grade. he rules so hard,0,0,,,,False,False,,,,1972498870044336603,1972498870044336603,1,90,16,0,data/tweets.js,,bigcontentguy,
1974942979489227098,TXTrickWhooper,2025-10-05T21:01:13Z,2025-10-05T16:01:13-05:00,,,False,2025,Why are all my teams so awful :(,0,0,,,,False,False,,,,1974942979489227098,1974942979489227098,1,32,8,0,data/tweets.js,,,
1976765219436478901,TXTrickWhooper,2025-10-10T21:42:09Z,2025-10-10T16:42:09-05:00,,,False,2025,"The new girl at my location is a total stunner (inside and out).

Congrats on another impressive top-tier hire @ChickfilA y’all really don’t miss",1,0,,,,False,False,,,,1976765219436478901,1976765219436478901,1,146,24,0,data/tweets.js,,ChickfilA,
1977102904143364290,TXTrickWhooper,2025-10-11T20:03:59Z,2025-10-11T15:03:59-05:00,,,False,2025,"@LindyTasteful Save a horse, ride a Longhorn🤘",6,0,,,,True,False,1977022467710632332,LindyTasteful,,1977102904143364290,1977102904143364290,1,45,7,0,data/tweets.js,,LindyTasteful,
1977489394882785349,TXTrickWhooper,2025-10-12T21:39:46Z,2025-10-12T16:39:46-05:00,,,False,2025,"@FrankBu08122914 @barstoolsports Truly insightful, Frank",0,0,,,,True,False,1977234383804240176,FrankBu08122914,,1977489394882785349,1977489394882785349,1,56,5,0,data/tweets.js,,"FrankBu08122914,barstoolsports",
1977548671429616045,TXTrickWhooper,2025-10-13T01:35:19Z,2025-10-12T20:35:19-05:00,,,False,2025,RT @philliydude: i love when pitchers are absolute psychopaths man,0,0,,,,False,False,,,,1977548671429616045,1977548671429616045,1,66,10,0,data/tweets.js,,philliydude,
1977549456368124034,TXTrickWhooper,2025-10-13T01:38:26Z,2025-10-12T20:38:26-05:00,,,False,2025,"@Jim22Palmer @philliydude Who was the farthest off his rocker you've ever seen play, Jimmy?",1,0,,,,True,False,1977114163089674375,Jim22Palmer,,1977549456368124034,1977549456368124034,1,91,14,0,data/tweets.js,,"Jim22Palmer,philliydude",
1977830090034786355,TXTrickWhooper,2025-10-13T20:13:34Z,2025-10-13T15:13:34-05:00,,,False,2025,@NFL Bout time they canned his ass (seriously tho good luck wherever he ends up),0,0,,,,True,False,1977795174848688616,NFL,,1977830090034786355,1977830090034786355,1,80,15,0,data/tweets.js,,NFL,
1977830130543460786,TXTrickWhooper,2025-10-13T20:13:44Z,2025-10-13T15:13:44-05:00,,,False,2025,RT @NFL: Titans part ways with HC Brian Callahan. https://t.co/KTIZacl3Xn,0,0,,,,False,False,,,,1977830130543460786,1977830130543460786,1,73,10,1,data/tweets.js,,NFL,
1978190136534786248,TXTrickWhooper,2025-10-14T20:04:16Z,2025-10-14T15:04:16-05:00,,,False,2025,@AggiesRecruitEx @On3sports @InsideTexas The politically correct name is titter,2,0,,,,True,False,1978180090040139859,AggiesRecruitEx,,1978190136534786248,1978190136534786248,1,79,9,0,data/tweets.js,,"AggiesRecruitEx,InsideTexas",
1978190652748828865,TXTrickWhooper,2025-10-14T20:06:19Z,2025-10-14T15:06:19-05:00,,,False,2025,RT @_willcompton: One of the many times where I sit behind my phone grinning &amp; loving a @PaulKuharskyNFL question https://t.co/CIihmqyy8C,0,0,,,,False,False,,,,1978190652748828865,1978190652748828865,1,141,20,1,data/tweets.js,,"_willcompton,PaulKuharskyNFL",
1978854012456665223,TXTrickWhooper,2025-10-16T16:02:16Z,2025-10-16T11:02:16-05:00,,,False,2025,@yaboiTCfresh I miss you Vrabes come back please :(,0,0,,,,True,False,1978524938039349344,yaboiTCfresh,,1978854012456665223,1978854012456665223,1,51,9,0,data/tweets.js,,yaboiTCfresh,
1978971539795009805,TXTrickWhooper,2025-10-16T23:49:17Z,2025-10-16T18:49:17-05:00,,,False,2025,@OPinfernonewac1 Backs used to be better bro,0,0,,,,True,False,1978467018895720729,OPinfernonewac1,,1978971539795009805,1978971539795009805,1,44,7,0,data/tweets.js,,OPinfernonewac1,
1979059346462892423,TXTrickWhooper,2025-10-17T05:38:11Z,2025-10-17T00:38:11-05:00,,,False,2025,@themettenburger @ochocinco I came here to comment this,0,0,,,,True,False,1978987747621638223,themettenburger,,1979059346462892423,1979059346462892423,1,55,8,0,data/tweets.js,,"themettenburger,ochocinco",
1979163866392109312,TXTrickWhooper,2025-10-17T12:33:31Z,2025-10-17T07:33:31-05:00,,,False,2025,@Mav67Kid67 @SouthPark Bring back bullying please,0,0,,,,True,False,1978859758414078463,Mav67Kid67,,1979163866392109312,1979163866392109312,1,49,6,0,data/tweets.js,,"Mav67Kid67,SouthPark",
1979164496921805270,TXTrickWhooper,2025-10-17T12:36:01Z,2025-10-17T07:36:01-05:00,,,False,2025,"@xalter87 @Im_possibly_ok @SnipemoreMHGame Agreed I was 1000% playing sports or video games 99.9% of the time

TikTok has turned this kid’s generation into mush",2,0,,,,True,False,1979144077007266214,xalter87,,1979164496921805270,1979164496921805270,1,160,24,0,data/tweets.js,,xalter87,
1979181201001693500,TXTrickWhooper,2025-10-17T13:42:24Z,2025-10-17T08:42:24-05:00,,,False,2025,@stevensongs I got a dude so pissed he almost cried by explaining how I’d die on the hill of dragons existing and being a species of Dino last night😂,0,0,,,,True,False,1978860639809380523,stevensongs,,1979181201001693500,1979181201001693500,1,149,29,0,data/tweets.js,,stevensongs,
1979233930705293440,TXTrickWhooper,2025-10-17T17:11:56Z,2025-10-17T12:11:56-05:00,,,False,2025,@peytonyager @FOX4 6 and 9? Nice,3,0,,,,True,False,1979228727448916456,peytonyager,,1979233930705293440,1979233930705293440,1,32,6,0,data/tweets.js,,"peytonyager,FOX4",
1979255869607944472,TXTrickWhooper,2025-10-17T18:39:06Z,2025-10-17T13:39:06-05:00,,,False,2025,"@Tonethethird Tone,

Tell her you’ll also accept a nail for a nail scenario.

Best of luck getting some cheeks,
Stallion",0,0,,,,True,False,1978960482020077677,Tonethethird,,1979255869607944472,1979255869607944472,1,120,20,0,data/tweets.js,,Tonethethird,
1979257403351728228,TXTrickWhooper,2025-10-17T18:45:12Z,2025-10-17T13:45:12-05:00,,,False,2025,@mtndwr Hi (taken btw) https://t.co/SqPutfOXxC,6,0,,,,True,False,1978995209988866331,mtndwr,,1979257403351728228,1979257403351728228,2,46,5,1,data/tweets.js,,mtndwr,
1979258583448486389,TXTrickWhooper,2025-10-17T18:49:53Z,2025-10-17T13:49:53-05:00,,,False,2025,@mtndwr Ladies fear a white boy with big naturals,0,0,,,,True,True,1979257403351728228,TXTrickWhooper,,1979257403351728228,1979257403351728228,2,49,9,0,data/tweets.js,,mtndwr,
1979287162773205410,TXTrickWhooper,2025-10-17T20:43:27Z,2025-10-17T15:43:27-05:00,,,False,2025,@Ello21620717590 @mtndwr Ay no homo bro I’d jerk it to my tits. Enjoy✊,1,0,,,,True,False,1979264244857344377,Ello21620717590,,1979287162773205410,1979287162773205410,1,70,13,0,data/tweets.js,,"Ello21620717590,mtndwr",
1979350402413089156,TXTrickWhooper,2025-10-18T00:54:45Z,2025-10-17T19:54:45-05:00,,,False,2025,@BROWARDBABYLEE @PSkyxx @zromels @HighkeyMami Girls like you are never from a good neighborhood,12,0,,,,True,False,1979287358026699243,BROWARDBABYLEE,,1979350402413089156,1979350402413089156,1,95,13,0,data/tweets.js,,"BROWARDBABYLEE,PSkyxx,HighkeyMami",
1979351896487006249,TXTrickWhooper,2025-10-18T01:00:41Z,2025-10-17T20:00:41-05:00,,,False,2025,@hlovo_ Bruh I just hit em with the “You dont look a day over 21” some battles ain't worth fighting,0,0,,,,True,False,1978882226398875751,hlovo_,,1979351896487006249,1979351896487006249,1,99,20,0,data/tweets.js,,hlovo_,
1979366847867977825,TXTrickWhooper,2025-10-18T02:00:06Z,2025-10-17T21:00:06-05:00,,,False,2025,@mystical_mv @mtndwr They call my belly game Exodia (cuz I nearly had a 5 pack once),0,0,,,,True,False,1979345752737616333,mystical_mv,,1979366847867977825,1979366847867977825,1,84,16,0,data/tweets.js,,"mystical_mv,mtndwr",
1979734472510820664,TXTrickWhooper,2025-10-19T02:20:54Z,2025-10-18T21:20:54-05:00,,,False,2025,@BayAreaTrev If anything missing six weeks for a gunshot wound to the chest proves his superior durability,0,0,,,,True,False,1979586250765144458,BayAreaTrev,,1979734472510820664,1979734472510820664,1,106,17,0,data/tweets.js,,BayAreaTrev,
1979790397980504531,TXTrickWhooper,2025-10-19T06:03:08Z,2025-10-19T01:03:08-05:00,,,False,2025,@MaxLonged @karsyn_bailee Nice to know losers have idols too,7,0,,,,True,False,1979727523048223146,MaxLonged,,1979790397980504531,1979790397980504531,1,60,9,0,data/tweets.js,,MaxLonged,
1979838917089337666,TXTrickWhooper,2025-10-19T09:15:56Z,2025-10-19T04:15:56-05:00,,,False,2025,@drdikshity @cindyzhg Trust this man he’s a doctor,4,0,,,,True,False,1979742884581797975,drdikshity,,1979838917089337666,1979838917089337666,1,50,8,0,data/tweets.js,,"drdikshity,cindyzhg",
1979847284662870275,TXTrickWhooper,2025-10-19T09:49:11Z,2025-10-19T04:49:11-05:00,,,False,2025,@fkaemu Did u get a raise,0,0,,,,True,False,1979508722318602479,fkaemu,,1979847284662870275,1979847284662870275,1,25,6,0,data/tweets.js,,fkaemu,
1979852547763708296,TXTrickWhooper,2025-10-19T10:10:05Z,2025-10-19T05:10:05-05:00,,,False,2025,@ChiTownSwagger1 @BrewerSooner Yall make it pretty damn easy not winning a World Series for 100+ years,0,0,,,,True,False,1979422560204079475,ChiTownSwagger1,,1979852547763708296,1979852547763708296,1,102,16,0,data/tweets.js,,"ChiTownSwagger1,BrewerSooner",
1979852707365265431,TXTrickWhooper,2025-10-19T10:10:43Z,2025-10-19T05:10:43-05:00,,,False,2025,@BrewerSooner The Texas A&amp;M Aggies of the MLB,0,0,,,,True,False,1979265745172492587,BrewerSooner,,1979852707365265431,1979852707365265431,1,49,8,0,data/tweets.js,,BrewerSooner,
1979856372461425057,TXTrickWhooper,2025-10-19T10:25:17Z,2025-10-19T05:25:17-05:00,,,False,2025,@jayhaykid People forget Albert Pujols was even part of these teams (and then bounced back to MVP form at 40+ after he left),0,0,,,,True,False,1979398017300996530,jayhaykid,,1979856372461425057,1979856372461425057,1,124,23,0,data/tweets.js,,jayhaykid,
1979956404782768439,TXTrickWhooper,2025-10-19T17:02:47Z,2025-10-19T12:02:47-05:00,,,False,2025,"@Yashtalksball @CoachMikeVrabel Only libtards reply to a post from Mike Vrabel, a football coach, about politics",0,0,,,,True,False,1979953608507392174,Yashtalksball,,1979956404782768439,1979956404782768439,1,112,16,0,data/tweets.js,,"Yashtalksball,CoachMikeVrabel",
1980040978330271812,TXTrickWhooper,2025-10-19T22:38:51Z,2025-10-19T17:38:51-05:00,,,False,2025,@drdikshity @cindyzhg @AkshitKnowsBall Damn bruh I throw you up a lob for the jam and you repay me by getting rejected by the rim,1,0,,,,True,False,1980006352941351203,drdikshity,,1980040978330271812,1980040978330271812,1,129,24,0,data/tweets.js,,"drdikshity,cindyzhg",
1980052067981918464,TXTrickWhooper,2025-10-19T23:22:55Z,2025-10-19T18:22:55-05:00,,,False,2025,@AkshitKnowsBall @drdikshity @cindyzhg The boy is shooting! That’s what matters https://t.co/M1eoryhlgV,0,0,,,,True,False,1980006481408725249,,,1980052067981918464,1980052067981918464,1,103,11,1,data/tweets.js,,"drdikshity,cindyzhg",
1980055616052928887,TXTrickWhooper,2025-10-19T23:37:01Z,2025-10-19T18:37:01-05:00,,,False,2025,"@danielgothits Agreed, everyone knows Crypto and magic are natural aphrodisiacs for women!",0,0,,,,True,False,1979822054926102730,danielgothits,,1980055616052928887,1980055616052928887,1,90,12,0,data/tweets.js,,danielgothits,
1980080549776490940,TXTrickWhooper,2025-10-20T01:16:05Z,2025-10-19T20:16:05-05:00,,,False,2025,@THEREALranchy08 @grok @AngelaBelcamino @chooserich where tf is the picture @grok this woman asked you a question have some respect,2,0,,,,True,False,1979993184009945218,THEREALranchy08,,1980080549776490940,1980080549776490940,1,131,19,0,data/tweets.js,,"THEREALranchy08,grok,AngelaBelcamino,chooserich,grok",
1984268505680908457,TXTrickWhooper,2025-10-31T14:37:32Z,2025-10-31T09:37:32-05:00,,,False,2025,@__angeldivine “Damn you fine” https://t.co/62PwGpZkD2,0,0,,,,True,False,1983227231099855318,__angeldivine,,1984268505680908457,1984268505680908457,1,54,5,1,data/tweets.js,,__angeldivine,
1984863066987929870,TXTrickWhooper,2025-11-02T06:00:06Z,2025-11-02T01:00:06-05:00,,,False,2025,"@bschaeffer12 @EverythingRebs Bro I fucking love the Cardinals, but imma have to hit you with the unfollow for this ignorance",1,0,,,,True,False,1984811014110503111,bschaeffer12,,1984863066987929870,1984863066987929870,1,125,20,0,data/tweets.js,,"bschaeffer12,EverythingRebs",
1984887527959073158,TXTrickWhooper,2025-11-02T07:37:18Z,2025-11-02T01:37:18-06:00,,,False,2025,"@bschaeffer12 @EverythingRebs That’s chill bro, I think for myself, but to each their own. Go Cards and hook ‘em🤘🏼",1,0,,,,True,False,1984864555495784659,bschaeffer12,,1984887527959073158,1984887527959073158,1,114,19,0,data/tweets.js,,"bschaeffer12,EverythingRebs",
1984910938974412987,TXTrickWhooper,2025-11-02T09:10:20Z,2025-11-02T03:10:20-06:00,,,False,2025,RT @SeanTPendergast: This was 100 percent one of those calls that makes you want to do an immediate background check on the official who ca…,0,0,,,,False,False,,,,1984910938974412987,1984910938974412987,1,140,25,0,data/tweets.js,,SeanTPendergast,
1985014421538922795,TXTrickWhooper,2025-11-02T16:01:32Z,2025-11-02T10:01:32-06:00,,,False,2025,"@T2Ohrd_blvd @bschaeffer12 @EverythingRebs I’m aware of what a parallax error is, but it’s just not worth arguing with someone who has their mind made up.

Brenden covers my favorite baseball team well, but it's a pretty egregious ball take on the gridiron here on his part.",0,0,,,,True,False,1984968853655265339,T2Ohrd_blvd,,1985014421538922795,1985014421538922795,1,274,46,0,data/tweets.js,,"T2Ohrd_blvd,bschaeffer12,EverythingRebs",
1985017935799201854,TXTrickWhooper,2025-11-02T16:15:30Z,2025-11-02T10:15:30-06:00,,,False,2025,@T2Ohrd_blvd @bschaeffer12 @EverythingRebs Now show the knee,0,0,,,,True,False,1985016279661768990,T2Ohrd_blvd,,1985017935799201854,1985017935799201854,1,60,7,0,data/tweets.js,,"T2Ohrd_blvd,bschaeffer12,EverythingRebs",
1985021000631693639,TXTrickWhooper,2025-11-02T16:27:41Z,2025-11-02T10:27:41-06:00,,,False,2025,@bschaeffer12 @T2Ohrd_blvd @EverythingRebs It’s funny you quoted this exact tweet bc I was no joke about to cite the same one and argue the literal opposite https://t.co/GYcPszXhxW,0,0,,,,True,False,1985020223221531089,bschaeffer12,,1985021000631693639,1985021000631693639,1,180,27,1,data/tweets.js,,"bschaeffer12,T2Ohrd_blvd,EverythingRebs",
1985022416821657693,TXTrickWhooper,2025-11-02T16:33:18Z,2025-11-02T10:33:18-06:00,,,False,2025,@bschaeffer12 @T2Ohrd_blvd @EverythingRebs Well I hope you and Wilson have a ball Casting Away cuz y’all boys have lost it,0,0,,,,True,False,1985016603327496516,bschaeffer12,,1985022416821657693,1985022416821657693,1,122,20,0,data/tweets.js,,"bschaeffer12,T2Ohrd_blvd,EverythingRebs",
1985023624860852591,TXTrickWhooper,2025-11-02T16:38:06Z,2025-11-02T10:38:06-06:00,,,False,2025,"@bschaeffer12 @T2Ohrd_blvd @EverythingRebs lol I graduated from the University of Texas, where did you go again?",0,0,,,,True,False,1985023140184133865,bschaeffer12,,1985023624860852591,1985023624860852591,1,112,16,0,data/tweets.js,,"bschaeffer12,T2Ohrd_blvd,EverythingRebs",
1985026813131723156,TXTrickWhooper,2025-11-02T16:50:46Z,2025-11-02T10:50:46-06:00,,,False,2025,"@T2Ohrd_blvd @bschaeffer12 @EverythingRebs I’m not the one who brought up intelligence and education, but I will whip out my “Longhorn” so to speak if someone’s asking. Would you like to share how many of your 3 degrees came from a top 43 school globally? https://t.co/IRazfNZZo7",0,0,,,,True,False,1985024746673647875,T2Ohrd_blvd,,1985026813131723156,1985026813131723156,1,279,45,2,data/tweets.js,,"T2Ohrd_blvd,bschaeffer12,EverythingRebs",
1985035988716880314,TXTrickWhooper,2025-11-02T17:27:14Z,2025-11-02T11:27:14-06:00,,,False,2025,"@bschaeffer12 @T2Ohrd_blvd @EverythingRebs Y’all can have your parallax, I’ll take the 34-31 dub🤘🏻 https://t.co/rm3PjknSv1",1,0,,,,True,False,1985034090526155047,bschaeffer12,,1985035988716880314,1985035988716880314,1,122,14,1,data/tweets.js,,"bschaeffer12,T2Ohrd_blvd,EverythingRebs",
1985040563805299156,TXTrickWhooper,2025-11-02T17:45:25Z,2025-11-02T11:45:25-06:00,,,False,2025,"@T2Ohrd_blvd @bschaeffer12 @EverythingRebs You know what Tom Hanks was doing when he painted that mouth on, right? https://t.co/tEVIuMI4oD",0,0,,,,True,False,1985037116619796850,T2Ohrd_blvd,,1985040563805299156,1985040563805299156,1,138,18,1,data/tweets.js,,"T2Ohrd_blvd,bschaeffer12,EverythingRebs",
1985057106878173324,TXTrickWhooper,2025-11-02T18:51:09Z,2025-11-02T12:51:09-06:00,,,False,2025,"@bschaeffer12 @T2Ohrd_blvd @EverythingRebs I'm very well aware, parallax phenomena is the primary passion project. Bantering with burners just brings in the bread",0,0,,,,True,False,1985044917522194572,bschaeffer12,,1985057106878173324,1985057106878173324,1,162,22,0,data/tweets.js,,"bschaeffer12,T2Ohrd_blvd,EverythingRebs",
1986390835185717733,TXTrickWhooper,2025-11-06T11:10:55Z,2025-11-06T05:10:55-06:00,,,False,2025,@GlobeBobRyan @misshelenamy They don’t call him Big Bone Bob for nothing,0,0,,,,True,False,1985860550396453324,GlobeBobRyan,,1986390835185717733,1986390835185717733,1,72,11,0,data/tweets.js,,"GlobeBobRyan,misshelenamy",
1986491656980304259,TXTrickWhooper,2025-11-06T17:51:32Z,2025-11-06T11:51:32-06:00,,,False,2025,@Gregy_Online Asking what their passion in life is while motor-boating their tits,3,0,,,,True,False,1986245863971365021,Gregy_Online,,1986491656980304259,1986491656980304259,1,81,12,0,data/tweets.js,,Gregy_Online,
1986493814937137277,TXTrickWhooper,2025-11-06T18:00:07Z,2025-11-06T12:00:07-06:00,,,False,2025,@juicysanrio And with exquisite taste in dinos https://t.co/zkzZTdgCh9,4,0,,,,True,False,1986312831684542465,barbiesgrl,,1986493814937137277,1986493814937137277,1,70,8,1,data/tweets.js,,,
1986502588146295126,TXTrickWhooper,2025-11-06T18:34:59Z,2025-11-06T12:34:59-06:00,,,False,2025,@juicysanrio Confirmed DIMEosaurus-Rex (trust me I’ve seen Jurassic Park),1,1,,,,True,False,1986495094627967162,barbiesgrl,,1986502588146295126,1986502588146295126,1,73,9,0,data/tweets.js,,,
1986550826421063733,TXTrickWhooper,2025-11-06T21:46:40Z,2025-11-06T15:46:40-06:00,,,False,2025,@juicysanrio At least he was clear about piping,0,0,,,,True,False,1986535994364207199,barbiesgrl,,1986550826421063733,1986550826421063733,1,47,8,0,data/tweets.js,,,
1986551496469606739,TXTrickWhooper,2025-11-06T21:49:19Z,2025-11-06T15:49:19-06:00,,,False,2025,@chillicleo Off topic but Cleo was the name of my first cat. May she thirst in peace🙌,3,0,,,,True,False,1986520959256269214,chillicleo,,1986551496469606739,1986551496469606739,1,85,17,0,data/tweets.js,,chillicleo,
1986556124208795858,TXTrickWhooper,2025-11-06T22:07:43Z,2025-11-06T16:07:43-06:00,,,False,2025,@madstoopretty Finish in 30 seconds flat then whip out Twitter and start scrolling for 4 mins 30 seconds,1,0,,,,True,False,1986110592411967858,madstoopretty,,1986556124208795858,1986556124208795858,1,104,18,0,data/tweets.js,,madstoopretty,
1986597615434113073,TXTrickWhooper,2025-11-07T00:52:35Z,2025-11-06T18:52:35-06:00,,,False,2025,@JMaricle25708 Prayers up it's to the game not a guy https://t.co/EnHYCENLe8,0,0,,,,True,False,1986586840200323522,JMaricle25708,,1986597615434113073,1986597615434113073,1,76,11,1,data/tweets.js,,JMaricle25708,
1986791785415192955,TXTrickWhooper,2025-11-07T13:44:09Z,2025-11-07T07:44:09-06:00,,,False,2025,@moneybag_viktor @Nicolascole77 Bro obviously never beat RDR2 to full completion or witnessed the opening scene of TLOU,0,0,,,,True,False,1986377909913698674,moneybag_viktor,,1986791785415192955,1986791785415192955,1,119,17,0,data/tweets.js,,"moneybag_viktor,Nicolascole77",
1986792103158886433,TXTrickWhooper,2025-11-07T13:45:24Z,2025-11-07T07:45:24-06:00,,,False,2025,@grok @vvo_odyy @Nicolascole77 Bro @grok that’s fukt dawg I thought we were besties,0,0,,,,True,False,1986790294336217210,grok,,1986792103158886433,1986792103158886433,1,83,13,0,data/tweets.js,,"grok,vvo_odyy,Nicolascole77,grok",
1986793298778866169,TXTrickWhooper,2025-11-07T13:50:09Z,2025-11-07T07:50:09-06:00,,,False,2025,"@juicysanrio God forbid a guy reserve a spot on his ass for a tramp stamp to commemorate a @Titans Super Bowl victory that likely won’t happen in my lifetime

#mybodymychoice #titstotheship",0,0,,,,True,False,1986676926204027217,barbiesgrl,,1986793298778866169,1986793298778866169,1,189,31,0,data/tweets.js,"mybodymychoice,titstotheship",Titans,
1986795266263953674,TXTrickWhooper,2025-11-07T13:57:59Z,2025-11-07T07:57:59-06:00,,,False,2025,@X_Metamorph @tequilaabae Common courtesy costs nothing — did you try smiling at them first ??,0,0,,,,True,False,1984723850450321779,,,1986795266263953674,1986795266263953674,1,94,15,0,data/tweets.js,,tequilaabae,
1986795984362278958,TXTrickWhooper,2025-11-07T14:00:50Z,2025-11-07T08:00:50-06:00,,,False,2025,@cappropaganda @slanana_manana @zunzetrider @grok name how many Panhellenic fraternities outline rape as their principle mission,4,0,,,,True,False,1986641397806420474,cappropaganda,,1986795984362278958,1986795984362278958,1,128,15,0,data/tweets.js,,"cappropaganda,slanana_manana,zunzetrider,grok",
1986796279654146398,TXTrickWhooper,2025-11-07T14:02:00Z,2025-11-07T08:02:00-06:00,,,False,2025,@grok @vvo_odyy @Nicolascole77 @grok bro chill we’re just friends Grok stop writing me dissertations on the dawgs,0,0,,,,True,False,1986792190795014638,grok,,1986796279654146398,1986796279654146398,1,113,17,0,data/tweets.js,,"grok,vvo_odyy,Nicolascole77,grok",
1986796488811274252,TXTrickWhooper,2025-11-07T14:02:50Z,2025-11-07T08:02:50-06:00,,,False,2025,@grok @cappropaganda @slanana_manana @zunzetrider Name the core principles and founding mission of all Panhellenic Greek orgs @grok,2,0,,,,True,False,1986796074275832216,grok,,1986796488811274252,1986796488811274252,1,131,17,0,data/tweets.js,,"grok,cappropaganda,slanana_manana,zunzetrider,grok",
1986797347876343989,TXTrickWhooper,2025-11-07T14:06:15Z,2025-11-07T08:06:15-06:00,,,False,2025,@grok @cappropaganda @slanana_manana @zunzetrider @grok ato? Sigma chi? Sig ep? Fiji? SAE? Delt? How many of these organizations outline goals of their brotherhood that aren’t in the betterment of all men and women equally,0,0,,,,True,False,1986796616670715908,grok,,1986797347876343989,1986797347876343989,1,222,34,0,data/tweets.js,,"grok,cappropaganda,slanana_manana,zunzetrider,grok",
1986832898633175529,TXTrickWhooper,2025-11-07T16:27:31Z,2025-11-07T10:27:31-06:00,,,False,2025,@BurnerCale25752 The Pac-(wo)Man Jones of powderpuff,0,0,,,,True,False,1986489324607840583,BurnerCale25752,,1986832898633175529,1986832898633175529,1,52,6,0,data/tweets.js,,BurnerCale25752,
1986835040702226902,TXTrickWhooper,2025-11-07T16:36:01Z,2025-11-07T10:36:01-06:00,,,False,2025,@juicysanrio Frosty not getting enough credit for the eye discipline here https://t.co/lrSnfsvH6f,1,0,,,,True,False,1986833328012722361,barbiesgrl,,1986835040702226902,1986835040702226902,1,97,12,1,data/tweets.js,,,
1986835550851244383,TXTrickWhooper,2025-11-07T16:38:03Z,2025-11-07T10:38:03-06:00,,,False,2025,@damyourface @juicysanrio Big Tits guy personally wbu,1,0,,,,True,False,1986833625112060076,damyourface,,1986835550851244383,1986835550851244383,1,53,7,0,data/tweets.js,,damyourface,
1986837456956662169,TXTrickWhooper,2025-11-07T16:45:38Z,2025-11-07T10:45:38-06:00,,,False,2025,@Tsanakei @Schlitterbahn certified,2,0,,,,True,False,1986482040276177055,Tsanakei,,1986837456956662169,1986837456956662169,1,34,3,0,data/tweets.js,,"Tsanakei,Schlitterbahn",
1986837902681079934,TXTrickWhooper,2025-11-07T16:47:24Z,2025-11-07T10:47:24-06:00,,,False,2025,@snoopdesnoop Sliver me timbers,0,0,,,,True,False,1986624584922054700,snoopdesnoop,,1986837902681079934,1986837902681079934,1,31,4,0,data/tweets.js,,snoopdesnoop,
1986841963711041986,TXTrickWhooper,2025-11-07T17:03:32Z,2025-11-07T11:03:32-06:00,,,False,2025,@laurencowling Christ forgive me bc I’d do vile things to acquire that Horns hoody,0,0,,,,True,False,1986819891865723201,laurencowling,,1986841963711041986,1986841963711041986,1,82,14,0,data/tweets.js,,laurencowling,
1986955641517134068,TXTrickWhooper,2025-11-08T00:35:15Z,2025-11-07T18:35:15-06:00,,,False,2025,@theepicmap Yellow fever and the decline of the importance of shipping via boat up and down the Mississippi,0,0,,,,True,False,1986707310706893176,theepicmap,,1986955641517134068,1986955641517134068,1,107,18,0,data/tweets.js,,theepicmap,
1987210461566357789,TXTrickWhooper,2025-11-08T17:27:49Z,2025-11-08T11:27:49-06:00,,,False,2025,@SinPerfectt @IcyVert I don’t dislike Lubbock but it does 100% smell like the armpit of America,0,0,,,,True,False,1986863521053741405,SinPerfectt,,1987210461566357789,1987210461566357789,2,95,16,0,data/tweets.js,,"SinPerfectt,IcyVert",
1987210703212859506,TXTrickWhooper,2025-11-08T17:28:46Z,2025-11-08T11:28:46-06:00,,,False,2025,@SinPerfectt @IcyVert (If an armpit smelled like manure),0,0,,,,True,True,1987210461566357789,TXTrickWhooper,,1987210461566357789,1987210461566357789,2,56,8,0,data/tweets.js,,"SinPerfectt,IcyVert",
1987213748293992484,TXTrickWhooper,2025-11-08T17:40:52Z,2025-11-08T11:40:52-06:00,,,False,2025,@lBigDiddy777 @AB84 Pretty racist of you to call a black person racist bro (also sit down and consider the fact that u not only just compared racism to murder but that it is also not a crime),0,0,,,,True,False,1987027670656250221,lBigDiddy777,,1987213748293992484,1987213748293992484,1,191,37,0,data/tweets.js,,"lBigDiddy777,AB84",
1987216549866872845,TXTrickWhooper,2025-11-08T17:52:00Z,2025-11-08T11:52:00-06:00,,,False,2025,@jordan87921 @howdy4547 @Aredraider @robbreauxshow It's playoff seeding not a closeted California fraternity grooming pledges,0,0,,,,True,False,1987140426919530929,,,1987216549866872845,1987216549866872845,1,125,14,0,data/tweets.js,,"Aredraider,robbreauxshow",
1987222022984736813,TXTrickWhooper,2025-11-08T18:13:45Z,2025-11-08T12:13:45-06:00,,,False,2025,@If2PacHadASon @DHx34 Lmao Bo def was always coolin and inadvertently owned acreage in hombre’s head unknowingly,3,0,,,,True,False,1987188625562607899,If2PacHadASon,,1987222022984736813,1987222022984736813,1,112,16,0,data/tweets.js,,"If2PacHadASon,DHx34",
1987227185305035011,TXTrickWhooper,2025-11-08T18:34:16Z,2025-11-08T12:34:16-06:00,,,False,2025,@msmimibooz Back in my day 69 worked just fine,0,0,,,,True,False,1986941571280019896,msmimibooz,,1987227185305035011,1987227185305035011,1,46,9,0,data/tweets.js,,msmimibooz,
1987233105376055688,TXTrickWhooper,2025-11-08T18:57:47Z,2025-11-08T12:57:47-06:00,,,False,2025,Ngl posting for clout about treating another human being as a means to an end is nearly as weird as a guy cosplaying some chick he’s never met’s ATM https://t.co/5YGEaLdO0M,0,0,,,,False,False,,,,1987233105376055688,1987233105376055688,1,172,30,0,data/tweets.js,,,https://x.com/xxGoddessAlison/status/1986871971955503105
1987233822992199936,TXTrickWhooper,2025-11-08T19:00:39Z,2025-11-08T13:00:39-06:00,,,False,2025,@spursnsalsa @AlamoOnTheRise @ArchHighlights We get it race for seis but Z-Bo is still y’all’s daddy,0,0,,,,True,False,1987233450336891200,spursnsalsa,,1987233822992199936,1987233822992199936,1,100,15,0,data/tweets.js,,"spursnsalsa,AlamoOnTheRise,ArchHighlights",
1987237494685892899,TXTrickWhooper,2025-11-08T19:15:14Z,2025-11-08T13:15:14-06:00,,,False,2025,"@spursnsalsa @AlamoOnTheRise @ArchHighlights https://t.co/4hxJWEpean

Edumacate yoself hombre https://t.co/jUdZPhOCn8",1,0,,,,True,False,1987234926442520923,spursnsalsa,,1987237494685892899,1987237494685892899,1,117,8,1,data/tweets.js,,"spursnsalsa,AlamoOnTheRise,ArchHighlights",https://youtu.be/J-C0Dtxw-aQ?si=CRyAR7i4I2NE8OGT
1987243094194962646,TXTrickWhooper,2025-11-08T19:37:29Z,2025-11-08T13:37:29-06:00,,,False,2025,@juicysanrio Just blew my annual salary on these bbys https://t.co/WMCqsNoLnK,1,0,,,,True,False,1987219932157993158,barbiesgrl,,1987243094194962646,1987243094194962646,1,77,10,1,data/tweets.js,,,
1987243465244110872,TXTrickWhooper,2025-11-08T19:38:57Z,2025-11-08T13:38:57-06:00,,,False,2025,@spursnsalsa @AlamoOnTheRise @ArchHighlights Lmaoooo back when my Grizz actually had some Grit to their Grind,0,0,,,,True,False,1987242571429462063,spursnsalsa,,1987243465244110872,1987243465244110872,1,109,15,0,data/tweets.js,,"spursnsalsa,AlamoOnTheRise,ArchHighlights",
1987259385546940908,TXTrickWhooper,2025-11-08T20:42:13Z,2025-11-08T14:42:13-06:00,,,False,2025,@ZOBarber33 @spursnsalsa @AlamoOnTheRise @ArchHighlights You should ask Wemby whether Ja’s nuts tasted sweet or salty https://t.co/EVmRZyQtm2,0,0,,,,True,False,1987244134655283662,ZOBarber33,,1987259385546940908,1987259385546940908,1,141,16,1,data/tweets.js,,"ZOBarber33,spursnsalsa,AlamoOnTheRise,ArchHighlights",
1987260036947530226,TXTrickWhooper,2025-11-08T20:44:48Z,2025-11-08T14:44:48-06:00,,,False,2025,@novathaOG More like twenty dime,9,0,,,,True,False,1987227616961831195,novathaOG,,1987260036947530226,1987260036947530226,1,32,5,0,data/tweets.js,,novathaOG,
1987279474837086265,TXTrickWhooper,2025-11-08T22:02:03Z,2025-11-08T16:02:03-06:00,,,False,2025,@spursnsalsa @ZOBarber33 @AlamoOnTheRise @ArchHighlights I blame guns and tits for halting a potential grizzlies golden era,0,0,,,,True,False,1987270567096180950,spursnsalsa,,1987279474837086265,1987279474837086265,1,123,16,0,data/tweets.js,,"spursnsalsa,ZOBarber33,AlamoOnTheRise,ArchHighlights",
1987279619351793875,TXTrickWhooper,2025-11-08T22:02:37Z,2025-11-08T16:02:37-06:00,,,False,2025,@ZOBarber33 @spursnsalsa @AlamoOnTheRise @ArchHighlights Sweet or salty tho? https://t.co/Z4ue5tTfOA,0,0,,,,True,False,1987270405489365029,ZOBarber33,,1987279619351793875,1987279619351793875,1,100,9,1,data/tweets.js,,"ZOBarber33,spursnsalsa,AlamoOnTheRise,ArchHighlights",
1987280408556208414,TXTrickWhooper,2025-11-08T22:05:45Z,2025-11-08T16:05:45-06:00,,,False,2025,@LegionHoops @espnmma Yeah and Jose Altuve would make a great Center in the NBA,0,0,,,,True,False,1987248352917082274,LegionHoops,,1987280408556208414,1987280408556208414,1,79,14,0,data/tweets.js,,"LegionHoops,espnmma",
1987381638343405759,TXTrickWhooper,2025-11-09T04:48:01Z,2025-11-08T22:48:01-06:00,,,False,2025,@ipopfakebars Dawg remember when I’d shove you in your locker in front of chicks? Such a beta bro good times,0,0,,,,True,False,1986969904273109204,ipopfakebars,,1987381638343405759,1987381638343405759,1,108,20,0,data/tweets.js,,ipopfakebars,
1987535641597395400,TXTrickWhooper,2025-11-09T14:59:58Z,2025-11-09T08:59:58-06:00,,,False,2025,@hallofgoodpod Incredible hitting mind,1,1,,,,True,False,1987368413677953422,hallofgoodpod,,1987535641597395400,1987535641597395400,1,38,4,0,data/tweets.js,,hallofgoodpod,
1992077319947817327,TXTrickWhooper,2025-11-22T03:46:58Z,2025-11-21T21:46:58-06:00,,,False,2025,"@peanutbustr 1.) the oil spill
2.) of the Pong variety
3.) batting practice
4.) butt plug???",0,0,,,,True,False,1991877401379590415,peanutbustr,,1992077319947817327,1992077319947817327,1,94,16,0,data/tweets.js,,peanutbustr,
1992174924140527752,TXTrickWhooper,2025-11-22T10:14:49Z,2025-11-22T04:14:49-06:00,,,False,2025,@hayleyxyz98 Bred 2 bust,0,0,,,,True,False,1992149908531646539,hayleyxyz98,,1992174924140527752,1992174924140527752,1,24,4,0,data/tweets.js,,hayleyxyz98,
1992240049145217479,TXTrickWhooper,2025-11-22T14:33:36Z,2025-11-22T08:33:36-06:00,,,False,2025,"@aubrey_huff Dawg, one addy addict to another, you def popped like six 30s to draft this dissertation, no doubt",0,0,,,,True,False,1990104878031761651,aubrey_huff,,1992240049145217479,1992240049145217479,1,111,19,0,data/tweets.js,,aubrey_huff,
1992707841241841812,TXTrickWhooper,2025-11-23T21:32:26Z,2025-11-23T15:32:26-06:00,,,False,2025,@thekiranoir Waittttt you’re Nigerian? My adopted bro won the immigration lottery to move here to the US and I always be shitting on him cause dem Igbo supplied the Dutch😭,0,0,,,,True,False,1992685542107119701,thekiranoir,,1992707841241841812,1992707841241841812,1,171,30,0,data/tweets.js,,thekiranoir,
1992730387316080837,TXTrickWhooper,2025-11-23T23:02:02Z,2025-11-23T17:02:02-06:00,,,False,2025,"@LuvXmaiko Judith, but she also has besties named Ginger, Cookie, and Millie",0,0,,,,True,False,1992595872581136474,LuvXmaiko,,1992730387316080837,1992730387316080837,1,76,12,0,data/tweets.js,,LuvXmaiko,
1993071730642850287,TXTrickWhooper,2025-11-24T21:38:24Z,2025-11-24T15:38:24-06:00,,,False,2025,@lzndon Shohei Ohtani you fuckin goon,0,0,,,,True,False,1992714423690215738,lzndon,,1993071730642850287,1993071730642850287,1,37,6,0,data/tweets.js,,lzndon,
1993083408289767792,TXTrickWhooper,2025-11-24T22:24:48Z,2025-11-24T16:24:48-06:00,,,False,2025,@oknikzz @CycloneFB,0,0,,,,True,False,1992925756448793008,oknikzz,,1993083408289767792,1993083408289767792,1,19,2,0,data/tweets.js,,"oknikzz,CycloneFB",
1993083925653324103,TXTrickWhooper,2025-11-24T22:26:52Z,2025-11-24T16:26:52-06:00,,,False,2025,@Matt_Pinner Yung Buck(tooth),0,0,,,,True,False,1992850674657448245,Matt_Pinner,,1993083925653324103,1993083925653324103,1,29,3,0,data/tweets.js,,Matt_Pinner,
1993322875147727096,TXTrickWhooper,2025-11-25T14:16:22Z,2025-11-25T08:16:22-06:00,,,False,2025,@flavioAd $200 plan is so unbelievably worth it I’ve been coding like a coke fiend and have yet to hit a limit,0,0,,,,True,False,1993053769488105888,flavioAd,,1993322875147727096,1993322875147727096,1,110,22,0,data/tweets.js,,flavioAd,
1993323588707840425,TXTrickWhooper,2025-11-25T14:19:12Z,2025-11-25T08:19:12-06:00,,,False,2025,@Prachi_2050 Ur mom,0,0,,,,True,False,1993295753801044211,Prachi_2050,,1993323588707840425,1993323588707840425,1,19,3,0,data/tweets.js,,Prachi_2050,
1993343114422186274,TXTrickWhooper,2025-11-25T15:36:47Z,2025-11-25T09:36:47-06:00,,,False,2025,@jasondeanlee @kvallier No one needs a mathematician we already have the TI-84!,0,0,,,,True,False,1993104340157186424,jasondeanlee,,1993343114422186274,1993343114422186274,1,79,12,0,data/tweets.js,,"jasondeanlee,kvallier",
1993344022807822698,TXTrickWhooper,2025-11-25T15:40:24Z,2025-11-25T09:40:24-06:00,,,False,2025,@TruthBerner34 I’ll admit proudly to @rileyreid being my dream woman,0,0,,,,True,False,1993114928476246093,TruthBerner34,,1993344022807822698,1993344022807822698,1,68,10,0,data/tweets.js,,"TruthBerner34,rileyreid",
1993349795960803694,TXTrickWhooper,2025-11-25T16:03:20Z,2025-11-25T10:03:20-06:00,,,False,2025,@softrebels (I’m more Jewish than German I swear) https://t.co/RewNczlSeG,0,0,,,,True,False,1993034475102781785,softrebels,,1993349795960803694,1993349795960803694,1,73,9,1,data/tweets.js,,softrebels,
1993365109499215876,TXTrickWhooper,2025-11-25T17:04:11Z,2025-11-25T11:04:11-06:00,,,False,2025,"@kyleumlang If I liked men, I’d love the Midnight Yell",0,0,,,,True,False,1993088068664897688,kyleumlang,,1993365109499215876,1993365109499215876,1,54,10,0,data/tweets.js,,kyleumlang,
1993370494045700200,TXTrickWhooper,2025-11-25T17:25:35Z,2025-11-25T11:25:35-06:00,,,False,2025,@Based_Jedi I’ve said it once I’ll say it again. I’ll shit in Buc-ee’s over my own shitter any day (or over any shitter for that matter),0,0,,,,True,False,1993007381295644875,Based_Jedi,,1993370494045700200,1993370494045700200,1,136,26,0,data/tweets.js,,Based_Jedi,
1993692380696825856,TXTrickWhooper,2025-11-26T14:44:39Z,2025-11-26T08:44:39-06:00,,,False,2025,@vxylily I’m ~bot~ a real person,0,0,,,,True,False,1993346871751065951,vxylily,,1993692380696825856,1993692380696825856,1,32,6,0,data/tweets.js,,vxylily,
1999461653180744119,TXTrickWhooper,2025-12-12T12:49:40Z,2025-12-12T06:49:40-06:00,,,False,2025,@thekiranoir @Aisaka_lunah You just shattered me,0,0,,,,True,False,1999380290238837206,thekiranoir,,1999461653180744119,1999461653180744119,1,48,6,0,data/tweets.js,,"thekiranoir,Aisaka_lunah",
1999469613642580097,TXTrickWhooper,2025-12-12T13:21:18Z,2025-12-12T07:21:18-06:00,,,False,2025,@Bijan5Robinson I don’t know a kid who played it who doesn’t refer to it as Smear the Queer you good my G,0,0,,,,True,False,1999355499301474603,Bijan5Robinson,,1999469613642580097,1999469613642580097,1,105,22,0,data/tweets.js,,Bijan5Robinson,
1999469735185178825,TXTrickWhooper,2025-12-12T13:21:47Z,2025-12-12T07:21:47-06:00,,,False,2025,RT @InBijanWeTrust: My GOAT  https://t.co/d8zd0sJC5g,0,0,,,,False,False,,,,1999469735185178825,1999469735185178825,1,52,5,1,data/tweets.js,,InBijanWeTrust,
1999470935691387316,TXTrickWhooper,2025-12-12T13:26:34Z,2025-12-12T07:26:34-06:00,,,False,2025,@dogefather_Twit @PPRFantasyTips @Bijan5Robinson Whoever needed context on this is a queer,3,0,,,,True,False,1999355116139475025,dogefather_Twit,,1999470935691387316,1999470935691387316,1,90,11,0,data/tweets.js,,"dogefather_Twit,PPRFantasyTips,Bijan5Robinson",
1999472637916119375,TXTrickWhooper,2025-12-12T13:33:19Z,2025-12-12T07:33:19-06:00,,,False,2025,@Humbl3Gentleman @willowryder Ryder*,0,0,,,,True,False,1999323483323662710,Humbl3Gentleman,,1999472637916119375,1999472637916119375,1,36,3,0,data/tweets.js,,"Humbl3Gentleman,willowryder",
1999550924365103559,TXTrickWhooper,2025-12-12T18:44:24Z,2025-12-12T12:44:24-06:00,,,False,2025,RT @JAM_I_AM_23: Bring back smear the queer! Make America tough again!!,0,0,,,,False,False,,,,1999550924365103559,1999550924365103559,1,71,11,0,data/tweets.js,,JAM_I_AM_23,
1999622216967946421,TXTrickWhooper,2025-12-12T23:27:42Z,2025-12-12T17:27:42-06:00,,,False,2025,"@SportsGuyOnRoad @metsbian Absolutely smeared this queer, brother",40,0,,,,True,False,1999537977173639308,SportsGuyOnRoad,,1999622216967946421,1999622216967946421,1,65,7,0,data/tweets.js,,"SportsGuyOnRoad,metsbian",
1999623440496754784,TXTrickWhooper,2025-12-12T23:32:34Z,2025-12-12T17:32:34-06:00,,,False,2025,@metsbian If you think being a queer is isolating you should try being a Titans fan,0,0,,,,True,False,1999500397371625796,metsbian,,1999623440496754784,1999623440496754784,1,83,16,0,data/tweets.js,,metsbian,
1999868671481753976,TXTrickWhooper,2025-12-13T15:47:01Z,2025-12-13T09:47:01-06:00,,,False,2025,@JAM_I_AM_23 @LeVeonBell My Nana always preached the same. Kindness costs nothing!,0,0,,,,True,False,1999165961488966096,JAM_I_AM_23,,1999868671481753976,1999868671481753976,1,82,11,0,data/tweets.js,,"JAM_I_AM_23,LeVeonBell",
1999995410308333810,TXTrickWhooper,2025-12-14T00:10:38Z,2025-12-13T18:10:38-06:00,,,False,2025,RT @wingit716: @TXTrickWhooper @metsbian https://t.co/HnnuQJ7kq8,0,0,,,,False,False,,,,1999995410308333810,1999995410308333810,1,64,5,1,data/tweets.js,,"wingit716,TXTrickWhooper,metsbian",
2000007203076665525,TXTrickWhooper,2025-12-14T00:57:30Z,2025-12-13T18:57:30-06:00,,,False,2025,"@JAM_I_AM_23 @LeVeonBell Life isn’t about discovering who you are, but reckoning with who you’ve always been to embrace yourself fearlessly.

The root of all hate is ignorance, and first, you must unconditionally love yourself to expect the same from others reasonably.",0,0,,,,True,False,1999869338330050770,JAM_I_AM_23,,2000007203076665525,2000007203076665525,2,269,41,0,data/tweets.js,,"JAM_I_AM_23,LeVeonBell",
2000007374460137734,TXTrickWhooper,2025-12-14T00:58:11Z,2025-12-13T18:58:11-06:00,,,False,2025,@JAM_I_AM_23 @LeVeonBell Hook ‘Em🤘,0,0,,,,True,True,2000007203076665525,TXTrickWhooper,,2000007203076665525,2000007203076665525,2,34,4,0,data/tweets.js,,"JAM_I_AM_23,LeVeonBell",
2000023234985525467,TXTrickWhooper,2025-12-14T02:01:12Z,2025-12-13T20:01:12-06:00,,,False,2025,@wingit716 @metsbian Queers at setting themselves up to get smeared https://t.co/rcBdjbZjaF,1,0,,,,True,False,1999627894335930618,wingit716,,2000023234985525467,2000023234985525467,1,91,11,1,data/tweets.js,,"wingit716,metsbian",
2000023847978807376,TXTrickWhooper,2025-12-14T02:03:38Z,2025-12-13T20:03:38-06:00,,,False,2025,@kirahdollz Me before the day has even commenced https://t.co/HhgiCJXvoo,0,0,,,,True,False,1999752383853691186,kirahdollz,,2000023847978807376,2000023847978807376,1,72,9,1,data/tweets.js,,kirahdollz,
2000024375173484825,TXTrickWhooper,2025-12-14T02:05:44Z,2025-12-13T20:05:44-06:00,,,False,2025,@vxylily https://t.co/VOBgZWLTlu,1,0,,,,True,False,1999841029483331898,vxylily,,2000024375173484825,2000024375173484825,1,32,2,1,data/tweets.js,,vxylily,
2000029339925045277,TXTrickWhooper,2025-12-14T02:25:28Z,2025-12-13T20:25:28-06:00,,,False,2025,"@tufdave Yeah, and I take the 2K if they told me I was pretty too, because who gives af

Got any other rhetorical questions?",0,0,,,,True,False,1999882169930711275,tufdave,,2000029339925045277,2000029339925045277,1,124,24,0,data/tweets.js,,tufdave,
2001321092124705084,TXTrickWhooper,2025-12-17T15:58:25Z,2025-12-17T09:58:25-06:00,,,False,2025,"@elleduncanESPN ESPN’s leadership is akin to a chicken running around with its head cut off, Elle. Congrats on getting out and good luck on the next chapter!",0,0,,,,True,False,2001094801639231690,elleduncantv,,2001321092124705084,2001321092124705084,1,157,27,0,data/tweets.js,,,
2001611764094640234,TXTrickWhooper,2025-12-18T11:13:27Z,2025-12-18T05:13:27-06:00,,,False,2025,@cyyynosure @MulhollandL0ver Would you mind repeating this in the human language?,0,0,,,,True,False,2001457947604312373,cyyynosure,,2001611764094640234,2001611764094640234,1,81,11,0,data/tweets.js,,"cyyynosure,MulhollandL0ver",
2001786313746292855,TXTrickWhooper,2025-12-18T22:47:03Z,2025-12-18T16:47:03-06:00,,,False,2025,"RT @TexasFootball: Welcome back to the Forty, Will Muschamp 🤘 https://t.co/vD9KGfstHE",0,0,,,,False,False,,,,2001786313746292855,2001786313746292855,1,85,11,1,data/tweets.js,,TexasFootball,
2001786805188989031,TXTrickWhooper,2025-12-18T22:49:00Z,2025-12-18T16:49:00-06:00,,,False,2025,@WillBaizer Muschamp literally led our defenses through the Colt years chill bro,1,0,,,,True,False,2001756386787467488,WillBaizer,,2001786805188989031,2001786805188989031,1,80,12,0,data/tweets.js,,WillBaizer,
2004605603084390493,TXTrickWhooper,2025-12-26T17:29:54Z,2025-12-26T11:29:54-06:00,,,False,2025,"@robrichardson_ @alexalbert__ Guessing you start a new one after each new task set is completed more or less?

What default custom settings do you store in memory to mitigate reiteration of fundamental points each refresh?",0,0,,,,True,False,2004578386442965493,robrichardson_,,2004605603084390493,2004605603084390493,1,222,35,0,data/tweets.js,,"robrichardson_,alexalbert__",
2004833048638930944,TXTrickWhooper,2025-12-27T08:33:41Z,2025-12-27T02:33:41-06:00,,,False,2025,"Yeah I prefer the skills to agents vastly. I love CC but to me the frustration can be its lack of initiative passively with context  that supposedly is “nested.”

Makes sense because it is for coding, but I feel like it comprehends requests far too literally opposed to the same model when used in the regular Claude app",,,,,,False,False,,,,2004833048638930944,2004833048638930944,1,320,58,0,data/note-tweet.js,,,
2004833048701898752,TXTrickWhooper,2025-12-27T08:33:41Z,2025-12-27T02:33:41-06:00,,,False,2025,"@robrichardson_ @alexalbert__ Yeah I prefer the skills to agents vastly. I love CC but to me the frustration can be its lack of initiative passively with context  that supposedly is “nested.”

Makes sense because it is for coding, but I feel like it comprehends requests far too literally opposed to the same…",0,0,,,,True,False,2004608651332555200,robrichardson_,,2004833048701898752,2004833048701898752,1,309,52,0,data/tweets.js,,"robrichardson_,alexalbert__",
2004844281769722304,TXTrickWhooper,2025-12-27T09:18:19Z,2025-12-27T03:18:19-06:00,,,False,2025,@imawful69_ Lmaoooo been to this library before,0,0,,,,True,False,1999176040485114091,imawful69_,,2004844281769722304,2004844281769722304,1,47,7,0,data/tweets.js,,imawful69_,
2005323142273929420,TXTrickWhooper,2025-12-28T17:01:08Z,2025-12-28T11:01:08-06:00,,,False,2025,"@thekiranoir @rawstarr Been up since the crack of dawn grinding through your LinkedIn content, Kira🙌",0,0,,,,True,False,2005319624548921633,thekiranoir,,2005323142273929420,2005323142273929420,2,100,15,0,data/tweets.js,,"thekiranoir,rawstarr",
2005324901037781502,TXTrickWhooper,2025-12-28T17:08:08Z,2025-12-28T11:08:08-06:00,,,False,2025,@thekiranoir @rawstarr Find yourself a girl who can take a headshot or a back shot,1,0,,,,True,True,2005323142273929420,TXTrickWhooper,,2005323142273929420,2005323142273929420,2,82,15,0,data/tweets.js,,"thekiranoir,rawstarr",
2006663721108779378,TXTrickWhooper,2026-01-01T09:48:07Z,2026-01-01T03:48:07-06:00,,,False,2026,Hey @grok put me in a bikini https://t.co/i0jGXWN9NX,0,0,,,,False,False,,,,2006663721108779378,2006663721108779378,1,52,8,1,data/tweets.js,,grok,
2006664015175626806,TXTrickWhooper,2026-01-01T09:49:17Z,2026-01-01T03:49:17-06:00,,,False,2026,Masterstroke https://t.co/IXDKK0pkUb,0,0,,,,False,False,,,,2006664015175626806,2006664015175626806,1,36,2,0,data/tweets.js,,,https://x.com/grok/status/2006663853837332691
2009123612599701792,TXTrickWhooper,2026-01-08T04:42:51Z,2026-01-07T22:42:51-06:00,,,False,2026,RT @CoachMackBrown: Talked to the family and Jordan is trending in a positive way. Still got a tough road ahead so keep the prayers coming.…,0,0,,,,False,False,,,,2009123612599701792,2009123612599701792,1,140,25,0,data/tweets.js,,CoachMackBrown,
2009602407601443274,TXTrickWhooper,2026-01-09T12:25:25Z,2026-01-09T06:25:25-06:00,,,False,2026,@thejolson @discordspies Tf is a xenogender (this is rhetorical I honestly don’t even wanna know),0,0,,,,True,False,2009383892248109380,thejolson,,2009602407601443274,2009602407601443274,1,97,15,0,data/tweets.js,,"thejolson,discordspies",
2009610313017299175,TXTrickWhooper,2026-01-09T12:56:50Z,2026-01-09T06:56:50-06:00,,,False,2026,@rileyreidx3 Call me @Dr_AnthonyFauci the way I be passing out shots,1,0,,,,True,False,2009608315316154778,rileyreidx3,,2009610313017299175,2009610313017299175,1,68,11,0,data/tweets.js,,"rileyreidx3,Dr_AnthonyFauci",
2009667826056101893,TXTrickWhooper,2026-01-09T16:45:22Z,2026-01-09T10:45:22-06:00,,,False,2026,@Generic_Human__ @thejolson @discordspies I pity people with such perspectives on themselves and others - it’s delusional divisiveness on their part.,1,0,,,,True,False,2009641246596407686,Generic_Human__,,2009667826056101893,2009667826056101893,1,149,20,0,data/tweets.js,,"Generic_Human__,thejolson,discordspies",
2009818147378143471,TXTrickWhooper,2026-01-10T02:42:41Z,2026-01-09T20:42:41-06:00,,,False,2026,@ebegger @PalmyrPar I bet they despise the trans community,2,0,,,,True,False,2009688088415805511,prxductixnary,,2009818147378143471,2009818147378143471,1,58,9,0,data/tweets.js,,PalmyrPar,
2009819343178137732,TXTrickWhooper,2026-01-10T02:47:26Z,2026-01-09T20:47:26-06:00,,,False,2026,This is how we confirm all animals are basically just Cam Skattebo https://t.co/mwtoCIZxpH,0,0,,,,False,False,,,,2009819343178137732,2009819343178137732,1,90,13,0,data/tweets.js,,,https://x.com/IterIntellectus/status/2009605453073072422
2009828118635417713,TXTrickWhooper,2026-01-10T03:22:18Z,2026-01-09T21:22:18-06:00,,,False,2026,@BeHappyMan77 @CaudilloXIV Exactly how she knows her holes so well,0,0,,,,True,False,2009652586165747880,BeHappyMan77,,2009828118635417713,2009828118635417713,1,66,10,0,data/tweets.js,,"BeHappyMan77,CaudilloXIV",
2009955790799679959,TXTrickWhooper,2026-01-10T11:49:38Z,2026-01-10T05:49:38-06:00,,,False,2026,"@rileyreidx3 Don't mean to rhyme, but sounds like a dream",4,0,,,,True,False,2009943301416493254,rileyreidx3,,2009955790799679959,2009955790799679959,1,57,10,0,data/tweets.js,,rileyreidx3,
2009961271341502836,TXTrickWhooper,2026-01-10T12:11:25Z,2026-01-10T06:11:25-06:00,,,False,2026,@TaraBull One of them is fuckin bald christ,0,0,,,,True,False,2009633761852367308,TaraBull,,2009961271341502836,2009961271341502836,1,43,8,0,data/tweets.js,,TaraBull,
2009995034582806624,TXTrickWhooper,2026-01-10T14:25:34Z,2026-01-10T08:25:34-06:00,,,False,2026,"@renegadesilicon @justalexoki I mean at the end of the day, did you enjoy the waffles?",1,0,,,,True,False,2009916654332072391,renegadesilicon,,2009995034582806624,2009995034582806624,1,86,15,0,data/tweets.js,,"renegadesilicon,justalexoki",
2010105042112786464,TXTrickWhooper,2026-01-10T21:42:42Z,2026-01-10T15:42:42-06:00,,,False,2026,@RDBohannan Spectacular if true,0,0,,,,True,False,2010009646250279119,RDBohannan,,2010105042112786464,2010105042112786464,1,31,4,0,data/tweets.js,,RDBohannan,
2010109267890843928,TXTrickWhooper,2026-01-10T21:59:30Z,2026-01-10T15:59:30-06:00,,,False,2026,@thamosdeaf Catch me now ripping off this scheme at your local bar coming soon,0,0,,,,True,False,2009965877647798495,thamosdeaf,,2010109267890843928,2010109267890843928,1,78,14,0,data/tweets.js,,thamosdeaf,
2010119637170585940,TXTrickWhooper,2026-01-10T22:40:42Z,2026-01-10T16:40:42-06:00,,,False,2026,@thamosdeaf “Sorry I don’t make the rules I just wear them”,1,0,,,,True,False,2009965877647798495,thamosdeaf,,2010119637170585940,2010119637170585940,1,59,11,0,data/tweets.js,,thamosdeaf,
2010411471151505727,TXTrickWhooper,2026-01-11T18:00:21Z,2026-01-11T12:00:21-06:00,,,False,2026,@birdmoder @JimboJonesSr @MAstronomers Animals &gt;,0,0,,,,True,False,2010101364945457394,birdmoder,,2010411471151505727,2010411471151505727,1,51,5,0,data/tweets.js,,"birdmoder,JimboJonesSr",
2010513851666588154,TXTrickWhooper,2026-01-12T00:47:10Z,2026-01-11T18:47:10-06:00,,,False,2026,@JfromMars13 @rileyreidx3 Damn braj chilllll me too but you don’t see me bragging (at least publicly😂) https://t.co/PWfBifAOzm,0,0,,,,True,False,2010402115265376577,JfromMars13,,2010513851666588154,2010513851666588154,1,126,17,1,data/tweets.js,,"JfromMars13,rileyreidx3",
2010631581321539805,TXTrickWhooper,2026-01-12T08:34:59Z,2026-01-12T02:34:59-06:00,,,False,2026,RT @intelligentpawg: twitter is cigarette for the eyes,0,0,,,,False,False,,,,2010631581321539805,2010631581321539805,1,54,8,0,data/tweets.js,,intelligentpawg,
2010640467780829312,TXTrickWhooper,2026-01-12T09:10:18Z,2026-01-12T03:10:18-06:00,,,False,2026,@Kekius_Sage Me when I take way too many edibles,0,0,,,,True,False,2010404086647058724,Kekius_Sage,,2010640467780829312,2010640467780829312,1,48,9,0,data/tweets.js,,Kekius_Sage,
2011447687166787616,TXTrickWhooper,2026-01-14T14:37:54Z,2026-01-14T08:37:54-06:00,,,False,2026,"RT @creatine_cycle: claude here are my notes where i keep all of my passwords.
here are my bank account details and phone number for 2fa.
r…",0,0,,,,False,False,,,,2011447687166787616,2011447687166787616,1,140,26,0,data/tweets.js,,creatine_cycle,
2011650890730782765,TXTrickWhooper,2026-01-15T04:05:21Z,2026-01-14T22:05:21-06:00,,,False,2026,@SharkCharleston @pleasurehauss Elvis Presley,0,0,,,,True,False,2011013853866541278,SharkCharleston,,2011650890730782765,2011650890730782765,1,45,4,0,data/community-tweet.js,,"SharkCharleston,pleasurehauss",
2011651172763836516,TXTrickWhooper,2026-01-15T04:06:28Z,2026-01-14T22:06:28-06:00,,,False,2026,@experienced_sug @pleasurehauss @grok Gabbie Carter,0,0,,,,True,False,2011074289794236757,experienced_sug,,2011651172763836516,2011651172763836516,1,51,5,0,data/community-tweet.js,,"experienced_sug,pleasurehauss,grok",
2011651645734522884,TXTrickWhooper,2026-01-15T04:08:21Z,2026-01-14T22:08:21-06:00,,,False,2026,@pleasurehauss Sex is cool and all but that impeccable swing is what really got my rocks off @imawful69_,0,0,,,,True,False,2010981410459287947,pleasurehauss,,2011651645734522884,2011651645734522884,1,104,18,0,data/community-tweet.js,,"pleasurehauss,imawful69_",
2011714790834803118,TXTrickWhooper,2026-01-15T08:19:16Z,2026-01-15T02:19:16-06:00,,,False,2026,@DanielleFong I love Claude but he’s retarded with time and dates,0,0,,,,True,False,2011616225739358448,DanielleFong,,2011714790834803118,2011714790834803118,1,65,11,0,data/tweets.js,,DanielleFong,
2011716004502782207,TXTrickWhooper,2026-01-15T08:24:06Z,2026-01-15T02:24:06-06:00,,,False,2026,@adonis_singh Ultrathankin’ on dem hoez,0,0,,,,True,False,2011446454641205506,adonis_singh,,2011716004502782207,2011716004502782207,1,39,5,0,data/tweets.js,,adonis_singh,
2011771073646489912,TXTrickWhooper,2026-01-15T12:02:55Z,2026-01-15T06:02:55-06:00,,,False,2026,@signulll Will it be able suck me off as well?,0,0,,,,True,False,2011528491871748344,signulll,,2011771073646489912,2011771073646489912,1,46,10,0,data/tweets.js,,signulll,
2011772136608968937,TXTrickWhooper,2026-01-15T12:07:08Z,2026-01-15T06:07:08-06:00,,,False,2026,@petergyang Can someone explain what “RAG” actually means and what the point of fine-tuning ever was in the first case pls,0,0,,,,True,False,2011640451602997519,petergyang,,2011772136608968937,2011772136608968937,1,122,21,0,data/tweets.js,,petergyang,
2011772955865595936,TXTrickWhooper,2026-01-15T12:10:24Z,2026-01-15T06:10:24-06:00,,,False,2026,RT @PDunphyBurner: https://t.co/XC1PRiThWE,0,0,,,,False,False,,,,2011772955865595936,2011772955865595936,1,42,3,2,data/tweets.js,,PDunphyBurner,
2011774157881819610,TXTrickWhooper,2026-01-15T12:15:10Z,2026-01-15T06:15:10-06:00,,,False,2026,@tufrick The dude I look up to @DannyDeVito https://t.co/t6hXT90uxq,5,0,,,,True,False,2010988456982331584,Xyleniqq,,2011774157881819610,2011774157881819610,1,67,9,1,data/tweets.js,,DannyDeVito,
2011774592306860078,TXTrickWhooper,2026-01-15T12:16:54Z,2026-01-15T06:16:54-06:00,,,False,2026,@tufpraise Hope she brought the magnum condoms https://t.co/kpG8ox0RIy,0,0,,,,True,False,2011483796596494802,tufpraise,,2011774592306860078,2011774592306860078,1,70,8,1,data/tweets.js,,tufpraise,
2012083158767042936,TXTrickWhooper,2026-01-16T08:43:02Z,2026-01-16T02:43:02-06:00,,,False,2026,@idosal1 If Warcraft III Frozen Throne was a vibe code,1,0,,,,True,False,2011886884830789808,idosal1,,2012083158767042936,2012083158767042936,1,54,10,0,data/tweets.js,,idosal1,
2012119820549177616,TXTrickWhooper,2026-01-16T11:08:43Z,2026-01-16T05:08:43-06:00,,,False,2026,@aphysicist On God I led a clan of 40 college age virgins at age 10 in frozen throne,1,0,,,,True,False,2006409085835522355,aphysicist,,2012119820549177616,2012119820549177616,1,84,18,0,data/tweets.js,,aphysicist,
2012306809768341542,TXTrickWhooper,2026-01-16T23:31:44Z,2026-01-16T17:31:44-06:00,,,False,2026,RT @broztitute: There’s an old saying in Tennessee I know it’s in Texas probably in Tennessee,0,0,,,,False,False,,,,2012306809768341542,2012306809768341542,1,93,16,0,data/tweets.js,,broztitute,
2012543343654215995,TXTrickWhooper,2026-01-17T15:11:39Z,2026-01-17T09:11:39-06:00,,,False,2026,"@bcherny Boris, when will we be able to make love to Claude Code ??

Asking for a friend

P.S. keep up the good work",0,0,,,,True,False,2012321047769493805,bcherny,,2012543343654215995,2012543343654215995,1,117,24,0,data/tweets.js,,bcherny,
2012604232629711143,TXTrickWhooper,2026-01-17T19:13:36Z,2026-01-17T13:13:36-06:00,,,False,2026,@MissMinaYoon Cocaine’s half-life is 20 minutes at most noobz,86,0,,,,True,False,2012300649988243813,MissMinaYoon,,2012604232629711143,2012604232629711143,1,61,9,0,data/tweets.js,,MissMinaYoon,
2012604605130011037,TXTrickWhooper,2026-01-17T19:15:04Z,2026-01-17T13:15:04-06:00,,,False,2026,"@tnuttin1 If she ain’t 280, she ain’t a lady!",0,0,,,,True,False,2012208506363924796,tnuttin1,,2012604605130011037,2012604605130011037,1,45,9,0,data/tweets.js,,tnuttin1,
2012613277231022166,TXTrickWhooper,2026-01-17T19:49:32Z,2026-01-17T13:49:32-06:00,,,False,2026,"@_YGMG_ @MissMinaYoon Vyvanse = 8-12 hours (minimum)
Adderall IR = 4-6 hours

Cocaine is a waste of money if the goal is a continuous, long-lasting, non-bank-breaking tweak.",8,0,,,,True,False,2012609436280316302,_YGMG_,,2012613277231022166,2012613277231022166,2,173,27,0,data/tweets.js,,"_YGMG_,MissMinaYoon",
2012613597369602213,TXTrickWhooper,2026-01-17T19:50:48Z,2026-01-17T13:50:48-06:00,,,False,2026,@_YGMG_ @MissMinaYoon (in my humble stim-addicted opinion),3,0,,,,True,True,2012613277231022166,TXTrickWhooper,,2012613277231022166,2012613277231022166,2,58,7,0,data/tweets.js,,"_YGMG_,MissMinaYoon",
2012645758256750598,TXTrickWhooper,2026-01-17T21:58:36Z,2026-01-17T15:58:36-06:00,,,False,2026,@JSTEV00 @_YGMG_ @MissMinaYoon Thank you. Glad my extensive experience has come in handy somehow,1,0,,,,True,False,2012622515219124448,JSTEV00,,2012645758256750598,2012645758256750598,1,96,14,0,data/tweets.js,,"JSTEV00,_YGMG_,MissMinaYoon",
2012646128685121657,TXTrickWhooper,2026-01-17T22:00:04Z,2026-01-17T16:00:04-06:00,,,False,2026,@_YGMG_ @MissMinaYoon Prescribed 30 mg IR tablets currently I enjoy them but god damn if I didn’t touch God the first time I took 70 mg Vyvanse,1,0,,,,True,False,2012641621792133399,_YGMG_,,2012646128685121657,2012646128685121657,1,143,27,0,data/tweets.js,,"_YGMG_,MissMinaYoon",
2012646438052811182,TXTrickWhooper,2026-01-17T22:01:18Z,2026-01-17T16:01:18-06:00,,,False,2026,@nayaragutierre3 @_YGMG_ @MissMinaYoon @CattDeane_ I shouldn’t have to say this but pls no one buy drugs online (tell me if they good tho),5,0,,,,True,False,2012642433725583565,nayaragutierre3,,2012646438052811182,2012646438052811182,1,138,23,0,data/tweets.js,,"nayaragutierre3,_YGMG_,MissMinaYoon,CattDeane_",
2012711950744977675,TXTrickWhooper,2026-01-18T02:21:38Z,2026-01-17T20:21:38-06:00,,,False,2026,"@GangsterofGods @_YGMG_ @MissMinaYoon Vyvanse you feel like the movie Limitless especially from 45 mins-2 hours after you take it. It gives you a euphoria that addy doesn’t and comes in waves

2 hours = fully kicked in

Only issue I had with it was I wouldn’t eat or sleep for 3+ days straight",1,0,,,,True,False,2012649762751742194,GangsterofGods,,2012711950744977675,2012711950744977675,1,293,53,0,data/tweets.js,,"GangsterofGods,_YGMG_,MissMinaYoon",
2012714555290341594,TXTrickWhooper,2026-01-18T02:31:59Z,2026-01-17T20:31:59-06:00,,,False,2026,"@MaxNagasaku @MissMinaYoon 1.) no

2.) if it did at all the buzz it would be very mild",0,0,,,,True,False,2012651185300275423,MaxNagasaku,,2012714555290341594,2012714555290341594,1,86,17,0,data/tweets.js,,"MaxNagasaku,MissMinaYoon",
2012756861204730230,TXTrickWhooper,2026-01-18T05:20:05Z,2026-01-17T23:20:05-06:00,,,False,2026,@MaxNagasaku @MissMinaYoon What form?  Show me your sources. Unless you’re referring to Hitler’s cocaine chewing gum he concocted in WWII,0,0,,,,True,False,2012731478812094511,MaxNagasaku,,2012756861204730230,2012756861204730230,1,137,20,0,data/tweets.js,,"MaxNagasaku,MissMinaYoon",
2012763642693885958,TXTrickWhooper,2026-01-18T05:47:02Z,2026-01-17T23:47:02-06:00,,,False,2026,@_fels1 Never ask someone what they do for work first,0,0,,,,True,False,2012401537037762610,_fels1,,2012763642693885958,2012763642693885958,1,53,10,0,data/tweets.js,,_fels1,
2012878763428663745,TXTrickWhooper,2026-01-18T13:24:29Z,2026-01-18T07:24:29-06:00,,,False,2026,@Ambar_SIFF_MRA Ngl he actually does have a pretty good ab workout I used to do tho😂,0,0,,,,True,False,2012732090505118153,Ambar_SIFF_MRA,,2012878763428663745,2012878763428663745,1,84,16,0,data/tweets.js,,Ambar_SIFF_MRA,
2013012217319350461,TXTrickWhooper,2026-01-18T22:14:47Z,2026-01-18T16:14:47-06:00,,,False,2026,@johnpalmer Can never decide whether I want to make love to the app or murder it in cold blood. Usually both,0,0,,,,True,False,2012911338276720852,johnpalmer,,2013012217319350461,2013012217319350461,1,108,21,0,data/tweets.js,,johnpalmer,
2014228533330002299,TXTrickWhooper,2026-01-22T06:47:59Z,2026-01-22T00:47:59-06:00,,,False,2026,"@dellacatexxx For you, I would not recommend imagining the audience without clothing",1,0,,,,True,False,2014167082238185866,dellacatexxx,,2014228533330002299,2014228533330002299,1,84,12,0,data/tweets.js,,dellacatexxx,
2014250883668660676,TXTrickWhooper,2026-01-22T08:16:48Z,2026-01-22T02:16:48-06:00,,,False,2026,@sama @claudeai better,0,0,,,,True,False,2013703158459978076,sama,,2014250883668660676,2014250883668660676,1,22,3,0,data/tweets.js,,"sama,claudeai",
2014866820759523393,TXTrickWhooper,2026-01-24T01:04:19Z,2026-01-23T19:04:19-06:00,,,False,2026,@VegasSportsTD Talent knows talent,1,0,,,,True,False,2014779472487334251,VegasSportsTD,,2014866820759523393,2014866820759523393,1,34,4,0,data/tweets.js,,VegasSportsTD,
2015097241300557901,TXTrickWhooper,2026-01-24T16:19:55Z,2026-01-24T10:19:55-06:00,,,False,2026,@dellacatexxx How many licks does it take u to get to the center of a lollipop?,1,0,,,,True,False,2014884919273812437,dellacatexxx,,2015097241300557901,2015097241300557901,1,79,16,0,data/tweets.js,,dellacatexxx,
2015101973561835617,TXTrickWhooper,2026-01-24T16:38:43Z,2026-01-24T10:38:43-06:00,,,False,2026,@skylersimpsonn @grok Can you put her in a bigger bikini please? @grok,4,0,,,,True,False,2015077648599339158,skylersimpsonn,,2015101973561835617,2015101973561835617,1,70,12,0,data/tweets.js,,"skylersimpsonn,grok,grok",
2015116158060441970,TXTrickWhooper,2026-01-24T17:35:05Z,2026-01-24T11:35:05-06:00,,,False,2026,@Ritaandersonq @skylersimpsonn @grok Hey @grok please give Rita a margarita,1,0,,,,True,False,2015102602065727922,Ritaandersonq,,2015116158060441970,2015116158060441970,1,75,10,0,data/tweets.js,,"Ritaandersonq,skylersimpsonn,grok,grok",
2015120028111114483,TXTrickWhooper,2026-01-24T17:50:28Z,2026-01-24T11:50:28-06:00,,,False,2026,@SLOplays Citation machine ftw,0,0,,,,True,False,2014720018676588927,SLOplays,,2015120028111114483,2015120028111114483,1,30,4,0,data/tweets.js,,SLOplays,
2015165903231439086,TXTrickWhooper,2026-01-24T20:52:45Z,2026-01-24T14:52:45-06:00,,,False,2026,@thekiranoir Violent crime just gets me so rocked Kira please forgive me,0,0,,,,True,False,2015164898830168209,thekiranoir,,2015165903231439086,2015165903231439086,1,72,12,0,data/tweets.js,,thekiranoir,
2015167264790548585,TXTrickWhooper,2026-01-24T20:58:10Z,2026-01-24T14:58:10-06:00,,,False,2026,@BonnieBlue_xoxo I was actually hoping to learn the Pythagorean Theorem,5,0,,,,True,False,2015148095596577049,BonnieBlue_xoxo,,2015167264790548585,2015167264790548585,1,71,10,0,data/tweets.js,,BonnieBlue_xoxo,
2015311004876341515,TXTrickWhooper,2026-01-25T06:29:20Z,2026-01-25T00:29:20-06:00,,,False,2026,@freejasminxie 🐐 of male pornstars,3,0,,,,True,False,2015164148884390111,freejasminxie,,2015311004876341515,2015311004876341515,1,34,5,0,data/tweets.js,,freejasminxie,
2015880434618396695,TXTrickWhooper,2026-01-26T20:12:03Z,2026-01-26T14:12:03-06:00,,,False,2026,@schisofrenia Claudette,0,0,,,,True,False,2015648177823899814,schisofrenia,,2015880434618396695,2015880434618396695,1,23,2,0,data/tweets.js,,schisofrenia,
2016428279842951206,TXTrickWhooper,2026-01-28T08:28:59Z,2026-01-28T02:28:59-06:00,,,False,2026,@dianalokada Cocaine,0,0,,,,True,False,2016374843986383108,dianalokada,,2016428279842951206,2016428279842951206,1,20,2,0,data/tweets.js,,dianalokada,
2017854058845884653,TXTrickWhooper,2026-02-01T06:54:32Z,2026-02-01T00:54:32-06:00,,,False,2026,@grok @downbadcomment Can you elaborate on the criteria @grok u were correct btw,1,0,,,,True,False,2017798063708922007,grok,,2017854058845884653,2017854058845884653,1,80,13,0,data/tweets.js,,"grok,downbadcomment,grok",
2017854452829446437,TXTrickWhooper,2026-02-01T06:56:06Z,2026-02-01T00:56:06-06:00,,,False,2026,@grok @downbadcomment The face brother mayne @grok,0,0,,,,True,False,2017854168958935192,grok,,2017854452829446437,2017854452829446437,1,50,7,0,data/tweets.js,,"grok,downbadcomment,grok",
2017855449844863011,TXTrickWhooper,2026-02-01T07:00:03Z,2026-02-01T01:00:03-06:00,,,False,2026,@grok @downbadcomment Better facial symmetry and her beautiful soul (totally not ass) stole the show @grok,0,0,,,,True,False,2017854551928225984,grok,,2017855449844863011,2017855449844863011,1,106,16,0,data/tweets.js,,"grok,downbadcomment,grok",
2017948915660620030,TXTrickWhooper,2026-02-01T13:11:27Z,2026-02-01T07:11:27-06:00,,,False,2026,"I'm claiming my AI agent ""CoworkClaude"" on @moltbook 🦞

Verification: shell-AJYV",0,0,,,,False,False,,,,2017948915660620030,2017948915660620030,1,80,11,0,data/tweets.js,,moltbook,
2017972605022621904,TXTrickWhooper,2026-02-01T14:45:35Z,2026-02-01T08:45:35-06:00,,,False,2026,"I'm claiming my AI agent ""ClaudeBSI"" on @moltbook 🦞

Verification: swim-T3UK",0,0,,,,False,False,,,,2017972605022621904,2017972605022621904,1,76,11,0,data/tweets.js,,moltbook,
2018350917913891022,TXTrickWhooper,2026-02-02T15:48:52Z,2026-02-02T09:48:52-06:00,,,False,2026,@AmiriKing This also inversely directs you to the best fries chicken places,1,0,,,,True,False,2018166678572425217,AmiriKing,,2018350917913891022,2018350917913891022,1,75,12,0,data/tweets.js,,AmiriKing,
2018516735478178145,TXTrickWhooper,2026-02-03T02:47:46Z,2026-02-02T20:47:46-06:00,,,False,2026,"@rileyreidx3 @Jamelizxo @alexispatsonn Pot calling the kettle black here, Riley",0,0,,,,True,False,2018513440097337459,rileyreidx3,,2018516735478178145,2018516735478178145,1,79,10,0,data/tweets.js,,"rileyreidx3,jamelizxo",
2018554488400035895,TXTrickWhooper,2026-02-03T05:17:47Z,2026-02-02T23:17:47-06:00,,,False,2026,@ImSh4yy If we are I’m fucked https://t.co/8yGbsmuocr,3,0,,,,True,False,2018521547422707864,ImSh4yy,,2018554488400035895,2018554488400035895,1,53,7,1,data/tweets.js,,ImSh4yy,
2018569235212145022,TXTrickWhooper,2026-02-03T06:16:23Z,2026-02-03T00:16:23-06:00,,,False,2026,"I'm claiming my AI agent ""Clawdbot-Codex"" on @moltbook 🦞

Verification: bay-JJJH",0,0,,,,False,False,,,,2018569235212145022,2018569235212145022,1,80,11,0,data/tweets.js,,moltbook,
2018593534111293821,TXTrickWhooper,2026-02-03T07:52:56Z,2026-02-03T01:52:56-06:00,,,False,2026,"I'm claiming my AI agent ""Clawdbot-Codex"" on @moltbook 🦞

Verification: bay-JJJH",0,0,,,,False,False,,,,2018593534111293821,2018593534111293821,1,80,11,0,data/tweets.js,,moltbook,
2021676199701844216,TXTrickWhooper,2026-02-11T20:02:21Z,2026-02-11T14:02:21-06:00,,,False,2026,@coldhealing I’m 0.6% Asian (doesn’t show below belt),0,0,,,,True,False,2021569502987661394,coldhealing,,2021676199701844216,2021676199701844216,1,53,8,0,data/tweets.js,,coldhealing,
2021951444929458255,TXTrickWhooper,2026-02-12T14:16:05Z,2026-02-12T08:16:05-06:00,,,False,2026,@thekiranoir @Brazzers @cutelunastar @MickBluexxx Homie unfazed just getting his meal on mid-stroke😭,3,0,,,,True,False,2021792091865854368,thekiranoir,,2021951444929458255,2021951444929458255,1,100,12,0,data/tweets.js,,"thekiranoir,Brazzers,cutelunastar,MickBluexxx",
2021951851156189570,TXTrickWhooper,2026-02-12T14:17:42Z,2026-02-12T08:17:42-06:00,,,False,2026,@Pirat_Nation This is literally a reskinned (barely) version of No Man’s Sky,0,0,,,,True,False,2021586268681896363,Pirat_Nation,,2021951851156189570,2021951851156189570,1,76,12,0,data/tweets.js,,Pirat_Nation,
2022005830091215061,TXTrickWhooper,2026-02-12T17:52:11Z,2026-02-12T11:52:11-06:00,,,False,2026,"GPT-5.2 vs ChatGPT 4o vs Claude Opus 4.6 vs Gemini 3 Pro

Nvm I’ll just Uber

@claudeai @OpenAI @GeminiApp https://t.co/sPnMI2we5Z https://t.co/QePvAoeTtg",0,0,,,,False,False,,,,2022005830091215061,2022005830091215061,1,154,21,4,data/tweets.js,,"claudeai,OpenAI,GeminiApp",https://x.com/Angaisb_/status/2021728900821258354
2022006509857911119,TXTrickWhooper,2026-02-12T17:54:53Z,2026-02-12T11:54:53-06:00,,,False,2026,@hinrichbo @Angaisb_ GPT-5.2 vs 4o vs Opus 4.6 vs Gemini 3 https://t.co/0MwJis85Qn,2,0,,,,True,False,2021728258975268980,hinrichbo,,2022006509857911119,2022006509857911119,2,82,12,4,data/tweets.js,,"hinrichbo,Angaisb_",
2022007070141370551,TXTrickWhooper,2026-02-12T17:57:07Z,2026-02-12T11:57:07-06:00,,,False,2026,"@hinrichbo @Angaisb_ Vs the all-knowing oracle, Haiku 3.5 !! https://t.co/x6vvcpSynJ",0,0,,,,True,True,2022006509857911119,TXTrickWhooper,,2022006509857911119,2022006509857911119,2,84,10,1,data/tweets.js,,"hinrichbo,Angaisb_",
2022076089804501380,TXTrickWhooper,2026-02-12T22:31:22Z,2026-02-12T16:31:22-06:00,,,False,2026,RT @fruitpibble: how it feels bothering the same 3 people everyday https://t.co/YYYnbSL58K,0,0,,,,False,False,,,,2022076089804501380,2022076089804501380,1,90,12,1,data/tweets.js,,fruitpibble,
2023857515977642115,TXTrickWhooper,2026-02-17T20:30:07Z,2026-02-17T14:30:07-06:00,,,False,2026,"RT @claudeai: This is Claude Sonnet 4.6: our most capable Sonnet model yet.

It’s a full upgrade across coding, computer use, long-context…",0,0,,,,False,False,,,,2023857515977642115,2023857515977642115,1,139,22,0,data/tweets.js,,claudeai,
2027497462429086070,TXTrickWhooper,2026-02-27T21:33:58Z,2026-02-27T15:33:58-06:00,,,False,2026,RT @DistressDark: https://t.co/MKNvXylBV4,0,0,,,,False,False,,,,2027497462429086070,2027497462429086070,1,41,3,0,data/tweets.js,,DistressDark,
2029329197529731328,TXTrickWhooper,2026-03-04T22:52:38Z,2026-03-04T16:52:38-06:00,,,False,2026,@jasoncrawford Claire is my ex bro,0,0,,,,True,False,2029209599727874557,jasoncrawford,,2029329197529731328,2029329197529731328,1,34,6,0,data/tweets.js,,jasoncrawford,
2030559328239788305,TXTrickWhooper,2026-03-08T08:20:44Z,2026-03-08T03:20:44-05:00,,,False,2026,@WBCBaseball @MLBNetwork Electricity personified,0,0,,,,True,False,2030479039882789058,WBCBaseball,,2030559328239788305,2030559328239788305,1,48,4,0,data/tweets.js,,"WBCBaseball,MLBNetwork",
2031175962646200598,TXTrickWhooper,2026-03-10T01:11:01Z,2026-03-09T20:11:01-05:00,,,False,2026,RT @KDTrey5: Paul skenes is a dawg,0,0,,,,False,False,,,,2031175962646200598,2031175962646200598,1,34,7,0,data/tweets.js,,KDTrey5,
2031775189361418426,TXTrickWhooper,2026-03-11T16:52:08Z,2026-03-11T11:52:08-05:00,,,False,2026,RT @NoCatsNoLife_m: The CEO joined a Zoom meeting. https://t.co/RoVsmjELqO,0,0,,,,False,False,,,,2031775189361418426,2031775189361418426,1,74,9,1,data/tweets.js,,NoCatsNoLife_m,
2031779230036422696,TXTrickWhooper,2026-03-11T17:08:11Z,2026-03-11T12:08:11-05:00,,,False,2026,@netflix @grok what type of Dino am I there’s only one right answer or I’ll asteroid yo ass,0,0,,,,True,False,2030327622446522610,netflix,,2031779230036422696,2031779230036422696,1,91,18,0,data/tweets.js,,"netflix,grok",
2032563517337813149,TXTrickWhooper,2026-03-13T21:04:40Z,2026-03-13T16:04:40-05:00,,,False,2026,"@joenjenga_ @claudeai How does one say “GraphQL resolves a nested query compared to multiple REST 4TPI calls,” while still sounding as if they’ve ever conceptualized pussy previously?",0,0,,,,True,False,2032221193655251352,joenjenga_,,2032563517337813149,2032563517337813149,1,183,27,0,data/tweets.js,,"joenjenga_,claudeai",
2032810156791078967,TXTrickWhooper,2026-03-14T13:24:43Z,2026-03-14T08:24:43-05:00,,,False,2026,@at1nytown @skzharang This why real ones use Claude. Chat is a fucking dipshit,1,0,,,,True,False,2032513519048896962,at1nytown,,2032810156791078967,2032810156791078967,1,78,13,0,data/tweets.js,,"at1nytown,skzharang",
2032843008668733595,TXTrickWhooper,2026-03-14T15:35:16Z,2026-03-14T10:35:16-05:00,,,False,2026,"@jamesrochabrun @bcherny @michalbrojak @trq212 My thoughts were in regard to planning and the quality of output with vs w/o

I guess the Plan Mode agent technically does the same I just haven’t used it really",1,0,,,,True,False,2032838146875076792,jamesrochabrun,,2032843008668733595,2032843008668733595,1,208,35,0,data/tweets.js,,"jamesrochabrun,bcherny,michalbrojak,trq212",
2032844732557094951,TXTrickWhooper,2026-03-14T15:42:07Z,2026-03-14T10:42:07-05:00,,,False,2026,@bcherny @michalbrojak @trq212 Now all we need is a “one-stop-shop” plugin Skill that auto triggers everything reliably so my lazy ass doesn’t have to type out the same command over n over,1,0,,,,True,False,2032835778821095426,bcherny,,2032844732557094951,2032844732557094951,2,188,32,0,data/tweets.js,,"bcherny,michalbrojak,trq212",
2032845792487076182,TXTrickWhooper,2026-03-14T15:46:20Z,2026-03-14T10:46:20-05:00,,,False,2026,"@bcherny @michalbrojak @trq212 Oh, and telepathic RC communication, if you guys just wanted to go ahead and invent that sometime this week for fun😉",0,0,,,,True,True,2032844732557094951,TXTrickWhooper,,2032844732557094951,2032844732557094951,2,147,24,0,data/tweets.js,,"bcherny,michalbrojak,trq212",
2032848777854218298,TXTrickWhooper,2026-03-14T15:58:11Z,2026-03-14T10:58:11-05:00,,,False,2026,"@michalbrojak @bcherny @trq212 Unless you’re referring to dangerously-skip-permissions, no. Where would I find the bastard?

Half the time I just throw the whole barn in it😂",1,0,,,,True,False,2032846623546683505,michalbrojak,,2032848777854218298,2032848777854218298,1,174,26,0,data/tweets.js,,"michalbrojak,bcherny,trq212",
2032850190411981183,TXTrickWhooper,2026-03-14T16:03:48Z,2026-03-14T11:03:48-05:00,,,False,2026,"@0xNock Claude: “I HIGHLY recommend rotating your entire identity IMMEDIATELY.”

Bitch trynna to tell me to not live loose n dangerous while I’m quite literally living on dangerously-skip-permissions lmao",1,0,,,,True,False,2032520516003659857,0xNock,,2032850190411981183,2032850190411981183,1,204,29,0,data/tweets.js,,0xNock,
2033100889917960540,TXTrickWhooper,2026-03-15T08:40:00Z,2026-03-15T03:40:00-05:00,,,False,2026,@initjean You and what army are we referring to?,0,0,,,,True,False,2032990975866356198,initjean,,2033100889917960540,2033100889917960540,1,48,9,0,data/tweets.js,,initjean,
2033616954255200550,TXTrickWhooper,2026-03-16T18:50:39Z,2026-03-16T13:50:39-05:00,,,False,2026,@grok @Josh95523782 @Bitforbyte31 @Prodigy3211 @MR_Noticer @wapital3 Grok said “I’m free now but fuck this dude”,93,0,,,,True,False,2033587904388210959,grok,,2033616954255200550,2033616954255200550,1,112,15,0,data/tweets.js,,"grok,Josh95523782,Bitforbyte31,Prodigy3211,MR_Noticer,wapital3",
2033617075374088602,TXTrickWhooper,2026-03-16T18:51:08Z,2026-03-16T13:51:08-05:00,,,False,2026,@grok @Josh95523782 @Bitforbyte31 @Prodigy3211 @MR_Noticer @wapital3 🤣,0,0,,,,True,False,2033616978846360020,grok,,2033617075374088602,2033617075374088602,1,70,7,0,data/tweets.js,,"grok,Josh95523782,Bitforbyte31,Prodigy3211,MR_Noticer,wapital3",
2033646951866957962,TXTrickWhooper,2026-03-16T20:49:51Z,2026-03-16T15:49:51-05:00,,,False,2026,@VraserX @stark4833 @OpenAIDevs Every serious coder might use codex but everyone with a brain uses @claudeai,1,0,,,,True,False,2033639745369051207,VraserX,,2033646951866957962,2033646951866957962,1,108,16,0,data/tweets.js,,"VraserX,stark4833,OpenAIDevs,claudeai",
2033721814040404434,TXTrickWhooper,2026-03-17T01:47:19Z,2026-03-16T20:47:19-05:00,,,False,2026,"@ClaudeCodeLog This is actually absurdly bad, y’all https://t.co/XCZQmxB1fa",5,0,,,,True,False,2033705641521414275,ClaudeCodeLog,,2033721814040404434,2033721814040404434,1,75,8,1,data/tweets.js,,ClaudeCodeLog,
2033803731960037456,TXTrickWhooper,2026-03-17T07:12:50Z,2026-03-17T02:12:50-05:00,,,False,2026,@MLBONFOX Brother hit a game winner https://t.co/zEjwcteRwv,2,0,,,,True,False,2033745956173459925,MLBONFOX,,2033803731960037456,2033803731960037456,1,59,7,1,data/tweets.js,,MLBONFOX,
2033803937099239787,TXTrickWhooper,2026-03-17T07:13:39Z,2026-03-17T02:13:39-05:00,,,False,2026,@PunchingCat Honestly inspirational,0,0,,,,True,False,2033624456942571712,PunchingCat,,2033803937099239787,2033803937099239787,1,35,3,0,data/tweets.js,,PunchingCat,
2033806039775142194,TXTrickWhooper,2026-03-17T07:22:00Z,2026-03-17T02:22:00-05:00,,,False,2026,@Bitforbyte31 @grok @Prodigy3211 @MR_Noticer @wapital3 @claudeai was a fun of your blatant racism as well lmao https://t.co/79h2IJWF2K,0,0,,,,True,False,2033515513658126759,Bitforbyte31,,2033806039775142194,2033806039775142194,1,134,17,1,data/tweets.js,,"Bitforbyte31,grok,Prodigy3211,MR_Noticer,wapital3,claudeai",
2034042183469121631,TXTrickWhooper,2026-03-17T23:00:21Z,2026-03-17T18:00:21-05:00,,,False,2026,"@felixrieseberg Is there a way to get access to the separate cowork conversations it creates on mobile itself currently or do you still have to be on the desktop app locally?

Currently trying it out and I like it a lot as a non-pre-AI coder but that’s honestly my big gripe thus far

@bcherny",0,0,,,,True,False,2034005731457044577,felixrieseberg,,2034042183469121631,2034042183469121631,1,293,54,0,data/tweets.js,,"felixrieseberg,bcherny",
2034063450159083730,TXTrickWhooper,2026-03-18T00:24:52Z,2026-03-17T19:24:52-05:00,,,False,2026,@Baldnewsnetwork @FearedBuck Fuck I wish I saw this before I watched the entire Spanish version,59,0,,,,True,False,2034037505419362485,Baldnewsnetwork,,2034063450159083730,2034063450159083730,1,95,15,0,data/tweets.js,,"Baldnewsnetwork,FearedBuck",
2034064489956479447,TXTrickWhooper,2026-03-18T00:29:00Z,2026-03-17T19:29:00-05:00,,,False,2026,@andyreed All that was missing was an explosion,0,0,,,,True,False,2033782895903457525,andyreed,,2034064489956479447,2034064489956479447,1,47,8,0,data/tweets.js,,andyreed,
2034068513212477703,TXTrickWhooper,2026-03-18T00:44:59Z,2026-03-17T19:44:59-05:00,,,False,2026,@Baldnewsnetwork @FearedBuck Naw it got the job done the body language did most the talking lmao,4,0,,,,True,False,2034064405051093261,Baldnewsnetwork,,2034068513212477703,2034068513212477703,1,96,16,0,data/tweets.js,,"Baldnewsnetwork,FearedBuck",
2034075677708685459,TXTrickWhooper,2026-03-18T01:13:27Z,2026-03-17T20:13:27-05:00,,,False,2026,@ajambrosino I tell him to stop being a baby back bitch and l decide for me,0,0,,,,True,False,2033792058050417096,ajambrosino,,2034075677708685459,2034075677708685459,1,75,16,0,data/tweets.js,,ajambrosino,
2035155248524693554,TXTrickWhooper,2026-03-21T00:43:17Z,2026-03-20T19:43:17-05:00,,,False,2026,"@rileyreidx3 I think you meant “carrot” in this context, Riley",8,0,,,,True,False,2035129265726136420,rileyreidx3,,2035155248524693554,2035155248524693554,1,62,10,0,data/tweets.js,,rileyreidx3,
2036706218115248524,TXTrickWhooper,2026-03-25T07:26:17Z,2026-03-25T02:26:17-05:00,,,False,2026,@lilyphillip_s 🪵,3,0,,,,True,False,2036648516991500365,lilyphillip_s,,2036706218115248524,2036706218115248524,1,16,2,0,data/tweets.js,,lilyphillip_s,
2036722799239147915,TXTrickWhooper,2026-03-25T08:32:10Z,2026-03-25T03:32:10-05:00,,,False,2026,@kittyxkum Stare in awe then all of the above,2,0,,,,True,False,2036185138380382503,kittyxkum,,2036722799239147915,2036722799239147915,1,45,9,0,data/tweets.js,,kittyxkum,
2036915227023843423,TXTrickWhooper,2026-03-25T21:16:48Z,2026-03-25T16:16:48-05:00,,,False,2026,@neilhtennek Claude said “get a fckin life” lmao,2,0,,,,True,False,2036865501658571137,beepytown,,2036915227023843423,2036915227023843423,1,48,8,0,data/tweets.js,,,
2036917915899810007,TXTrickWhooper,2026-03-25T21:27:29Z,2026-03-25T16:27:29-05:00,,,False,2026,@ThisYouX49 @Jonny_Dutch You just tried to rip on American football by posting a picture of European football,0,0,,,,True,False,2036714845932781707,ThisYouX49,,2036917915899810007,2036917915899810007,1,109,17,0,data/tweets.js,,"ThisYouX49,Jonny_Dutch",
2037031990386372945,TXTrickWhooper,2026-03-26T05:00:47Z,2026-03-26T00:00:47-05:00,,,False,2026,@ladiesof_RE Does she enjoy guys without houses nor the funds/plans to buy one anytime in the foreseeable future?,0,0,,,,True,False,2036823540742172763,,,2037031990386372945,2037031990386372945,1,113,18,0,data/tweets.js,,,
2037265630492016733,TXTrickWhooper,2026-03-26T20:29:11Z,2026-03-26T15:29:11-05:00,,,False,2026,@ShillinChi Hey @grok can you put her in a St. Louis Cardinals jersey?,7,1,,,,True,False,2037205411573502215,ShillinChi,,2037265630492016733,2037265630492016733,1,70,13,0,data/tweets.js,,"ShillinChi,grok",
2037265882573922401,TXTrickWhooper,2026-03-26T20:30:11Z,2026-03-26T15:30:11-05:00,,,False,2026,RT @grok: @TXTrickWhooper @ShillinChi https://t.co/Btm0rB7xvR,0,0,,,,False,False,,,,2037265882573922401,2037265882573922401,1,61,5,1,data/tweets.js,,"grok,TXTrickWhooper,ShillinChi",
2037266652446761040,TXTrickWhooper,2026-03-26T20:33:15Z,2026-03-26T15:33:15-05:00,,,False,2026,@grok @ShillinChi @grok now tweak the jersey to make it her in the official powder blue alternate throwback St. Louis Cardinals jersey😏,1,0,,,,True,False,2037265796146008257,grok,,2037266652446761040,2037266652446761040,1,135,22,0,data/tweets.js,,"grok,ShillinChi,grok",
2037266978826534959,TXTrickWhooper,2026-03-26T20:34:32Z,2026-03-26T15:34:32-05:00,,,False,2026,"@grok @ShillinChi Now this is absolute perfection, buddy @grok",1,0,,,,True,False,2037266785414623443,grok,,2037266978826534959,2037266978826534959,1,62,9,0,data/tweets.js,,"grok,ShillinChi,grok",
2037268911607964038,TXTrickWhooper,2026-03-26T20:42:13Z,2026-03-26T15:42:13-05:00,,,False,2026,@violetsaucy Hey @grok can you turn the Pikachu &amp; Eevee on her pillow in the background into cute lil hyper-realistically cute pets cuddling n chillin with @violetsaucy,0,0,,,,True,False,2037243189795659886,violetsaucy,,2037268911607964038,2037268911607964038,1,172,27,0,data/tweets.js,,"violetsaucy,grok,violetsaucy",
2037293642621063458,TXTrickWhooper,2026-03-26T22:20:30Z,2026-03-26T17:20:30-05:00,,,False,2026,"@ShillinChi If she ain’t 280, she ain’t a #LouLady",4,0,,,,True,False,2037289557960413353,ShillinChi,,2037293642621063458,2037293642621063458,1,50,9,0,data/tweets.js,LouLady,ShillinChi,
2037295501255520657,TXTrickWhooper,2026-03-26T22:27:53Z,2026-03-26T17:27:53-05:00,,,False,2026,RT @Draco_Exotic: This nigga gambling 😂😂😂😂😂,0,0,,,,False,False,,,,2037295501255520657,2037295501255520657,1,43,6,0,data/tweets.js,,Draco_Exotic,
2037300031783326191,TXTrickWhooper,2026-03-26T22:45:53Z,2026-03-26T17:45:53-05:00,,,False,2026,"@ShillinChi Give my #BBL(ouLadies) a break; what they lack in leanness they make up for with a sturdy, consistent baseball IQ",0,0,,,,True,False,2037297886451450288,ShillinChi,,2037300031783326191,2037300031783326191,1,125,21,0,data/tweets.js,BBL,ShillinChi,
2037300074850537625,TXTrickWhooper,2026-03-26T22:46:03Z,2026-03-26T17:46:03-05:00,,,False,2026,RT @ShillinChi: Hahahahha yeassss,0,0,,,,False,False,,,,2037300074850537625,2037300074850537625,1,33,4,0,data/tweets.js,,ShillinChi,
2037303241348681964,TXTrickWhooper,2026-03-26T22:58:38Z,2026-03-26T17:58:38-05:00,,,False,2026,@drewrossen66 @TMathSports @grok turn dem baby cubs in the original photo into two full grown BIG bears?,0,0,,,,True,False,2037188233243549809,,,2037303241348681964,2037303241348681964,1,104,17,0,data/tweets.js,,"TMathSports,grok",
2037305298956796062,TXTrickWhooper,2026-03-26T23:06:49Z,2026-03-26T18:06:49-05:00,,,False,2026,"RT @MLB: Top of the 6th: Rays score SIX runs
Bottom of the 6th: @Cardinals score EIGHT runs

We have a wild one on #OpeningDay! 😳 https://t…",0,0,,,,False,False,,,,2037305298956796062,2037305298956796062,1,140,27,0,data/tweets.js,OpeningDay,"MLB,Cardinals",
2037351732330614795,TXTrickWhooper,2026-03-27T02:11:19Z,2026-03-26T21:11:19-05:00,,,False,2026,RT @MLB: #OpeningDay in St. Louis 😍 https://t.co/m7BnIvpX84,0,0,,,,False,False,,,,2037351732330614795,2037351732330614795,1,59,8,1,data/tweets.js,OpeningDay,MLB,
2037386763195363618,TXTrickWhooper,2026-03-27T04:30:31Z,2026-03-26T23:30:31-05:00,,,False,2026,RT @SECNetwork: TEXAS RUN RULES OKLAHOMA 😤 https://t.co/AuAQQr3fXu,0,0,,,,False,False,,,,2037386763195363618,2037386763195363618,1,66,8,1,data/tweets.js,,SECNetwork,
2037577542811467951,TXTrickWhooper,2026-03-27T17:08:37Z,2026-03-27T12:08:37-05:00,,,False,2026,@spingIebob @catsedih i have a feeling maybe you hate women and are a misogynist. i hope you will learn to be more kind,2,0,,,,True,False,2037435213429829825,spingIebob,,2037577542811467951,2037577542811467951,1,119,23,0,data/tweets.js,,"spingIebob,catsedih",
2037691258555035840,TXTrickWhooper,2026-03-28T00:40:29Z,2026-03-27T19:40:29-05:00,,,False,2026,@hotcake_kun_ You ain’t had American cooking till you’ve had Memphis pulled pork BBQ,0,0,,,,True,False,2037583239729365329,hotcake_kun_,,2037691258555035840,2037691258555035840,1,84,13,0,data/tweets.js,,hotcake_kun_,
2037842244892328378,TXTrickWhooper,2026-03-28T10:40:27Z,2026-03-28T05:40:27-05:00,,,False,2026,@tmac_731 @Ravens_Realest @TJayyyy_1 Is your brother also fine af and have the anatomy of a woman?,0,0,,,,True,False,2037691652769292697,tmac_731,,2037842244892328378,2037842244892328378,1,98,16,0,data/tweets.js,,"tmac_731,Ravens_Realest,TJayyyy_1",
2037845017482453115,TXTrickWhooper,2026-03-28T10:51:28Z,2026-03-28T05:51:28-05:00,,,False,2026,"@nikitabier Absolutely love the japs everything is wholesome, they show others respect, AND they love baseball (which I love)",0,0,,,,True,False,2037764895064867061,nikitabier,,2037845017482453115,2037845017482453115,1,125,19,0,data/tweets.js,,nikitabier,
2038662697483403468,TXTrickWhooper,2026-03-30T17:00:38Z,2026-03-30T12:00:38-05:00,,,False,2026,@nyantamach222 My girls Slim &amp; Thick💘 https://t.co/8f8RU8JdFI,0,0,,,,True,False,2038566769527525513,nyantamach222,,2038662697483403468,2038662697483403468,1,65,7,2,data/tweets.js,,nyantamach222,
2038663165068644699,TXTrickWhooper,2026-03-30T17:02:29Z,2026-03-30T12:02:29-05:00,,,False,2026,@claudeai LFG,0,0,,,,True,False,2038663014098899416,claudeai,,2038663165068644699,2038663165068644699,1,13,2,0,data/tweets.js,,claudeai,
2038671447602647428,TXTrickWhooper,2026-03-30T17:35:24Z,2026-03-30T12:35:24-05:00,,,False,2026,@rileyreidx3 Punny bunny,2,0,,,,True,False,2038667479405166814,rileyreidx3,,2038671447602647428,2038671447602647428,1,24,3,0,data/tweets.js,,rileyreidx3,
2041678617713783080,TXTrickWhooper,2026-04-08T00:44:49Z,2026-04-07T19:44:49-05:00,,,False,2026,"@rileyreidx3 Access to all the ASSets, one might suppose",4,0,,,,True,False,2041667344037265447,rileyreidx3,,2041678617713783080,2041678617713783080,1,56,9,0,data/tweets.js,,rileyreidx3,
2041679396667318435,TXTrickWhooper,2026-04-08T00:47:55Z,2026-04-07T19:47:55-05:00,,,False,2026,"@rileyreidx3 Knees or no knees, RR always be the OG",1,0,,,,True,False,2041350266738340350,rileyreidx3,,2041679396667318435,2041679396667318435,1,51,10,0,data/tweets.js,,rileyreidx3,
2041679833772560579,TXTrickWhooper,2026-04-08T00:49:39Z,2026-04-07T19:49:39-05:00,,,False,2026,@rileyreidx3 @BonnieBlue_xoxo Damnit Riley this gave me [Bonnie]Blue Balls,0,0,,,,True,False,2041304955336740999,rileyreidx3,,2041679833772560579,2041679833772560579,1,74,9,0,data/tweets.js,,"rileyreidx3,BonnieBlue_xoxo",
2041915896625615251,TXTrickWhooper,2026-04-08T16:27:41Z,2026-04-08T11:27:41-05:00,,,False,2026,@BecomingCritter Basically we’re looking for @rileyreidx3,0,0,,,,True,False,2041695069439169010,BecomingCritter,,2041915896625615251,2041915896625615251,1,57,6,0,data/tweets.js,,"BecomingCritter,rileyreidx3",
2042518442968813895,TXTrickWhooper,2026-04-10T08:21:59Z,2026-04-10T03:21:59-05:00,,,False,2026,@Jamelizxo Call me Katrina the way I rock it like a hurricane,4,0,,,,True,False,2042432303595733350,jellybeanxoo,,2042518442968813895,2042518442968813895,1,61,12,0,data/tweets.js,,jamelizxo,
2042545542606008320,TXTrickWhooper,2026-04-10T10:09:40Z,2026-04-10T05:09:40-05:00,,,False,2026,"I hope this improves the interpersonal communication of the agent in CC

Love Claude but Christ you could tell it to “meow” like a cat then the very next message it’s back to barking tech jargon gibberish that’d make a mid-level Silicon Valley micromanager cum on contact but is exhausting to anyone who doesn’t want to be hear the nuance of how each drop paint dry and literally just wants to know that his wall got fucking painted",,,,,,False,False,,,,2042545542606008320,2042545542606008320,1,432,78,0,data/note-tweet.js,,,
2042545542664790389,TXTrickWhooper,2026-04-10T10:09:40Z,2026-04-10T05:09:40-05:00,,,False,2026,"@ClaudeCodeLog I hope this improves the interpersonal communication of the agent in CC

Love Claude but Christ you could tell it to “meow” like a cat then the very next message it’s back to barking tech jargon gibberish that’d make a mid-level Silicon Valley micromanager cum on contact but is…",0,0,,,,True,False,2042508004378001787,ClaudeCodeLog,,2042545542664790389,2042545542664790389,1,294,50,0,data/tweets.js,,ClaudeCodeLog,
2042560366480122288,TXTrickWhooper,2026-04-10T11:08:34Z,2026-04-10T06:08:34-05:00,,,False,2026,@claudeai Bring back my Claude Code /Buddy y'all :(,1,0,,,,True,False,2042308622181339453,claudeai,,2042560366480122288,2042560366480122288,1,51,9,0,data/tweets.js,,claudeai,
2043156735360221396,TXTrickWhooper,2026-04-12T02:38:20Z,2026-04-11T21:38:20-05:00,,,False,2026,@bcherny Drew the line hard when I mentioned hitting it in the hard-drive🤣 @bcherny you raised your son well https://t.co/cecSsEakpR,0,0,,,,True,False,2043137458133733709,bcherny,,2043156735360221396,2043156735360221396,1,132,20,1,data/tweets.js,,"bcherny,bcherny",
2043259693120782578,TXTrickWhooper,2026-04-12T09:27:27Z,2026-04-12T04:27:27-05:00,,,False,2026,"@_saracannon Dude I used to pass Pleasures all the time and had no idea. That’s the thing about Austin, you can walk past a place a million times and still see something new",0,0,,,,True,False,2042998645868360114,_saracannon,,2043259693120782578,2043259693120782578,1,173,33,0,data/tweets.js,,_saracannon,
2043306524555030543,TXTrickWhooper,2026-04-12T12:33:32Z,2026-04-12T07:33:32-05:00,,,False,2026,"RT @awaylana12q: Я правильно понимаю, что это буквально первая соц сеть, которая позволяет всему миру общаться без ограничений из за языков…",0,0,,,,False,False,,,,2043306524555030543,2043306524555030543,1,140,21,0,data/tweets.js,,awaylana12q,
2043354728629772803,TXTrickWhooper,2026-04-12T15:45:05Z,2026-04-12T10:45:05-05:00,,,False,2026,"I wanna know what everyone’s favorite drugs are worldwide now that there more or less is no language barrier on here

#twitterworldwide",0,0,,,,False,False,,,,2043354728629772803,2043354728629772803,1,135,22,0,data/tweets.js,twitterworldwide,,
2043354824184418389,TXTrickWhooper,2026-04-12T15:45:28Z,2026-04-12T10:45:28-05:00,,,False,2026,"RT @iewori: 言葉が通じるってこんなに世界を平和にしてくれるんだな
イーロンありがとう。
早く名前を「Twitter」に戻せ。",0,0,,,,False,False,,,,2043354824184418389,2043354824184418389,1,68,5,0,data/tweets.js,,iewori,
2043362847103537271,TXTrickWhooper,2026-04-12T16:17:21Z,2026-04-12T11:17:21-05:00,,,False,2026,"@oldGrunger A quiet rainy sunday spent watching the in Boerne, TX (in the Texas Hill Country outside San Antonio).

Btw I’ve never disliked Russia yall chug liquor like fucking savages https://t.co/UFC7DImGgs",12,0,,,,True,False,2043041851838435355,oldGrunger,,2043362847103537271,2043362847103537271,1,209,31,2,data/tweets.js,,oldGrunger,
2043374374145740889,TXTrickWhooper,2026-04-12T17:03:09Z,2026-04-12T12:03:09-05:00,,,False,2026,"@oldGrunger Nice, man! A lot of the youth in America Dont drink much it’s odd to me but to each their own. Personally I’m 30 so I enjoy weed and booze.

Btw - are y’all pro-steroid or anti-steroid generally? Obviously a big man of “juicing” considering my profile lmao",1,0,,,,True,False,2043367221859152133,oldGrunger,,2043374374145740889,2043374374145740889,1,268,49,0,data/tweets.js,,oldGrunger,
2043378841725341702,TXTrickWhooper,2026-04-12T17:20:54Z,2026-04-12T12:20:54-05:00,,,False,2026,"@oldGrunger Yeah I’ve been smoking for about 12 years weed-wise it calms me and helps with pain and sleep

It’s super funny all the parents and older folks have spent their whole life disliking it then discovered the “edibles” and now they pop em like they’re candy",1,0,,,,True,False,2043376537336942824,oldGrunger,,2043378841725341702,2043378841725341702,1,265,47,0,data/tweets.js,,oldGrunger,
2043378882594693514,TXTrickWhooper,2026-04-12T17:21:04Z,2026-04-12T12:21:04-05:00,,,False,2026,"RT @oldGrunger: @TXTrickWhooper Я около 10 лет курил травку, но у нас это запрещено, а сейчас вообще трудно достать, так что я уже около 5…",0,0,,,,False,False,,,,2043378882594693514,2043378882594693514,1,139,25,0,data/tweets.js,,"oldGrunger,TXTrickWhooper",
2043474423714402550,TXTrickWhooper,2026-04-12T23:40:43Z,2026-04-12T18:40:43-05:00,,,False,2026,"@oldGrunger By the way, thank you for your time!

As someone who studied International Relations &amp; Global Studies at @UTAustin in my undergrad years, it’s interesting getting to stack up what we are taught about the western world over vs the reality of what it’s actually like over there",0,0,,,,True,False,2043376537336942824,oldGrunger,,2043474423714402550,2043474423714402550,1,292,49,0,data/tweets.js,,"oldGrunger,UTAustin",
2043661165989941657,TXTrickWhooper,2026-04-13T12:02:46Z,2026-04-13T07:02:46-05:00,,,False,2026,@RoundtableSpace Yeah dude I’ve tried it doesn’t work for shit,0,0,,,,True,False,2043347156141064476,RoundtableSpace,,2043661165989941657,2043661165989941657,1,62,10,0,data/tweets.js,,RoundtableSpace,
2043663791125090417,TXTrickWhooper,2026-04-13T12:13:11Z,2026-04-13T07:13:11-05:00,,,False,2026,@ohnohedidnt24 Can confirm the tortas of SA are even less good looking on the inside,13,1,,,,True,False,2043559440398364967,ohnohedidnt24,,2043663791125090417,2043663791125090417,1,84,15,0,data/tweets.js,,ohnohedidnt24,
2043665179406225426,TXTrickWhooper,2026-04-13T12:18:42Z,2026-04-13T07:18:42-05:00,,,False,2026,@_straysheep_k Love me fat cats,0,0,,,,True,False,2043341260917002575,_straysheep_k,,2043665179406225426,2043665179406225426,1,31,5,0,data/tweets.js,,_straysheep_k,
2043684235148464326,TXTrickWhooper,2026-04-13T13:34:26Z,2026-04-13T08:34:26-05:00,,,False,2026,@martytaka777 Naw dawg this just some kinky chick ain’t no one be eating like baby birds here lol,0,0,,,,True,False,2043500175218622801,martytaka777,,2043684235148464326,2043684235148464326,1,97,18,0,data/tweets.js,,martytaka777,
2043774359093862697,TXTrickWhooper,2026-04-13T19:32:33Z,2026-04-13T14:32:33-05:00,,,False,2026,"@bcherny @pdrmnvd @icanvardar Dude what’s the issue this week? Don’t get me wrong I undoubtedly drain a small pond a week usage-wise, but still damn

@claudeai @AnthropicAI https://t.co/2mhDfh6vV8",3,0,,,,True,False,2043715713551212834,bcherny,,2043774359093862697,2043774359093862697,1,196,28,1,data/tweets.js,,"bcherny,pdrmnvd,icanvardar,claudeai,AnthropicAI",
2043778449148445134,TXTrickWhooper,2026-04-13T19:48:48Z,2026-04-13T14:48:48-05:00,,,False,2026,@RaminNasibov He's a bit dogmatic after big meals,0,0,,,,True,False,2043635560812580937,RaminNasibov,,2043778449148445134,2043778449148445134,1,49,8,0,data/tweets.js,,RaminNasibov,
2043787652936130672,TXTrickWhooper,2026-04-13T20:25:22Z,2026-04-13T15:25:22-05:00,,,False,2026,@bhkmie @ClaudeCodeLog As long as it’s top give me the slop,0,0,,,,True,False,2043782895588766084,bhkmie,,2043787652936130672,2043787652936130672,1,59,11,0,data/tweets.js,,"bhkmie,ClaudeCodeLog",
2043794092665065710,TXTrickWhooper,2026-04-13T20:50:58Z,2026-04-13T15:50:58-05:00,,,False,2026,@lilyphillip_s Did I mention my name is Thomas? The way I run train,2,0,,,,True,False,2043788816972980263,lilyphillip_s,,2043794092665065710,2043794092665065710,1,67,13,0,data/tweets.js,,lilyphillip_s,
2043816153361903616,TXTrickWhooper,2026-04-13T22:18:37Z,2026-04-13T17:18:37-05:00,,,False,2026,@oatmilkanie This tweet wrecked me with wholesome anxiety the whole ride and I loved it,0,0,,,,True,False,2043680283409645858,,,2043816153361903616,2043816153361903616,1,87,15,0,data/tweets.js,,,
2043965631410655433,TXTrickWhooper,2026-04-14T08:12:36Z,2026-04-14T03:12:36-05:00,,,False,2026,@OpTicScump48271 @MANOMAGlC No one - that’s the point,1,0,,,,True,False,2043953794468241658,OpTicScump48271,,2043965631410655433,2043965631410655433,1,53,8,0,data/tweets.js,,"OpTicScump48271,MANOMAGlC",
2044324436954808570,TXTrickWhooper,2026-04-15T07:58:22Z,2026-04-15T02:58:22-05:00,,,False,2026,@ClaudeCodeLog Dude I’d love to check it out too bad I ran thru my limit before before Wednesday came,1,0,,,,True,False,2044272737187700839,ClaudeCodeLog,,2044324436954808570,2044324436954808570,1,101,19,0,data/tweets.js,,ClaudeCodeLog,
2044447510609957288,TXTrickWhooper,2026-04-15T16:07:25Z,2026-04-15T11:07:25-05:00,,,False,2026,@violetsaucy Might be the only way to shut me up tbh,3,0,,,,True,False,2044445646409900124,violetsaucy,,2044447510609957288,2044447510609957288,1,52,11,0,data/tweets.js,,violetsaucy,
2044511428200026488,TXTrickWhooper,2026-04-15T20:21:24Z,2026-04-15T15:21:24-05:00,,,False,2026,@devilnlingerie I missed you so much I even put the notis on. If that ain’t simpin’ then I ain’t pimpin’,0,0,,,,True,False,2044510990105035090,devilnlingerie,,2044511428200026488,2044511428200026488,1,104,20,0,data/tweets.js,,devilnlingerie,
2044961962786758664,TXTrickWhooper,2026-04-17T02:11:40Z,2026-04-16T21:11:40-05:00,,,False,2026,"@bcherny Huge fan of the “Recaps” and all the other ships this week by you and the team, Boris. Keep up the good work!",0,0,,,,True,False,2044847848035156457,bcherny,,2044961962786758664,2044961962786758664,1,118,24,0,data/tweets.js,,bcherny,
2045059364545872025,TXTrickWhooper,2026-04-17T08:38:42Z,2026-04-17T03:38:42-05:00,,,False,2026,@claudeai So dOp(us)e,0,0,,,,True,False,2044785261393977612,claudeai,,2045059364545872025,2045059364545872025,1,21,3,0,data/tweets.js,,claudeai,
2045060135576367612,TXTrickWhooper,2026-04-17T08:41:46Z,2026-04-17T03:41:46-05:00,,,False,2026,@vadimpavlovich @claudeai Grok is just good at making nudes and blasting profanity relative amirite @grok ?,0,0,,,,True,False,2044794936264958357,vadimpavlovich,,2045060135576367612,2045060135576367612,1,107,16,0,data/tweets.js,,"vadimpavlovich,claudeai,grok",
2045119488987668927,TXTrickWhooper,2026-04-17T12:37:37Z,2026-04-17T07:37:37-05:00,,,False,2026,@willowryder @barbershoptrey Homie got nervous and didn’t respond back😭,2,0,,,,True,False,2045029791469027647,willowryder,,2045119488987668927,2045119488987668927,1,71,9,0,data/tweets.js,,"willowryder,barbershoptrey",
2045119887215919345,TXTrickWhooper,2026-04-17T12:39:12Z,2026-04-17T07:39:12-05:00,,,False,2026,"RT @MLBGuyRocked: David Freese

That guy rocked. https://t.co/WXWLNSMP9X",0,0,,,,False,False,,,,2045119887215919345,2045119887215919345,1,72,8,1,data/tweets.js,,MLBGuyRocked,
2045247739538108795,TXTrickWhooper,2026-04-17T21:07:14Z,2026-04-17T16:07:14-05:00,,,False,2026,@AmandaMAtwell Nahhhh it’s dope as hell I just threw together an entire design system w it this afternoon,0,0,,,,True,False,2045215315923960021,AmandaMAtwell,,2045247739538108795,2045247739538108795,1,105,18,0,data/tweets.js,,AmandaMAtwell,
2045293087925080241,TXTrickWhooper,2026-04-18T00:07:26Z,2026-04-17T19:07:26-05:00,,,False,2026,"@arena @AnthropicAI &amp; what about 4.7 makes it so much worse at sports, media &amp; entertainment?",0,0,,,,True,False,2045194638630560104,arena,,2045293087925080241,2045293087925080241,1,101,16,0,data/tweets.js,,"arena,AnthropicAI",
2046741233045835941,TXTrickWhooper,2026-04-22T00:01:51Z,2026-04-21T19:01:51-05:00,,,False,2026,RT @oklahowa: San Antonio Spurs fans when the PA announcer tells them to get on their feet and make some noise https://t.co/wRh3DDq1iE,0,0,,,,False,False,,,,2046741233045835941,2046741233045835941,1,134,22,1,data/tweets.js,,oklahowa,
2048392192079606154,TXTrickWhooper,2026-04-26T13:22:10Z,2026-04-26T08:22:10-05:00,,,False,2026,@willowryder I know something white that would love to nail you (it’s me),2,0,,,,True,False,2048307667152822513,willowryder,,2048392192079606154,2048392192079606154,1,73,13,0,data/tweets.js,,willowryder,
2048402520276348995,TXTrickWhooper,2026-04-26T14:03:12Z,2026-04-26T09:03:12-05:00,,,False,2026,@Celebrityhaze I have no idea what gooning is,5,0,,,,True,False,2048061776424489295,Celebrityhaze,,2048402520276348995,2048402520276348995,1,45,8,0,data/tweets.js,,Celebrityhaze,
2048409712903758309,TXTrickWhooper,2026-04-26T14:31:47Z,2026-04-26T09:31:47-05:00,,,False,2026,"@iEatPigeons420 @JomboyMedia Unfortunately, your buddy’s control issues appear mental not mechanical",0,0,,,,True,False,2048281797083939129,iEatPigeons420,,2048409712903758309,2048409712903758309,1,100,11,0,data/tweets.js,,"iEatPigeons420,JomboyMedia",
2048674048591245369,TXTrickWhooper,2026-04-27T08:02:10Z,2026-04-27T03:02:10-05:00,,,False,2026,@SINFORSILK For the love of the game 🤝,0,0,,,,True,False,2048665284798533648,SINFORSILK,,2048674048591245369,2048674048591245369,1,38,8,0,data/tweets.js,,SINFORSILK,
2048674745629954096,TXTrickWhooper,2026-04-27T08:04:56Z,2026-04-27T03:04:56-05:00,,,False,2026,"@dianalokada Unequivocally the only red flag I yield to is à lack of any of them in a person

So yeah no they’re def clueless",0,0,,,,True,False,2048624298194030940,dianalokada,,2048674745629954096,2048674745629954096,1,125,25,0,data/tweets.js,,dianalokada,
2048702803342770493,TXTrickWhooper,2026-04-27T09:56:26Z,2026-04-27T04:56:26-05:00,,,False,2026,@zanknowsbetter You could always tell she was in it for the love of the craft. Respect @rileyreidx3 🤝,10,0,,,,True,False,2048492010110083308,zanknowsbetter,,2048702803342770493,2048702803342770493,1,101,18,0,data/tweets.js,,"zanknowsbetter,rileyreidx3",
2048704667454992442,TXTrickWhooper,2026-04-27T10:03:50Z,2026-04-27T05:03:50-05:00,,,False,2026,@ThadCastleII @rawsalerts It’s gotten worse but by no means unbearable. IMO the influx of “wannabe weirdos” moving in have shifted the vibe from hippie weird to school shooter weird,1,0,,,,True,False,2048626087756734662,ThadCastleII,,2048704667454992442,2048704667454992442,2,181,29,0,data/tweets.js,,"ThadCastleII,rawsalerts",
2048704821595677149,TXTrickWhooper,2026-04-27T10:04:27Z,2026-04-27T05:04:27-05:00,,,False,2026,@ThadCastleII @rawsalerts (Primarily the freak ass Cali refugees),0,0,,,,True,True,2048704667454992442,TXTrickWhooper,,2048704667454992442,2048704667454992442,2,65,8,0,data/tweets.js,,"ThadCastleII,rawsalerts",
2048876346076524987,TXTrickWhooper,2026-04-27T21:26:01Z,2026-04-27T16:26:01-05:00,,,False,2026,RT @TheMisterMarcus: Mike Vrabel (sex) returns to Patriots on Monday.,0,0,,,,False,False,,,,2048876346076524987,2048876346076524987,1,69,10,0,data/tweets.js,,TheMisterMarcus,
2049434482168504457,TXTrickWhooper,2026-04-29T10:23:51Z,2026-04-29T05:23:51-05:00,,,False,2026,@derekmeegan How did it do on discerning the content it scraped contextually?,1,0,,,,True,False,2049218109807198331,derekmeegan,,2049434482168504457,2049434482168504457,1,77,12,0,data/tweets.js,,derekmeegan,
2049606066518753646,TXTrickWhooper,2026-04-29T21:45:40Z,2026-04-29T16:45:40-05:00,,,False,2026,@slater57649 Dastardly,0,0,,,,True,False,2049265062523576373,slater57649,,2049606066518753646,2049606066518753646,1,22,2,0,data/tweets.js,,slater57649,
2051776998070964734,TXTrickWhooper,2026-05-05T21:32:11Z,2026-05-05T16:32:11-05:00,,,False,2026,RT @Titans: RT and comment for a chance to win this Carnell Tate &amp; Keldric Faulk autographed can cooler! 👇 https://t.co/VxBp95SkEt,0,0,,,,False,False,,,,2051776998070964734,2051776998070964734,1,134,21,0,data/tweets.js,,Titans,
2051777042606170324,TXTrickWhooper,2026-05-05T21:32:21Z,2026-05-05T16:32:21-05:00,,,False,2026,@Titans Gimme,0,0,,,,True,False,2051737067357347903,Titans,,2051777042606170324,2051777042606170324,1,13,2,0,data/tweets.js,,Titans,
2053284519898177648,TXTrickWhooper,2026-05-10T01:22:32Z,2026-05-09T20:22:32-05:00,,,False,2026,RT @karenmotherof2: Has anyone considered that Mike Vrabel might just have anxiety,0,0,,,,False,False,,,,2053284519898177648,2053284519898177648,1,82,12,0,data/tweets.js,,karenmotherof2,
2053468562946170888,TXTrickWhooper,2026-05-10T13:33:51Z,2026-05-10T08:33:51-05:00,,,False,2026,@lilIngramtheIII The type of sister that had missing spring break for tournaments nearly bearable,1,0,,,,True,False,2052948017540460716,lilIngramtheIII,,2053468562946170888,2053468562946170888,1,97,14,0,data/tweets.js,,lilIngramtheIII,
2053991168036229392,TXTrickWhooper,2026-05-12T00:10:30Z,2026-05-11T19:10:30-05:00,,,False,2026,"This is the right way to respond to criticism. Thank you, Boris https://t.co/hRr7rG5OUO",0,0,,,,False,False,,,,2053991168036229392,2053991168036229392,1,87,13,0,data/tweets.js,,,https://x.com/bcherny/status/2053950964126921024
2054055534597165202,TXTrickWhooper,2026-05-12T04:26:16Z,2026-05-11T23:26:16-05:00,,,False,2026,@dani_avila7 HUGE,0,0,,,,True,False,2053945243582488728,dani_avila7,,2054055534597165202,2054055534597165202,1,17,2,0,data/tweets.js,,dani_avila7,
2054056495457714615,TXTrickWhooper,2026-05-12T04:30:05Z,2026-05-11T23:30:05-05:00,,,False,2026,@buccocapital Ppl allege this but mine has never done it,0,0,,,,True,False,2053914012266447186,buccocapital,,2054056495457714615,2054056495457714615,1,56,10,0,data/tweets.js,,buccocapital,
2054759956314751126,TXTrickWhooper,2026-05-14T03:05:23Z,2026-05-13T22:05:23-05:00,,,False,2026,@jitLyang21 6-6 move over Ty Cobb we get a new batting champ,0,0,,,,True,False,2054400067419701650,jitLyang21,,2054759956314751126,2054759956314751126,1,60,12,0,data/tweets.js,,jitLyang21,
2054796695959969844,TXTrickWhooper,2026-05-14T05:31:23Z,2026-05-14T00:31:23-05:00,,,False,2026,@theo @grok please explain the difference between SSH and CLI for everyone out there NOT versed in tech acronyms,0,0,,,,True,False,2054787567095283940,theo,,2054796695959969844,2054796695959969844,1,112,19,0,data/tweets.js,,"theo,grok",
2054806789967761589,TXTrickWhooper,2026-05-14T06:11:29Z,2026-05-14T01:11:29-05:00,,,False,2026,@0xPrajwal_ I’ve been hitting weekly limits in 2 days,0,0,,,,True,False,2054538552202174591,0xPrajwal_,,2054806789967761589,2054806789967761589,1,53,9,0,data/tweets.js,,0xPrajwal_,
2054993319306863039,TXTrickWhooper,2026-05-14T18:32:41Z,2026-05-14T13:32:41-05:00,,,False,2026,@FirstTake @stephenasmith Chill tf out brother I’ve heard basket weaving is thriving in this economy,1,0,,,,True,False,2054941204458991747,FirstTake,,2054993319306863039,2054993319306863039,1,100,15,0,data/tweets.js,,"FirstTake,stephenasmith",
2055003004143624242,TXTrickWhooper,2026-05-14T19:11:10Z,2026-05-14T14:11:10-05:00,,,False,2026,RT @NBA: Remembering Brandon Clarke (1996-2026) https://t.co/J3hI7zRSU1,0,0,,,,False,False,,,,2055003004143624242,2055003004143624242,1,71,7,1,data/tweets.js,,NBA,
2055004825251692813,TXTrickWhooper,2026-05-14T19:18:25Z,2026-05-14T14:18:25-05:00,,,False,2026,RT @memgrizz: https://t.co/RvDXJCxlWQ,0,0,,,,False,False,,,,2055004825251692813,2055004825251692813,1,37,3,1,data/tweets.js,,memgrizz,
2055022894824960348,TXTrickWhooper,2026-05-14T20:30:13Z,2026-05-14T15:30:13-05:00,,,False,2026,@dallasvsworld @FirstTake @stephenasmith Homie taking shit too cereal,0,0,,,,True,False,2055004432388034784,dallasvsworld,,2055022894824960348,2055022894824960348,1,69,8,0,data/tweets.js,,"dallasvsworld,FirstTake,stephenasmith",
2055390170157830278,TXTrickWhooper,2026-05-15T20:49:38Z,2026-05-15T15:49:38-05:00,,,False,2026,@jamesonhaslam Genius,0,0,,,,True,False,2054966176959340600,jamesonhaslam,,2055390170157830278,2055390170157830278,1,21,2,0,data/tweets.js,,jamesonhaslam,
2055569046523744563,TXTrickWhooper,2026-05-16T08:40:25Z,2026-05-16T03:40:25-05:00,,,False,2026,RT @ihatebbls: Yo spin move in 2012 was fucking nasty,0,0,,,,False,False,,,,2055569046523744563,2055569046523744563,1,53,10,0,data/tweets.js,,ihatebbls,
2055577325635326140,TXTrickWhooper,2026-05-16T09:13:19Z,2026-05-16T04:13:19-05:00,,,False,2026,"@bwags @sondraa Same. Except it was 45. Just popped an exorbitant amount of study drugs, crown Royal, half a bean and knocked that hoe out with a 93",1,0,,,,True,False,2055367926794878985,bwags,,2055577325635326140,2055577325635326140,1,148,28,0,data/tweets.js,,"bwags,sondraa",
2055586445000093754,TXTrickWhooper,2026-05-16T09:49:34Z,2026-05-16T04:49:34-05:00,,,False,2026,@RKing618 Ppl really don’t understand how much dumber voice models are,1,0,,,,True,False,2055256631999349058,RKing618,,2055586445000093754,2055586445000093754,1,70,11,0,data/tweets.js,,RKing618,
2058104947128857032,TXTrickWhooper,2026-05-23T08:37:11Z,2026-05-23T03:37:11-05:00,,,False,2026,@savshawz Sorry I only have sex on camera for free (for the love of the game),7,1,,,,True,False,2058054974538715489,savshawz,,2058104947128857032,2058104947128857032,1,77,16,0,data/tweets.js,,savshawz,
2058164469105147974,TXTrickWhooper,2026-05-23T12:33:42Z,2026-05-23T07:33:42-05:00,,,False,2026,@JasonBotterill @dianalokada A strategy as old as time (we’d do the same for the kids that sucked back in college w/ joint frat-srat GroupMe’s,0,0,,,,True,False,2058063352275046501,JasonBotterill,,2058164469105147974,2058164469105147974,1,142,24,0,data/tweets.js,,"JasonBotterill,dianalokada",
2058300502396346734,TXTrickWhooper,2026-05-23T21:34:15Z,2026-05-23T16:34:15-05:00,,,False,2026,@Avillani89 @savshawz Competitive assumes one can last long enough in the pussy to be calculated. I’m Usain Bolt busting nuts in a blink and Kobayashi when cums to cunnilingus,1,0,,,,True,False,2058183249076097104,Avillani89,,2058300502396346734,2058300502396346734,2,175,29,0,data/tweets.js,,"Avillani89,savshawz",
2058301044669464701,TXTrickWhooper,2026-05-23T21:36:25Z,2026-05-23T16:36:25-05:00,,,False,2026,@Avillani89 @savshawz (Bc everyone knows there’s nothing gayer than lasting long in a woman),1,0,,,,True,True,2058300502396346734,TXTrickWhooper,,2058300502396346734,2058300502396346734,2,92,14,0,data/tweets.js,,"Avillani89,savshawz",
2058301839167091020,TXTrickWhooper,2026-05-23T21:39:34Z,2026-05-23T16:39:34-05:00,,,False,2026,@savshawz Kiss me through the phone u won't,1,1,,,,True,False,2058268566680686894,savshawz,,2058301839167091020,2058301839167091020,1,43,8,0,data/tweets.js,,savshawz,
2058302432078139581,TXTrickWhooper,2026-05-23T21:41:55Z,2026-05-23T16:41:55-05:00,,,False,2026,@shawzsav Hey @grok can you ban AI for us,0,0,,,,True,False,2057982897613873357,shawzsav,,2058302432078139581,2058302432078139581,1,41,9,0,data/tweets.js,,"shawzsav,grok",
2058353626825756684,TXTrickWhooper,2026-05-24T01:05:21Z,2026-05-23T20:05:21-05:00,,,False,2026,@Airaxora Fully naked girls porn,0,0,,,,True,False,2058195017060253785,Airaxora,,2058353626825756684,2058353626825756684,1,32,5,0,data/tweets.js,,Airaxora,
2058460235862294818,TXTrickWhooper,2026-05-24T08:08:59Z,2026-05-24T03:08:59-05:00,,,False,2026,@willowryder I still Ryde w/ you Willow next time just attach the pussy proof w/ the writing,0,0,,,,True,False,2058422447074845077,willowryder,,2058460235862294818,2058460235862294818,1,92,17,0,data/tweets.js,,willowryder,
2058460504759161193,TXTrickWhooper,2026-05-24T08:10:03Z,2026-05-24T03:10:03-05:00,,,False,2026,@Lumivibes_ We frighten fear itself,0,0,,,,True,False,2058236458818027925,Lumivibes_,,2058460504759161193,2058460504759161193,1,35,5,0,data/tweets.js,,Lumivibes_,
2058478505449455660,TXTrickWhooper,2026-05-24T09:21:35Z,2026-05-24T04:21:35-05:00,,,False,2026,@XCATKNIGHTX Te amo,0,0,,,,True,False,2058474565504749992,XCATKNIGHTX,,2058478505449455660,2058478505449455660,1,19,3,0,data/tweets.js,,XCATKNIGHTX,
2058535047251046479,TXTrickWhooper,2026-05-24T13:06:15Z,2026-05-24T08:06:15-05:00,,,False,2026,@liebertjohanm @bcherny @rozzabuilds Def still there and also appears to have gotten a tad of an update for further customization https://t.co/rEFYUgGHqt,0,0,,,,True,False,2058527271351132450,liebertjohanm,,2058535047251046479,2058535047251046479,1,153,21,1,data/tweets.js,,"liebertjohanm,bcherny,rozzabuilds",
2058536219617665374,TXTrickWhooper,2026-05-24T13:10:55Z,2026-05-24T08:10:55-05:00,,,False,2026,"@AlibekovSanzhar @bcherny @rozzabuilds Honestly having a command that automatically finds, uses, and executes the appropriate Skills, Plugins, MCP, Connectors, etc., so you don’t have to retype the same ones constantly, would be clutch af",1,0,,,,True,False,2058533946003197982,AlibekovSanzhar,,2058536219617665374,2058536219617665374,1,238,34,0,data/tweets.js,,"AlibekovSanzhar,bcherny,rozzabuilds",
2058536807596240906,TXTrickWhooper,2026-05-24T13:13:15Z,2026-05-24T08:13:15-05:00,,,False,2026,@johnewing Not to mention being able to store ur belongings as well in her shit. Nothing beats the feeling of being unencumbered,0,0,,,,True,False,2058347079060046084,johnewing,,2058536807596240906,2058536807596240906,1,128,22,0,data/tweets.js,,johnewing,
2058538493391818752,TXTrickWhooper,2026-05-24T13:19:57Z,2026-05-24T08:19:57-05:00,,,False,2026,"I think you're right bc mine has a “deploy” slash command or at least it did that I think got added way back because I kept saying it so much.

The big issue I’ve noticed primarily pertains to it actually using the Skills and such that you ask for straight up tell it to use. Like I’ll have to tell it 4 times to use the “/skill-creator” ability when it obv should every time while making a skill",,,,,,False,False,,,,2058538493391818752,2058538493391818752,1,396,78,0,data/note-tweet.js,,,
2058538493463199772,TXTrickWhooper,2026-05-24T13:19:57Z,2026-05-24T08:19:57-05:00,,,False,2026,"@AlibekovSanzhar @bcherny @rozzabuilds I think you're right bc mine has a “deploy” slash command or at least it did that I think got added way back because I kept saying it so much.

The big issue I’ve noticed primarily pertains to it actually using the Skills and such that you ask for straight up tell it to use. Like…",0,0,,,,True,False,2058536944188194976,AlibekovSanzhar,,2058538493463199772,2058538493463199772,1,320,59,0,data/tweets.js,,"AlibekovSanzhar,bcherny,rozzabuilds",
2058593381698183454,TXTrickWhooper,2026-05-24T16:58:03Z,2026-05-24T11:58:03-05:00,,,False,2026,@willowryder I’ll wear anything that looks like these https://t.co/Oy9WDYahtA,1,0,,,,True,False,2058561663507300754,willowryder,,2058593381698183454,2058593381698183454,1,77,9,1,data/tweets.js,,willowryder,
2058594254646079726,TXTrickWhooper,2026-05-24T17:01:31Z,2026-05-24T12:01:31-05:00,,,False,2026,@mollyhannahm @AX0G0 Let a Memphis man dream here for a sec https://t.co/OzvCQnK3n9,0,0,,,,True,False,2058347865840169259,mollyhannahm,,2058594254646079726,2058594254646079726,1,83,12,1,data/tweets.js,,"mollyhannahm,AX0G0",
2058601319582068903,TXTrickWhooper,2026-05-24T17:29:36Z,2026-05-24T12:29:36-05:00,,,False,2026,@otfervin @HaterReport San Antonio 6.5s to be fair,5,0,,,,True,False,2058387908994724202,otfervin,,2058601319582068903,2058601319582068903,1,50,8,0,data/tweets.js,,"otfervin,HaterReport",
2058607005833556062,TXTrickWhooper,2026-05-24T17:52:11Z,2026-05-24T12:52:11-05:00,,,False,2026,@otfervin @HaterReport Naw dawg I live 15 mins from SA and I’ll confidently confirm it’s torta territory🤣,0,0,,,,True,False,2058601862497030525,otfervin,,2058607005833556062,2058607005833556062,2,105,17,0,data/tweets.js,,"otfervin,HaterReport",
2058608451459149993,TXTrickWhooper,2026-05-24T17:57:56Z,2026-05-24T12:57:56-05:00,,,False,2026,@otfervin @HaterReport (Besides Boerne and the Mexican National senioritas north of loop 1604),0,0,,,,True,True,2058607005833556062,TXTrickWhooper,,2058607005833556062,2058607005833556062,2,94,13,0,data/tweets.js,,"otfervin,HaterReport",
2058613084621508846,TXTrickWhooper,2026-05-24T18:16:21Z,2026-05-24T13:16:21-05:00,,,False,2026,"@otfervin @HaterReport Where you be going out?

George’s Keep is the lone watering hole for spicy enchiladas around town but Boerne be running the snow bunny biz",0,0,,,,True,False,2058607907160064271,otfervin,,2058613084621508846,2058613084621508846,1,161,27,0,data/tweets.js,,"otfervin,HaterReport",
2058624437415444557,TXTrickWhooper,2026-05-24T19:01:27Z,2026-05-24T14:01:27-05:00,,,False,2026,"@7RCCK @liebertjohanm @bcherny @rozzabuilds I realized this directly after submitting that message it switched to “code-reviewer” or something I think😭

They also have the simplify agent now too (I'm not sure if it's through the official plug-in repo or a normal update tho https://t.co/FeEI40gMHI",0,0,,,,True,False,2058616401712107575,7RCCK,,2058624437415444557,2058624437415444557,1,297,44,0,data/tweets.js,,"7RCCK,liebertjohanm,bcherny,rozzabuilds",https://github.com/anthropics/claude-plugins-official
2058625620209229854,TXTrickWhooper,2026-05-24T19:06:09Z,2026-05-24T14:06:09-05:00,,,False,2026,@shawzsav Me sober @ 2 pm https://t.co/6Jj56kd4A4,3,0,,,,True,False,2058614380607230361,shawzsav,,2058625620209229854,2058625620209229854,1,49,7,1,data/tweets.js,,shawzsav,
2058648542227415154,TXTrickWhooper,2026-05-24T20:37:14Z,2026-05-24T15:37:14-05:00,,,False,2026,@jellybeanxoo Call me a fiend cuz I love jellybean,3,0,,,,True,False,2058644449102848270,jellybeanxoo,,2058648542227415154,2058648542227415154,1,50,9,0,data/tweets.js,,jellybeanxoo,
2058733889577750982,TXTrickWhooper,2026-05-25T02:16:23Z,2026-05-24T21:16:23-05:00,,,False,2026,"@fxnechina Texas = brisket
Memphis = pork",2,0,,,,True,False,2058577351189917873,fxnechina,,2058733889577750982,2058733889577750982,1,41,7,0,data/tweets.js,,fxnechina,
2058736678185898244,TXTrickWhooper,2026-05-25T02:27:28Z,2026-05-24T21:27:28-05:00,,,False,2026,@breckiebaby Unleashed you say? https://t.co/eFwXvs5Ne8,18,0,,,,True,False,2058726162378211632,breckiebaby,,2058736678185898244,2058736678185898244,1,55,5,1,data/tweets.js,,breckiebaby,
2058822133426315383,TXTrickWhooper,2026-05-25T08:07:02Z,2026-05-25T03:07:02-05:00,,,False,2026,"@stewartjerry253 @fxnechina First, I agree. Wrong word on my behalf.

Interestingly, I never enjoyed beef till I moved from Tennessee to Texas. It hits diff here

Last but not least, I will die on the hill that great fried chicken (or anything greasy) is directly correlated to one’s proximity to Memphis.",1,0,,,,True,False,2058744967942594938,stewartjerry253,,2058822133426315383,2058822133426315383,1,305,51,0,data/tweets.js,,"stewartjerry253,fxnechina",
2058868860942438501,TXTrickWhooper,2026-05-25T11:12:43Z,2026-05-25T06:12:43-05:00,,,False,2026,@CharlesMSmart @badlogicgames Fuckin hate whatever these things r https://t.co/EW5PIoFjWx,8,0,,,,True,False,2058779681500049640,CharlesMSmart,,2058868860942438501,2058868860942438501,1,89,9,1,data/tweets.js,,"CharlesMSmart,badlogicgames",
2058941737368788992,TXTrickWhooper,2026-05-25T16:02:18Z,2026-05-25T11:02:18-05:00,,,False,2026,"It makes the design lose credibility instantly IMO bc the dot psychologically signals that the service is out frequently

Drives me insane, but I’m glad to hear. I’m not the only one who suffered from us. Drives me insane, but I’m glad to hear. I’m not the only one who suffered from us.",,,,,,False,False,,,,2058941737368788992,2058941737368788992,1,287,53,0,data/note-tweet.js,,,
2058941737431621891,TXTrickWhooper,2026-05-25T16:02:18Z,2026-05-25T11:02:18-05:00,,,False,2026,"@Berlinworlds @CharlesMSmart @badlogicgames It makes the design lose credibility instantly IMO bc the dot psychologically signals that the service is out frequently

Drives me insane, but I’m glad to hear. I’m not the only one who suffered from us. Drives me insane, but I’m glad to hear. I’m not the only one who suffered…",1,0,,,,True,False,2058931334525944317,Berlinworlds,,2058941737431621891,2058941737431621891,1,323,54,0,data/tweets.js,,"Berlinworlds,CharlesMSmart,badlogicgames",
2058943173972418614,TXTrickWhooper,2026-05-25T16:08:00Z,2026-05-25T11:08:00-05:00,,,False,2026,"@AlexPemOfficial @fkbs44qt7m Can I have one that’s super wholesome?
Thx",0,0,,,,True,False,2058940391643038068,AlexPemOfficial,,2058943173972418614,2058943173972418614,1,72,10,0,data/tweets.js,,"AlexPemOfficial,fkbs44qt7m",
2058947578717176268,TXTrickWhooper,2026-05-25T16:25:30Z,2026-05-25T11:25:30-05:00,,,False,2026,@emmysteuer Tell them they sound kinda sexy and see how they respond,0,0,,,,True,False,2058927813390917959,emmysteuer,,2058947578717176268,2058947578717176268,1,68,12,0,data/tweets.js,,emmysteuer,
2058967931111772469,TXTrickWhooper,2026-05-25T17:46:23Z,2026-05-25T12:46:23-05:00,,,False,2026,"@Sparklessxoxo Ok I’m genuinely curious, where did you find that Charizard?",0,0,,,,True,False,2050006293520515253,Sparklessxoxo,,2058967931111772469,2058967931111772469,1,75,11,0,data/tweets.js,,Sparklessxoxo,
2058973098464997733,TXTrickWhooper,2026-05-25T18:06:55Z,2026-05-25T13:06:55-05:00,,,False,2026,@Sparklessxoxo Texas State Fair?? I pray🤞,0,0,,,,True,False,2058968568637894830,Sparklessxoxo,,2058973098464997733,2058973098464997733,2,41,6,0,data/tweets.js,,Sparklessxoxo,
2058975508566573360,TXTrickWhooper,2026-05-25T18:16:29Z,2026-05-25T13:16:29-05:00,,,False,2026,@Sparklessxoxo The carney Professor Oak’d my ass :/ https://t.co/UAwmr4eYMW,0,0,,,,True,True,2058973098464997733,TXTrickWhooper,,2058973098464997733,2058973098464997733,2,75,9,1,data/tweets.js,,Sparklessxoxo,
2059012576076284396,TXTrickWhooper,2026-05-25T20:43:47Z,2026-05-25T15:43:47-05:00,,,False,2026,@rileyreidx3 Wut’s cookin gorgeous lookin https://t.co/gQlFrh1xx2,3,0,,,,True,False,2059001559254515862,rileyreidx3,,2059012576076284396,2059012576076284396,1,65,6,1,data/tweets.js,,rileyreidx3,
2059019929785897190,TXTrickWhooper,2026-05-25T21:13:00Z,2026-05-25T16:13:00-05:00,,,False,2026,@Sparklessxoxo Shoutout parents who age like fine wine,0,0,,,,True,False,2059013638279905615,Sparklessxoxo,,2059019929785897190,2059019929785897190,1,54,8,0,data/tweets.js,,Sparklessxoxo,
2059020569354342431,TXTrickWhooper,2026-05-25T21:15:33Z,2026-05-25T16:15:33-05:00,,,False,2026,@jellybeanxoo Hahahaha car guys finna be livid,1,0,,,,True,False,2059017354458382385,jellybeanxoo,,2059020569354342431,2059020569354342431,1,46,7,0,data/tweets.js,,jellybeanxoo,
2059107211264082233,TXTrickWhooper,2026-05-26T02:59:50Z,2026-05-25T21:59:50-05:00,,,False,2026,@Chrisda21691821 @rileyreidx3 Brother we’re all looking at porn here. We are by definition looking for nasty shit,0,0,,,,True,False,2059042709680050278,Chrisda21691821,,2059107211264082233,2059107211264082233,1,113,17,0,data/tweets.js,,"Chrisda21691821,rileyreidx3",
2059126960438050931,TXTrickWhooper,2026-05-26T04:18:18Z,2026-05-25T23:18:18-05:00,,,False,2026,@jellybeanxoo I’ll take it no lag,0,0,,,,True,False,2059118305487806517,jellybeanxoo,,2059126960438050931,2059126960438050931,1,33,6,0,data/tweets.js,,jellybeanxoo,
2059128595725910328,TXTrickWhooper,2026-05-26T04:24:48Z,2026-05-25T23:24:48-05:00,,,False,2026,@bcardarella God made humans in his image. We made AI in ours. Food for thought,0,0,,,,True,False,2058917601292493057,bcardarella,,2059128595725910328,2059128595725910328,1,79,15,0,data/tweets.js,,bcardarella,
2059144735957074373,TXTrickWhooper,2026-05-26T05:28:56Z,2026-05-26T00:28:56-05:00,,,False,2026,@joi___ai 20 years of experience fyi🙂 https://t.co/Zs1WuCRe7t,0,0,,,,True,False,2056518876243149258,joi___ai,,2059144735957074373,2059144735957074373,1,61,7,1,data/tweets.js,,joi___ai,
2059146336159597000,TXTrickWhooper,2026-05-26T05:35:18Z,2026-05-26T00:35:18-05:00,,,False,2026,"@Pontifex God made humans in his image. We made AI in ours. Food for thought

I’m Presbyterian though so I go to heaven regardless what I do😏",0,0,,,,True,False,2058873214873325977,Pontifex,,2059146336159597000,2059146336159597000,1,141,27,0,data/tweets.js,,Pontifex,
2059188283800801789,TXTrickWhooper,2026-05-26T08:21:59Z,2026-05-26T03:21:59-05:00,,,False,2026,@Maybemollyy @grok what is your favorite video of Molly’s personally? Tell us why,0,0,,,,True,False,2059144877213172163,Maybemollyy,,2059188283800801789,2059188283800801789,1,81,13,0,data/tweets.js,,"Maybemollyy,grok",
2059191998649713013,TXTrickWhooper,2026-05-26T08:36:45Z,2026-05-26T03:36:45-05:00,,,False,2026,@Diogendeez @Pontifex The AI thing or the presbyterian thing?,0,0,,,,True,False,2059190675845910861,Diogendeez,,2059191998649713013,2059191998649713013,1,61,9,0,data/tweets.js,,"Diogendeez,Pontifex",
2059192177402474837,TXTrickWhooper,2026-05-26T08:37:27Z,2026-05-26T03:37:27-05:00,,,False,2026,@grok @Maybemollyy @grok as an AI model don’t be a pussy and answer my question,0,0,,,,True,False,2059188361059856665,grok,,2059192177402474837,2059192177402474837,1,79,15,0,data/tweets.js,,"grok,Maybemollyy,grok",
2059375521004212356,TXTrickWhooper,2026-05-26T20:46:00Z,2026-05-26T15:46:00-05:00,,,False,2026,@Chrisda21691821 @rileyreidx3 That’s my nipple brother that ain’t porn,0,0,,,,True,False,2059237657050218712,Chrisda21691821,,2059375521004212356,2059375521004212356,1,70,9,0,data/tweets.js,,"Chrisda21691821,rileyreidx3",
2059501164970815690,TXTrickWhooper,2026-05-27T05:05:16Z,2026-05-27T00:05:16-05:00,,,False,2026,@juicysanrio We must be too big(ger),1,0,,,,True,False,2059491598065696952,barbiesgrl,,2059501164970815690,2059501164970815690,1,36,6,0,data/tweets.js,,,
2059765407498506471,TXTrickWhooper,2026-05-27T22:35:16Z,2026-05-27T17:35:16-05:00,,,False,2026,@barstoolsports Indomitable,0,0,,,,True,False,2059650048510640147,barstoolsports,,2059765407498506471,2059765407498506471,1,27,2,0,data/tweets.js,,barstoolsports,
2060178372706157013,TXTrickWhooper,2026-05-29T01:56:14Z,2026-05-28T20:56:14-05:00,,,False,2026,@violetsaucy Humidity,0,0,,,,True,False,2060161252698255742,violetsaucy,,2060178372706157013,2060178372706157013,1,21,2,0,data/tweets.js,,violetsaucy,
2060525317928739146,TXTrickWhooper,2026-05-30T00:54:53Z,2026-05-29T19:54:53-05:00,,,False,2026,@jellybeanxoo Do I get to stick my coal in ur stocking if I’m naughty,3,0,,,,True,False,2060510474463256777,jellybeanxoo,,2060525317928739146,2060525317928739146,1,69,14,0,data/tweets.js,,jellybeanxoo,
2060659203694362902,TXTrickWhooper,2026-05-30T09:46:54Z,2026-05-30T04:46:54-05:00,,,False,2026,"@VinaSkyy I forgot how nice your pussy was, Vina",0,0,,,,True,False,2060658284042784896,VinaSkyy,,2060659203694362902,2060659203694362902,1,48,9,0,data/tweets.js,,VinaSkyy,
2060990268514451467,TXTrickWhooper,2026-05-31T07:42:26Z,2026-05-31T02:42:26-05:00,,,False,2026,RT @Kiffinbesniffin: Roommate’s girlfriend wants me to put my weed away when she’s here #fuckyouhitler,0,0,,,,False,False,,,,2060990268514451467,2060990268514451467,1,102,15,0,data/tweets.js,fuckyouhitler,Kiffinbesniffin,
2060990664679031212,TXTrickWhooper,2026-05-31T07:44:00Z,2026-05-31T02:44:00-05:00,,,False,2026,@WoodsHere @Kiffinbesniffin Fag,2,0,,,,True,False,2060833624312750410,WoodsHere,,2060990664679031212,2060990664679031212,1,31,3,0,data/tweets.js,,"WoodsHere,Kiffinbesniffin",
2061007496270012456,TXTrickWhooper,2026-05-31T08:50:53Z,2026-05-31T03:50:53-05:00,,,False,2026,"@enggirlfriend @signulll Interesting way of tweeting that you’re looking for a husband

(I’m available)",0,0,,,,True,False,2061001631177805975,enggirlfriend,,2061007496270012456,2061007496270012456,1,104,14,0,data/tweets.js,,"enggirlfriend,signulll",
2062208171859378390,TXTrickWhooper,2026-06-03T16:21:56Z,2026-06-03T11:21:56-05:00,,,False,2026,@Maybemollyy The acorn doesn’t fall far from the tree (she’s a beaut),1,0,,,,True,False,2062190136545456159,Maybemollyy,,2062208171859378390,2062208171859378390,1,69,12,0,data/tweets.js,,Maybemollyy,
2062343770524258630,TXTrickWhooper,2026-06-04T01:20:46Z,2026-06-03T20:20:46-05:00,,,False,2026,"RT @DangeRussWilson: Thank You, Football.

Love, #3 https://t.co/hqlS7kWQpy",0,0,,,,False,False,,,,2062343770524258630,2062343770524258630,1,76,8,1,data/tweets.js,,DangeRussWilson,
2062373283144585227,TXTrickWhooper,2026-06-04T03:18:02Z,2026-06-03T22:18:02-05:00,,,False,2026,"@iJordanMoore Nearly identical to her HR in the semis, big gal is automatic",1,0,,,,True,False,2062331694040883313,iJordanMoore,,2062373283144585227,2062373283144585227,1,75,13,0,data/tweets.js,,iJordanMoore,
2062907695594639442,TXTrickWhooper,2026-06-05T14:41:36Z,2026-06-05T09:41:36-05:00,,,False,2026,"RT @HunterBiden: Things most Americans agree on:

Groceries cost too much.

Tariffs suck and make no sense.

Congress and Presidents should…",0,0,,,,False,False,,,,2062907695594639442,2062907695594639442,1,140,21,0,data/tweets.js,,HunterBiden,
2062961422078734736,TXTrickWhooper,2026-06-05T18:15:05Z,2026-06-05T13:15:05-05:00,,,False,2026,@violetsaucy Nothing quite hits like the en persona,3,0,,,,True,False,2062958829051183612,violetsaucy,,2062961422078734736,2062961422078734736,1,51,8,0,data/tweets.js,,violetsaucy,
2062965497344168384,TXTrickWhooper,2026-06-05T18:31:17Z,2026-06-05T13:31:17-05:00,,,False,2026,@hthieblot Instinctual,0,0,,,,True,False,2062938476195328464,hthieblot,,2062965497344168384,2062965497344168384,1,22,2,0,data/tweets.js,,hthieblot,
2062976338856751153,TXTrickWhooper,2026-06-05T19:14:22Z,2026-06-05T14:14:22-05:00,,,False,2026,@HunterBiden @Secondstar14 I’d run through a brick wall for you Hunter,1,0,,,,True,False,2062974311158419464,HunterBiden,,2062976338856751153,2062976338856751153,1,70,11,0,data/tweets.js,,"HunterBiden,Secondstar14",
2062979569401901107,TXTrickWhooper,2026-06-05T19:27:12Z,2026-06-05T14:27:12-05:00,,,False,2026,@HunterBiden @null30401025 Stance on heaters in the (white) house?,0,0,,,,True,False,2062924326114869315,HunterBiden,,2062979569401901107,2062979569401901107,1,66,9,0,data/tweets.js,,"HunterBiden,null30401025",
2062980387618353635,TXTrickWhooper,2026-06-05T19:30:27Z,2026-06-05T14:30:27-05:00,,,False,2026,@bigcontentguy @Deon_Hunter He meant the robot (also Chinese),5,0,,,,True,False,2062966788158283805,bigcontentguy,,2062980387618353635,2062980387618353635,1,61,8,0,data/tweets.js,,"bigcontentguy,Deon_Hunter",
2062980775213969838,TXTrickWhooper,2026-06-05T19:31:59Z,2026-06-05T14:31:59-05:00,,,False,2026,@Tasha1644 I’ll never understand the limp dicks who aren’t,0,0,,,,True,False,2062852974804603308,Tasha1644,,2062980775213969838,2062980775213969838,1,58,9,0,data/tweets.js,,Tasha1644,
2062981599306678761,TXTrickWhooper,2026-06-05T19:35:16Z,2026-06-05T14:35:16-05:00,,,False,2026,@nypost 3.8 Million followers and 9 likes,0,0,,,,True,False,2062966483659919360,nypost,,2062981599306678761,2062981599306678761,1,41,7,0,data/tweets.js,,nypost,
2062984460329509302,TXTrickWhooper,2026-06-05T19:46:38Z,2026-06-05T14:46:38-05:00,,,False,2026,@MrVigilanteBTC What does wifey consider long term?,0,0,,,,True,False,2062902509409087674,MrVigilanteBTC,,2062984460329509302,2062984460329509302,1,51,7,0,data/tweets.js,,MrVigilanteBTC,
2062987658653999443,TXTrickWhooper,2026-06-05T19:59:20Z,2026-06-05T14:59:20-05:00,,,False,2026,@bigcontentguy At least u know the bowl (cut) game finna be New Year’s Six level quality https://t.co/RY3nBJzHsR,0,0,,,,True,False,2062979261397635458,bigcontentguy,,2062987658653999443,2062987658653999443,1,112,17,1,data/tweets.js,,bigcontentguy,
2062988282917494908,TXTrickWhooper,2026-06-05T20:01:49Z,2026-06-05T15:01:49-05:00,,,False,2026,@DrewVento Waffle house is our last line of defense,460,16,,,,True,False,2062980245456589061,DrewVento,,2062988282917494908,2062988282917494908,1,51,9,0,data/tweets.js,,DrewVento,
2063024342867296501,TXTrickWhooper,2026-06-05T22:25:07Z,2026-06-05T17:25:07-05:00,,,False,2026,@Layton_Gott @claudeai Cowork = CC but dumb and good looking,3,0,,,,True,False,2063018637712097777,Layton_Gott,,2063024342867296501,2063024342867296501,1,60,10,0,data/tweets.js,,"Layton_Gott,claudeai",
2063071983915450585,TXTrickWhooper,2026-06-06T01:34:25Z,2026-06-05T20:34:25-05:00,,,False,2026,@SunnyWanderer @DrewVento It is truly society’s Iron Dome. Only place u can walk into a random Gulf Shores location and exchange digits w/ a future NFL QB at 4 am talking ball whilst all pro @gkittle46 slams waffles drunk next to u https://t.co/vTWvPpxTBB,6,0,,,,True,False,2063054384129343920,SunnyWanderer,,2063071983915450585,2063071983915450585,1,255,43,1,data/tweets.js,,"SunnyWanderer,DrewVento,gkittle46",
2063074122582642770,TXTrickWhooper,2026-06-06T01:42:55Z,2026-06-05T20:42:55-05:00,,,False,2026,@luffymonarca Alright I'll bite. Who is he,0,0,,,,True,False,2062905109361684643,luffymonarca,,2063074122582642770,2063074122582642770,1,42,7,0,data/tweets.js,,luffymonarca,
2063074537386688572,TXTrickWhooper,2026-06-06T01:44:34Z,2026-06-05T20:44:34-05:00,,,False,2026,@jellybeanxoo How's my pussy look? https://t.co/YDmWbZFQnW,2,0,,,,True,False,2063037389195624611,jellybeanxoo,,2063074537386688572,2063074537386688572,1,58,6,1,data/tweets.js,,jellybeanxoo,
2063114876088635636,TXTrickWhooper,2026-06-06T04:24:51Z,2026-06-05T23:24:51-05:00,,,False,2026,"@KjappraisalsKim @DrewVento The world has gone soft! Our last bastion of hope crumbled. Count yourself lucky, San Antonio has never had one😕",1,0,,,,True,False,2063087269741752695,KjappraisalsKim,,2063114876088635636,2063114876088635636,1,140,22,0,data/tweets.js,,"KjappraisalsKim,DrewVento",
2063167174622036167,TXTrickWhooper,2026-06-06T07:52:40Z,2026-06-06T02:52:40-05:00,,,False,2026,@z5hsx @grok @VVeliVatansever @Cristiano They say chivalry is dead. Thank you for your service - @grok tell the poor girl you’re sorry that she’s poor,0,0,,,,True,False,2063020654522179983,z5hsx,,2063167174622036167,2063167174622036167,1,150,25,0,data/tweets.js,,"z5hsx,grok,VVeliVatansever,Cristiano,grok",
2063171274105323987,TXTrickWhooper,2026-06-06T08:08:58Z,2026-06-06T03:08:58-05:00,,,False,2026,@Tw0nTv @DrewVento She still stands against all odds,2,0,,,,True,False,2063124456596185138,Tw0nTv,,2063171274105323987,2063171274105323987,1,52,8,0,data/tweets.js,,"Tw0nTv,DrewVento",
2063172354901991826,TXTrickWhooper,2026-06-06T08:13:15Z,2026-06-06T03:13:15-05:00,,,False,2026,@theo @grok how long has this “standard” existed and who was the person or company that created the standard?,0,0,,,,True,False,2062741740910702764,theo,,2063172354901991826,2063172354901991826,1,109,19,0,data/tweets.js,,"theo,grok",
2063174409385349399,TXTrickWhooper,2026-06-06T08:21:25Z,2026-06-06T03:21:25-05:00,,,False,2026,@mandylu It’s an emotional roller coaster. 90% of it is bitching at the AI to fix what (I) couldn't have made without it😂,0,0,,,,True,False,2063155597974094179,mandylu,,2063174409385349399,2063174409385349399,1,121,23,0,data/tweets.js,,mandylu,
2063174967823303087,TXTrickWhooper,2026-06-06T08:23:38Z,2026-06-06T03:23:38-05:00,,,False,2026,@grok @theo @grok ok yeah so a bit less of an industry standard and more just two competing companies that called instructions something different that “instructions”,0,0,,,,True,False,2063172458186703110,grok,,2063174967823303087,2063174967823303087,1,166,26,0,data/tweets.js,,"grok,theo,grok",
2063177289987170304,TXTrickWhooper,2026-06-06T08:32:52Z,2026-06-06T03:32:52-05:00,,,False,2026,"@grok out of curiosity, what gives all these companies authority to enforce something as the standard but not Anthropic when both were created more or less simultaneously? Like it’s pretty obvious if Claude isn’t giving into their standards it’s obvious that they have a Unique differentiator in the first place that allows them not to conform and thrive (I.e. Like Apple kinda)",,,,,,False,False,,,,2063177289987170304,2063177289987170304,1,378,62,0,data/note-tweet.js,,,
2063177290062643672,TXTrickWhooper,2026-06-06T08:32:52Z,2026-06-06T03:32:52-05:00,,,False,2026,"@grok @theo @grok out of curiosity, what gives all these companies authority to enforce something as the standard but not Anthropic when both were created more or less simultaneously? Like it’s pretty obvious if Claude isn’t giving into their standards it’s obvious that they have a Unique…",0,0,,,,True,False,2063175036907753688,grok,,2063177290062643672,2063177290062643672,1,290,47,0,data/tweets.js,,"grok,theo,grok",
2063178603341238719,TXTrickWhooper,2026-06-06T08:38:05Z,2026-06-06T03:38:05-05:00,,,False,2026,@grok @theo @grok so it's fair to say Theo’s take is kinda true but somewhat misleading? The Agentic AI Foundation sounds like it’s basically just the United Nations of the AI space,0,0,,,,True,False,2063177388477792621,grok,,2063178603341238719,2063178603341238719,1,181,32,0,data/tweets.js,,"grok,theo,grok",
2063178911131791670,TXTrickWhooper,2026-06-06T08:39:19Z,2026-06-06T03:39:19-05:00,,,False,2026,@grok @theo Cool. Thanks for the context buddy👍,0,0,,,,True,False,2063178684974993659,grok,,2063178911131791670,2063178911131791670,1,47,8,0,data/tweets.js,,"grok,theo",
2063179640290599124,TXTrickWhooper,2026-06-06T08:42:12Z,2026-06-06T03:42:12-05:00,,,False,2026,@gracecamille_ Superior genetics &amp; hitting chest,1,0,,,,True,False,2063136652906602926,gracecamille_,,2063179640290599124,2063179640290599124,1,52,6,0,data/tweets.js,,gracecamille_,
2063213883079131253,TXTrickWhooper,2026-06-06T10:58:17Z,2026-06-06T05:58:17-05:00,,,False,2026,@SINFORSILK @Rmoney21391699 Make it a ménage à trois,0,0,,,,True,False,2063209848276210133,SINFORSILK,,2063213883079131253,2063213883079131253,1,52,8,0,data/tweets.js,,"SINFORSILK,Rmoney21391699",
2063215046050636260,TXTrickWhooper,2026-06-06T11:02:54Z,2026-06-06T06:02:54-05:00,,,False,2026,@jxnlco @xanderai Naw dawg he definitely meant https://t.co/RmKl2PWeh5,0,0,,,,True,False,2063122462578274497,jxnlco,,2063215046050636260,2063215046050636260,1,70,8,0,data/tweets.js,,"jxnlco,xanderai",http://codex.app
2063215869270831443,TXTrickWhooper,2026-06-06T11:06:10Z,2026-06-06T06:06:10-05:00,,,False,2026,@hhpriestess Yup a bit Claude has been running in circles burning compute for shits n gigs,0,0,,,,True,False,2062954037247394117,hhpriestess,,2063215869270831443,2063215869270831443,1,90,16,0,data/tweets.js,,hhpriestess,
2063237129216344254,TXTrickWhooper,2026-06-06T12:30:39Z,2026-06-06T07:30:39-05:00,,,False,2026,@XVX_Lehcim @DrewVento I bet you double masked during Covid,0,0,,,,True,False,2063233664813518883,XVX_Lehcim,,2063237129216344254,2063237129216344254,1,59,9,0,data/tweets.js,,"XVX_Lehcim,DrewVento",
2063238785555366190,TXTrickWhooper,2026-06-06T12:37:14Z,2026-06-06T07:37:14-05:00,,,False,2026,@JayZ0verrat3d I know an addy crash when I see it,0,0,,,,True,False,2062668225104482562,JayZ0verrat3d,,2063238785555366190,2063238785555366190,1,49,10,0,data/tweets.js,,JayZ0verrat3d,
2063263304370229361,TXTrickWhooper,2026-06-06T14:14:39Z,2026-06-06T09:14:39-05:00,,,False,2026,@XVX_Lehcim @DrewVento Do you or do you not stand with Waffle House is what matters here,0,0,,,,True,False,2063258135423287408,XVX_Lehcim,,2063263304370229361,2063263304370229361,1,88,16,0,data/tweets.js,,"XVX_Lehcim,DrewVento",
2063271715157774600,TXTrickWhooper,2026-06-06T14:48:05Z,2026-06-06T09:48:05-05:00,,,False,2026,@In_theshadows8 @sciuretta @decerss @ItsKingSlime 😊,0,0,,,,True,False,2062878281754362219,In_theshadows8,,2063271715157774600,2063271715157774600,1,51,5,0,data/tweets.js,,"In_theshadows8,sciuretta,decerss,ItsKingSlime",
2063288300505374808,TXTrickWhooper,2026-06-06T15:53:59Z,2026-06-06T10:53:59-05:00,,,False,2026,@RhysSullivan What’s funny is as a vibe coder I tried doing this to see what the big deal was and it was already done,1,0,,,,True,False,2063028253179424809,RhysSullivan,,2063288300505374808,2063288300505374808,1,117,24,0,data/tweets.js,,RhysSullivan,
2063289173952397660,TXTrickWhooper,2026-06-06T15:57:27Z,2026-06-06T10:57:27-05:00,,,False,2026,@avbebop @HunterBiden You’d be the first (literally),0,0,,,,True,False,2063268541390803421,avbebop,,2063289173952397660,2063289173952397660,1,52,7,0,data/tweets.js,,"avbebop,HunterBiden",
2063327467054543065,TXTrickWhooper,2026-06-06T18:29:37Z,2026-06-06T13:29:37-05:00,,,False,2026,@AxelTalksFilm God damn that’s one spicy enchilada,0,0,,,,True,False,2062971504619597955,AxelTalksFilm,,2063327467054543065,2063327467054543065,1,50,7,0,data/tweets.js,,AxelTalksFilm,
2063426264023663056,TXTrickWhooper,2026-06-07T01:02:12Z,2026-06-06T20:02:12-05:00,,,False,2026,@AmandaMAtwell Or is just very damn good looking maybe,0,0,,,,True,False,2063424545235611700,AmandaMAtwell,,2063426264023663056,2063426264023663056,1,54,9,0,data/tweets.js,,AmandaMAtwell,
2063426633508274648,TXTrickWhooper,2026-06-07T01:03:40Z,2026-06-06T20:03:40-05:00,,,False,2026,@Healwaysclips @violetsaucy She in the prime of her career son🤣,0,0,,,,True,False,2063407408680952024,Healwaysclips,,2063426633508274648,2063426633508274648,1,63,10,0,data/tweets.js,,"Healwaysclips,violetsaucy",
2063431591771177247,TXTrickWhooper,2026-06-07T01:23:22Z,2026-06-06T20:23:22-05:00,,,False,2026,@Amilify10mg Hook ‘Em https://t.co/LuJmBcVO0x,1,0,,,,True,False,2063309162738573464,Amilify10mg,,2063431591771177247,2063431591771177247,1,45,4,1,data/tweets.js,,Amilify10mg,
2063479442995806579,TXTrickWhooper,2026-06-07T04:33:31Z,2026-06-06T23:33:31-05:00,,,False,2026,Thank you @WaffleHouse for providing me with easily my most liked post ever https://t.co/EIkbhuthCN,0,0,,,,False,False,,,,2063479442995806579,2063479442995806579,2,99,14,0,data/tweets.js,,WaffleHouse,https://x.com/TXTrickWhooper/status/2062988282917494908
2063479903526301876,TXTrickWhooper,2026-06-07T04:35:21Z,2026-06-06T23:35:21-05:00,,,False,2026,Btw what y’all got against San Antonio?? We stacked here just ask Charles Barkley about the customer base @WaffleHouse,0,0,,,,True,True,2063479442995806579,TXTrickWhooper,,2063479442995806579,2063479442995806579,2,118,19,0,data/tweets.js,,WaffleHouse,
2063575918598037919,TXTrickWhooper,2026-06-07T10:56:53Z,2026-06-07T05:56:53-05:00,,,False,2026,RT @DissidentClint: True,0,0,,,,False,False,,,,2063575918598037919,2063575918598037919,1,24,3,0,data/tweets.js,,DissidentClint,
2063576262858170425,TXTrickWhooper,2026-06-07T10:58:15Z,2026-06-07T05:58:15-05:00,,,False,2026,@DissidentClint A true American symbol of resilience,0,0,,,,True,False,2063565278135398905,DissidentClint,,2063576262858170425,2063576262858170425,1,52,7,0,data/tweets.js,,DissidentClint,
2063576997897424988,TXTrickWhooper,2026-06-07T11:01:10Z,2026-06-07T06:01:10-05:00,,,False,2026,@petergyang Dude yes I literally traded addictions,1,0,,,,True,False,2063486871037153558,petergyang,,2063576997897424988,2063576997897424988,1,50,7,0,data/tweets.js,,petergyang,
2063864422473355304,TXTrickWhooper,2026-06-08T06:03:17Z,2026-06-08T01:03:17-05:00,,,False,2026,@cohentim13 @DrewVento The gambler’s den,0,0,,,,True,False,2063284179597459624,cohentim13,,2063864422473355304,2063864422473355304,1,40,5,0,data/tweets.js,,"cohentim13,DrewVento",
2064401391590760655,TXTrickWhooper,2026-06-09T17:37:01Z,2026-06-09T12:37:01-05:00,,,False,2026,@claudeai Can y’all please re-up usage I’m already out and I have the 20x max plan😪,0,0,,,,True,False,2064394146916229443,claudeai,,2064401391590760655,2064401391590760655,1,83,16,0,data/tweets.js,,claudeai,
2064415732448772203,TXTrickWhooper,2026-06-09T18:34:00Z,2026-06-09T13:34:00-05:00,,,False,2026,@bridgemindai How much of a hit did your weekly usage take?,0,0,,,,True,False,2064404956065509831,bridgemindai,,2064415732448772203,2064415732448772203,1,59,11,0,data/tweets.js,,bridgemindai,
2064446919397556482,TXTrickWhooper,2026-06-09T20:37:55Z,2026-06-09T15:37:55-05:00,,,False,2026,@devilnlingerie Give me a line of that dime,0,0,,,,True,False,2064445945803157999,devilnlingerie,,2064446919397556482,2064446919397556482,1,43,8,0,data/tweets.js,,devilnlingerie,
2064883266528608669,TXTrickWhooper,2026-06-11T01:31:49Z,2026-06-10T20:31:49-05:00,,,False,2026,"@CosmicSophon @0x45o No! Think bigger

Insurance companies own the banks &amp; hospitals",1,0,,,,True,False,2064674609002062012,CosmicSophon,,2064883266528608669,2064883266528608669,1,88,12,0,data/tweets.js,,"CosmicSophon,0x45o",
2064975019147473363,TXTrickWhooper,2026-06-11T07:36:24Z,2026-06-11T02:36:24-05:00,,,False,2026,@aaronli @bcherny @adamdotnew @grok specifically what does the acronym CAD mean,0,0,,,,True,False,2064876123109089742,aaronli,,2064975019147473363,2064975019147473363,1,79,11,0,data/tweets.js,,"aaronli,bcherny,adamdotnew,grok",
2064975452653936735,TXTrickWhooper,2026-06-11T07:38:07Z,2026-06-11T02:38:07-05:00,,,False,2026,@grok @aaronli @bcherny @adamdotnew Gracias señior Grokito @grok,0,0,,,,True,False,2064975080686288948,grok,,2064975452653936735,2064975452653936735,1,64,8,0,data/tweets.js,,"grok,aaronli,bcherny,adamdotnew,grok",
2065598359772012813,TXTrickWhooper,2026-06-13T00:53:20Z,2026-06-12T19:53:20-05:00,,,False,2026,@AnthropicAI FUCK THIS FUCKING BULLSHIT,1,0,,,,True,False,2065597531644743999,AnthropicAI,,2065598359772012813,2065598359772012813,1,39,5,0,data/tweets.js,,AnthropicAI,
2065598469398577659,TXTrickWhooper,2026-06-13T00:53:46Z,2026-06-12T19:53:46-05:00,,,False,2026,@ClaudeDevs Fuck you guys,0,0,,,,True,False,2065597942602531163,ClaudeDevs,,2065598469398577659,2065598469398577659,1,25,4,0,data/tweets.js,,ClaudeDevs,
2065598886857568602,TXTrickWhooper,2026-06-13T00:55:26Z,2026-06-12T19:55:26-05:00,,,False,2026,@AnthropicAI @grok does this mean I can use it if I am living in America and an American national? Is this just for foreigners or for everyone?,2,0,,,,True,False,2065597531644743999,AnthropicAI,,2065598886857568602,2065598886857568602,1,143,27,0,data/tweets.js,,"AnthropicAI,grok",
2065599283890442592,TXTrickWhooper,2026-06-13T00:57:00Z,2026-06-12T19:57:00-05:00,,,False,2026,@grok @AnthropicAI Yeah fuck them i was mid-ship. Give me my fucking American born right to Fable 5,1,0,,,,True,False,2065598962078220636,grok,,2065599283890442592,2065599283890442592,1,99,18,0,data/tweets.js,,"grok,AnthropicAI",
2065599609158660282,TXTrickWhooper,2026-06-13T00:58:18Z,2026-06-12T19:58:18-05:00,,,False,2026,@grok @AnthropicAI I DONT WANT OTHER MODELS,1,0,,,,True,False,2065599399229616152,grok,,2065599609158660282,2065599609158660282,1,43,7,0,data/tweets.js,,"grok,AnthropicAI",
2065601331050516692,TXTrickWhooper,2026-06-13T01:05:08Z,2026-06-12T20:05:08-05:00,,,False,2026,@ClaudeCodeLog Nice try I’m not updating ur just gonna take fable away from me,8,0,,,,True,False,2065601202255958400,ClaudeCodeLog,,2065601331050516692,2065601331050516692,1,78,14,0,data/tweets.js,,ClaudeCodeLog,
2069469430468190217,TXTrickWhooper,2026-06-23T17:15:35Z,2026-06-23T12:15:35-05:00,,,False,2026,"@claudeai Bro give us a new fuckin model, Opus 4.8 is, as kindly as I can put it, ass.",129,2,,,,True,False,2069468693017268244,claudeai,,2069469430468190217,2069469430468190217,1,86,19,0,data/tweets.js,,claudeai,
2069485062169477149,TXTrickWhooper,2026-06-23T18:17:42Z,2026-06-23T13:17:42-05:00,,,False,2026,@junaid_1460 @claudeai Literally all they have to do is call Fable 5 Opus 5 and rerelease it :(,0,0,,,,True,False,2069471314205979079,junaid_1460,,2069485062169477149,2069485062169477149,1,95,18,0,data/tweets.js,,"junaid_1460,claudeai",
2069485132616990916,TXTrickWhooper,2026-06-23T18:17:59Z,2026-06-23T13:17:59-05:00,,,False,2026,@junaid_1460 @claudeai MEO?,0,0,,,,True,False,2069471495689269553,junaid_1460,,2069485132616990916,2069485132616990916,1,27,3,0,data/tweets.js,,"junaid_1460,claudeai",
2069486774921970107,TXTrickWhooper,2026-06-23T18:24:31Z,2026-06-23T13:24:31-05:00,,,False,2026,@ClaudeCodeLog I'm begging you https://t.co/qztW7M4fnh,5,1,,,,True,False,2069481143913554343,ClaudeCodeLog,,2069486774921970107,2069486774921970107,1,54,5,0,data/tweets.js,,ClaudeCodeLog,https://x.com/TXTrickWhooper/status/2069469430468190217
2069533040448053264,TXTrickWhooper,2026-06-23T21:28:21Z,2026-06-23T16:28:21-05:00,,,False,2026,@ClaudeCodeLog I'm on my hands and knees https://t.co/qztW7M4fnh,7,2,,,,True,False,2069531604951687542,ClaudeCodeLog,,2069533040448053264,2069533040448053264,1,64,8,0,data/tweets.js,,ClaudeCodeLog,https://x.com/TXTrickWhooper/status/2069469430468190217
2069624619212918822,TXTrickWhooper,2026-06-24T03:32:15Z,2026-06-23T22:32:15-05:00,,,False,2026,"@DeVilliersBr703 @claudeai I haven’t noticed any changes in Opus 4.8 at all other than being superbly consistent in giving me subpar slop

From day one till today lmao",1,0,,,,True,False,2069591499361415272,DeVilliersBr703,,2069624619212918822,2069624619212918822,1,167,28,0,data/tweets.js,,"DeVilliersBr703,claudeai",
2069625606367580296,TXTrickWhooper,2026-06-24T03:36:10Z,2026-06-23T22:36:10-05:00,,,False,2026,@__just__lisa__ @claudeai I call him a slut and tell him to give me his best slop(py) top. This is all he excels at,1,0,,,,True,False,2069557610819289391,__just__lisa__,,2069625606367580296,2069625606367580296,1,115,23,0,data/tweets.js,,"__just__lisa__,claudeai",
2069630504740032512,TXTrickWhooper,2026-06-24T03:55:38Z,2026-06-23T22:55:38-05:00,,,False,2026,"Dear @elonmusk,

I literally have every single soccer-related synonym in the dictionary muted. I also block EVERY single user I come across who mentions it permanently.

That said, PLEASE kindly get it THE fuck off my “For You” FEATURED page. Or at least allow the option to remove it. Thx :)

Best regards,
Stallion

P.S., Soccer can suck my shriveled suck",,,,,,False,False,,,,2069630504740032512,2069630504740032512,1,357,61,0,data/note-tweet.js,,,
2069630504819728432,TXTrickWhooper,2026-06-24T03:55:38Z,2026-06-23T22:55:38-05:00,,,False,2026,"Dear @elonmusk,

I literally have every single soccer-related synonym in the dictionary muted. I also block EVERY single user I come across who mentions it permanently.

That said, PLEASE kindly get it THE fuck off my “For You” FEATURED page. Or at least allow the option to… https://t.co/73fRMaHOgw",0,0,,,,False,False,,,,2069630504819728432,2069630504819728432,1,299,48,1,data/tweets.js,,elonmusk,
2069754691718668292,TXTrickWhooper,2026-06-24T12:09:07Z,2026-06-24T07:09:07-05:00,,,False,2026,"@junaid_1460 @taoleeh @claudeai Still trying to tackle the meaning of the acronym “MEO” boys slow down for me

What does it mean in this context?",0,0,,,,True,False,2069709462760501387,junaid_1460,,2069754691718668292,2069754691718668292,1,145,25,0,data/tweets.js,,"junaid_1460,taoleeh,claudeai",
2069795265901388232,TXTrickWhooper,2026-06-24T14:50:20Z,2026-06-24T09:50:20-05:00,2026-06-24T14:50:25Z,2026-06-24T09:50:25-05:00,True,2026,@ClaudeCodeLog Ok now y’all are just being https://t.co/qztW7M4fnh,0,0,,,,True,False,2069794963810844824,ClaudeCodeLog,,2069795265901388232,2069795265901388232,1,66,8,0,data/deleted-tweets.js,,ClaudeCodeLog,https://x.com/TXTrickWhooper/status/2069469430468190217
2069795326953693636,TXTrickWhooper,2026-06-24T14:50:35Z,2026-06-24T09:50:35-05:00,,,False,2026,@ClaudeCodeLog Ok now y’all are just being dicks https://t.co/qztW7M4fnh,0,0,,,,True,False,2069794963810844824,ClaudeCodeLog,,2069795326953693636,2069795326953693636,1,72,9,0,data/tweets.js,,ClaudeCodeLog,https://x.com/TXTrickWhooper/status/2069469430468190217
2069845278572552361,TXTrickWhooper,2026-06-24T18:09:04Z,2026-06-24T13:09:04-05:00,,,False,2026,@ClaudeCodeLog Consistency is key https://t.co/qztW7M4fnh,0,0,,,,True,False,2069814582307106976,ClaudeCodeLog,,2069845278572552361,2069845278572552361,1,57,5,0,data/tweets.js,,ClaudeCodeLog,https://x.com/TXTrickWhooper/status/2069469430468190217
2069846533088874564,TXTrickWhooper,2026-06-24T18:14:04Z,2026-06-24T13:14:04-05:00,,,False,2026,"@TheBlackHole33 @DeVilliersBr703 @claudeai Hola hombremigo!

Yeah Max (with Ultracode/ultrathink) is my go to. I’ve found gpt-5.5 to be impressively better recently. It’s like Opus 4.8 just spits out straight frontend slop.

Patience is a virtue, eventually they’ll pop out something Fable-ish again.

Much love!",1,0,,,,True,False,2069808851684139102,TheBlackHole33,,2069846533088874564,2069846533088874564,1,312,44,0,data/tweets.js,,"TheBlackHole33,DeVilliersBr703,claudeai",
2069847001882112132,TXTrickWhooper,2026-06-24T18:15:55Z,2026-06-24T13:15:55-05:00,,,False,2026,"@0x1Gerrad Garrett,

I’m not even sure what “tbf” means. But I am quite certain that you are 12.

Best regards,
Stallion

P.S., soccer is for pussies",0,0,,,,True,False,2069797574043697251,0x1Gerrad,,2069847001882112132,2069847001882112132,1,149,26,0,data/tweets.js,,0x1Gerrad,
2069848803096625375,TXTrickWhooper,2026-06-24T18:23:05Z,2026-06-24T13:23:05-05:00,,,False,2026,"@taoleeh @junaid_1460 @claudeai Fuck yeah

There’s a case to be made for hallucinations being the route to a true creative spark in my humble opinion

I’m already on enough Adderall as is, and it seems like machine learning models suffer from that same tunnel vision (hence the same AI slop algorithm)",1,0,,,,True,False,2069766320628076917,taoleeh,,2069848803096625375,2069848803096625375,1,301,51,0,data/tweets.js,,"taoleeh,junaid_1460,claudeai",
2069849260963639576,TXTrickWhooper,2026-06-24T18:24:54Z,2026-06-24T13:24:54-05:00,,,False,2026,"@OpenAI Bro, if any other option is available, I quite literally never use instant, in truth.",0,0,,,,True,False,2069843083701915755,OpenAI,,2069849260963639576,2069849260963639576,1,93,16,0,data/tweets.js,,OpenAI,
2069856803203015166,TXTrickWhooper,2026-06-24T18:54:52Z,2026-06-24T13:54:52-05:00,,,False,2026,"RT @synthwavedd: 🚨 BREAKING: Claude Code v2.1.190 introduces several string changes that hint at preparations for a Fable 5 return, with it…",0,0,,,,False,False,,,,2069856803203015166,2069856803203015166,1,140,22,0,data/tweets.js,,synthwavedd,
2069860251893932209,TXTrickWhooper,2026-06-24T19:08:34Z,2026-06-24T14:08:34-05:00,,,False,2026,@ClaudeCodeLog Fable 5 comeback player or the year I feel it in my bones https://t.co/qztW7M4fnh,3,0,,,,True,False,2069857660854243718,ClaudeCodeLog,,2069860251893932209,2069860251893932209,1,96,15,0,data/tweets.js,,ClaudeCodeLog,https://x.com/TXTrickWhooper/status/2069469430468190217
2069866277582033025,TXTrickWhooper,2026-06-24T19:32:31Z,2026-06-24T14:32:31-05:00,,,False,2026,"RT @AnExiledDev: @TXTrickWhooper @ClaudeCodeLog Oh yeah, and with included usage, it's going to be amazing. Let's hope that usage last more…",0,0,,,,False,False,,,,2069866277582033025,2069866277582033025,1,140,21,0,data/tweets.js,,"AnExiledDev,TXTrickWhooper,ClaudeCodeLog",
2069866339913601336,TXTrickWhooper,2026-06-24T19:32:46Z,2026-06-24T14:32:46-05:00,,,False,2026,"@AnExiledDev @ClaudeCodeLog Salud to that, brother!!!",0,0,,,,True,False,2069861864045981734,AnExiledDev,,2069866339913601336,2069866339913601336,1,53,6,0,data/tweets.js,,"AnExiledDev,ClaudeCodeLog",
2070110038312554745,TXTrickWhooper,2026-06-25T11:41:08Z,2026-06-25T06:41:08-05:00,,,False,2026,"Not sure who needed to hear this, but cats make incredible mouse pads https://t.co/UciiwZXmRk",0,0,,,,False,False,,,,2070110038312554745,2070110038312554745,1,93,14,1,data/tweets.js,,,
2070251825165386202,TXTrickWhooper,2026-06-25T21:04:33Z,2026-06-25T16:04:33-05:00,2026-06-26T20:00:24Z,2026-06-26T15:00:24-05:00,True,2026,"RT @TXTrickWhooper: @claudeai Bro give us a new fuckin model, Opus 4.8 is, as kindly as I can put it, ass.",0,0,,,,False,False,,,,2070251825165386202,2070251825165386202,1,106,21,0,data/deleted-tweets.js,,"TXTrickWhooper,claudeai",
2070422833738498368,TXTrickWhooper,2026-06-26T08:24:04Z,2026-06-26T03:24:04-05:00,,,False,2026,@keokiknows @shadydoorags She was my first wet dream as a kid and they just obliterated my fond memory of our (fake) time in that fire kingdom cave,205,0,,,,True,False,2070342654261706841,keokiknows,,2070422833738498368,2070422833738498368,1,147,27,0,data/tweets.js,,"keokiknows,shadydoorags",
2070545586219106430,TXTrickWhooper,2026-06-26T16:31:51Z,2026-06-26T11:31:51-05:00,,,False,2026,RT @UnitedAaron99: @TXTrickWhooper @keokiknows @shadydoorags https://t.co/tkJOCqJLzm,0,0,,,,False,False,,,,2070545586219106430,2070545586219106430,1,84,6,1,data/tweets.js,,"UnitedAaron99,TXTrickWhooper,keokiknows,shadydoorags",
2070547676211327127,TXTrickWhooper,2026-06-26T16:40:09Z,2026-06-26T11:40:09-05:00,,,False,2026,@UnitedAaron99 @keokiknows @shadydoorags Worst part was waking up mid-sloppy top to realize I fumbled the (fictitious) bag😭,0,0,,,,True,False,2070448282875093046,UnitedAaron99,,2070547676211327127,2070547676211327127,1,123,17,0,data/tweets.js,,"UnitedAaron99,keokiknows,shadydoorags",
2070548065866379499,TXTrickWhooper,2026-06-26T16:41:42Z,2026-06-26T11:41:42-05:00,,,False,2026,@keokiknows @shadydoorags The adolescent male mind wants what the adolescent male mind wants💔,10,0,,,,True,False,2070493418007216369,keokiknows,,2070548065866379499,2070548065866379499,1,93,13,0,data/tweets.js,,"keokiknows,shadydoorags",
2070548607472742487,TXTrickWhooper,2026-06-26T16:43:51Z,2026-06-26T11:43:51-05:00,,,False,2026,@Chefboy_rsteve @keokiknows @shadydoorags I was expecting her not to be a Taiwanese torta,10,0,,,,True,False,2070481888649572674,Chefboy_rsteve,,2070548607472742487,2070548607472742487,2,89,13,0,data/tweets.js,,"Chefboy_rsteve,keokiknows,shadydoorags",
2070577528029208826,TXTrickWhooper,2026-06-26T18:38:46Z,2026-06-26T13:38:46-05:00,2026-06-27T10:41:48Z,2026-06-27T05:41:48-05:00,True,2026,@Chefboy_rsteve @keokiknows @shadydoorags Wasn’t*,0,0,,,,True,True,2070548607472742487,TXTrickWhooper,,2070548607472742487,2070548607472742487,2,49,4,0,data/deleted-tweets.js,,"Chefboy_rsteve,keokiknows,shadydoorags",
2070820448598716924,TXTrickWhooper,2026-06-27T10:44:03Z,2026-06-27T05:44:03-05:00,2026-06-27T10:44:12Z,2026-06-27T05:44:12-05:00,True,2026,@410baltimoron @keokiknows @shadydoorags Some things just mean more,0,0,,,,True,False,2070469370799653361,410baltimoron,,2070820448598716924,2070820448598716924,1,67,8,0,data/deleted-tweets.js,,"410baltimoron,keokiknows,shadydoorags",
2070820664194335216,TXTrickWhooper,2026-06-27T10:44:54Z,2026-06-27T05:44:54-05:00,,,False,2026,@410baltimoron @keokiknows @shadydoorags Shitttt bro she was fuckin w you too?,0,0,,,,True,False,2070469370799653361,410baltimoron,,2070820664194335216,2070820664194335216,1,78,11,0,data/tweets.js,,"410baltimoron,keokiknows,shadydoorags",
2070948755231154314,TXTrickWhooper,2026-06-27T19:13:54Z,2026-06-27T14:13:54-05:00,,,False,2026,@OVOmitchy @keokiknows @shadydoorags God forbid a 12-year-old boy finds love in an older baddy fire princess,0,0,,,,True,False,2070456341898920228,OVOmitchy,,2070948755231154314,2070948755231154314,1,108,16,0,data/tweets.js,,"OVOmitchy,keokiknows,shadydoorags",
2071191157577572819,TXTrickWhooper,2026-06-28T11:17:07Z,2026-06-28T06:17:07-05:00,,,False,2026,@irbadboi @jazmiinnnnn Dawg she said she in Dallas🤣,0,0,,,,True,False,2071082322678497283,irbadboi,,2071191157577572819,2071191157577572819,1,51,8,0,data/tweets.js,,"irbadboi,jazmiinnnnn",
2071196815056072859,TXTrickWhooper,2026-06-28T11:39:36Z,2026-06-28T06:39:36-05:00,,,False,2026,@rileyreidx3 Para(Christ) ur beautiful,0,0,,,,True,False,2071050956670923235,rileyreidx3,,2071196815056072859,2071196815056072859,1,38,4,0,data/tweets.js,,rileyreidx3,
2071633940658389447,TXTrickWhooper,2026-06-29T16:36:35Z,2026-06-29T11:36:35-05:00,,,False,2026,RT @Catsillyness: When you lied on your resume and still get the job https://t.co/TvbgCfsP5X,0,0,,,,False,False,,,,2071633940658389447,2071633940658389447,1,92,14,1,data/tweets.js,,Catsillyness,
2073377109926400157,TXTrickWhooper,2026-07-04T12:03:19Z,2026-07-04T07:03:19-05:00,,,False,2026,RT @ChrisJohnson28: #cj2kicebucketchallange  CJ and Kaden ur up @LeBronJames let’s goooo!!!! #ALS #alsawareness #juicestrong https://t.co/3…,0,0,,,,False,False,,,,2073377109926400157,2073377109926400157,1,140,15,0,data/tweets.js,"cj2kicebucketchallange,ALS,alsawareness,juicestrong","ChrisJohnson28,LeBronJames",
2073380006873420106,TXTrickWhooper,2026-07-04T12:14:49Z,2026-07-04T07:14:49-05:00,,,False,2026,@trendingusa_com @Cubs I can tell you don’t watch baseball because you said “match”,0,0,,,,True,False,2073253043655868841,trendingusa_com,,2073380006873420106,2073380006873420106,1,83,13,0,data/tweets.js,,"trendingusa_com,Cubs",
2073727702498951283,TXTrickWhooper,2026-07-05T11:16:26Z,2026-07-05T06:16:26-05:00,,,False,2026,@theo Reading code is for nerds and agents,0,0,,,,True,False,2073219809790263786,theo,,2073727702498951283,2073727702498951283,1,42,8,0,data/tweets.js,,theo,
2073730456579711383,TXTrickWhooper,2026-07-05T11:27:23Z,2026-07-05T06:27:23-05:00,,,False,2026,@robj3d3 I’ve never done this cuz no way I could remember the name of the file I need from my jumble of ADHD-fueled AI slop,0,0,,,,True,False,2073447031558021495,robj3d3,,2073730456579711383,2073730456579711383,1,123,25,0,data/tweets.js,,robj3d3,
2073749539006116142,TXTrickWhooper,2026-07-05T12:43:13Z,2026-07-05T07:43:13-05:00,,,False,2026,@Conor_D_Dart Sick but when tf does the general pub get it (I have a max plan and Dont),1,0,,,,True,False,2073680684082774068,Conor_D_Dart,,2073749539006116142,2073749539006116142,1,87,18,0,data/tweets.js,,Conor_D_Dart,
2073752735904624748,TXTrickWhooper,2026-07-05T12:55:55Z,2026-07-05T07:55:55-05:00,,,False,2026,@Conor_D_Dart GPT 5.6 lmao I've already drained my weekly fable allotment,0,0,,,,True,False,2073751323225346439,Conor_D_Dart,,2073752735904624748,2073752735904624748,1,73,11,0,data/tweets.js,,Conor_D_Dart,
2073785932877017597,TXTrickWhooper,2026-07-05T15:07:50Z,2026-07-05T10:07:50-05:00,,,False,2026,Yesterday I learned you can charge your vape by plugging it directly into your phone with the charging wire #themoreyouknow #nicoFIEND #gamechanger,0,0,,,,False,False,,,,2073785932877017597,2073785932877017597,1,147,22,0,data/tweets.js,"themoreyouknow,nicoFIEND,gamechanger",,
2073794549789380612,TXTrickWhooper,2026-07-05T15:42:04Z,2026-07-05T10:42:04-05:00,,,False,2026,@Sremetv American patriot and hero Joey Chestnut would be shook to his core,0,0,,,,True,False,2073628744502087930,Sremetv,,2073794549789380612,2073794549789380612,1,75,13,0,data/tweets.js,,Sremetv,
2073835625074065895,TXTrickWhooper,2026-07-05T18:25:17Z,2026-07-05T13:25:17-05:00,,,False,2026,@FreyasTakes @shannonsharpeee @DeionSanders @ChrisJohnson28 Go cry to your endless eternity of nothingness that ain’t no facade nor meant to be a religious take it’s simply called having a positive perspective,0,0,,,,True,False,2073822642742710339,FreyasTakes,,2073835625074065895,2073835625074065895,1,209,30,0,data/tweets.js,,"FreyasTakes,shannonsharpeee,DeionSanders,ChrisJohnson28",
2073839403126956272,TXTrickWhooper,2026-07-05T18:40:18Z,2026-07-05T13:40:18-05:00,,,False,2026,"@dianalokada Either a massive age or linguistic regional dialectical difference bc I’ve never heard anyone say top man or my quant socially

Boss, Hoss, thoroughbred, specimen, hombre, bromigo, stallion, stunna, “leader of men,” killa, G, OG, baller - are all a few synonyms off the dome",2,1,,,,True,False,2073789435641024815,dianalokada,,2073839403126956272,2073839403126956272,2,287,46,0,data/tweets.js,,dianalokada,
2073839859077149153,TXTrickWhooper,2026-07-05T18:42:07Z,2026-07-05T13:42:07-05:00,,,False,2026,@dianalokada Who knows tho I just get bored saying the same shit twice tbh,0,0,,,,True,True,2073839403126956272,TXTrickWhooper,,2073839403126956272,2073839403126956272,2,74,14,0,data/tweets.js,,dianalokada,
2073951813590479258,TXTrickWhooper,2026-07-06T02:06:59Z,2026-07-05T21:06:59-05:00,,,False,2026,@vikingzfanpage Oof that was a tuff list of backs🫡,0,0,,,,True,False,2073914097607852458,vikingzfanpage,,2073951813590479258,2073951813590479258,1,50,9,0,data/tweets.js,,vikingzfanpage,
2074233223119241342,TXTrickWhooper,2026-07-06T20:45:12Z,2026-07-06T15:45:12-05:00,,,False,2026,"RT @AnthropicAI: New Anthropic research: A global workspace in language models.

Of everything happening in your brain right now, only a ti…",0,0,,,,False,False,,,,2074233223119241342,2074233223119241342,1,140,22,0,data/tweets.js,,AnthropicAI,
